alpha,seed,client_id,n_k_train,label_counts,n_k_partition,label_counts_partition,cv_basis_used,cv_manifest,is_m2
1.0,42,0,8864,365;170;17;400;1705;2008;553;1950;164;1532,9848,399;193;18;456;1889;2243;620;2145;183;1702,0.2885255652513414,0.2876365296230546,False
1.0,42,1,8337,2299;60;2732;740;268;295;112;432;856;543,9263,2560;68;3046;819;299;326;124;473;963;585,0.35165135862530045,0.3531558318282187,False
1.0,42,2,8785,1023;2073;1402;1492;607;938;37;119;45;1049,9761,1121;2291;1555;1676;689;1053;44;133;49;1150,0.2454373944791617,0.2446560572926986,False
1.0,42,3,12251,685;940;191;1138;798;1178;1786;1360;3051;1124,13612,776;1046;207;1274;909;1309;1973;1496;3382;1240,0.19829704568250905,0.19711999921177023,False
1.0,42,4,6765,133;1279;150;699;1101;61;1997;683;373;289,7516,144;1402;174;775;1214;69;2239;753;423;323,0.2907194515519712,0.29116467915640265,False
0.1,42,0,9233,5;0;2509;27;0;3008;2;1879;1803;0,10258,5;0;2812;32;0;3328;2;2082;1997;0,0.4210306687442494,0.4209829733805486,False
0.1,42,1,16505,3908;4498;1;0;0;1508;4513;0;1;2076,18338,4383;4993;1;0;0;1655;4997;0;1;2308,0.3789838921416806,0.3793262925680352,False
0.1,42,2,7680,0;0;130;4375;2;15;1;785;0;2372,8533,0;0;148;4866;2;17;1;862;0;2637,0.6061198149764288,0.6066349939120151,False
0.1,42,3,2252,1;0;0;0;17;0;0;1851;334;49,2502,1;0;0;0;19;0;0;2056;372;54,0.8152069430128496,0.8150600580302235,False
0.1,42,4,9333,551;6;1825;91;4464;0;0;0;2395;1,10369,611;7;2039;102;4979;0;0;0;2630;1,0.5125572053328192,0.5133181149912557,False
0.01,42,0,11304,0;0;4338;1;0;4312;0;2383;270;0,12560,0;0;4809;1;0;4794;0;2657;299;0,0.5140166555613328,0.51381172014746,False
0.01,42,1,14626,4492;4463;0;0;0;180;4541;0;1;949,16251,4999;5000;0;0;0;205;5000;0;1;1046,0.4572776408399237,0.45735091538234585,False
0.01,42,2,8059,0;0;0;4491;0;1;0;1;0;3566,8954,0;0;0;4999;0;1;0;1;0;3953,0.6719283566694337,0.6721442142698271,False
0.01,42,3,2109,1;0;0;0;0;0;0;2108;0;0,2343,1;0;0;0;0;0;0;2342;0;0,0.9994732684516753,0.9995258641723909,False
0.01,42,4,8903,0;0;179;0;4517;0;0;0;4206;1,9892,0;0;191;0;5000;0;0;0;4700;1,0.6506414345362297,0.6511625946531713,False
1.0,43,0,8759,293;1693;509;371;881;1204;4;1837;1788;179,9732,328;1888;560;407;983;1342;4;2042;1986;192,0.25546268355900476,0.25627382315015934,False
1.0,43,1,11286,2245;953;1627;772;1649;98;575;1843;315;1209,12540,2503;1059;1804;842;1849;104;626;2056;344;1353,0.19748709544110965,0.19931390522894643,False
1.0,43,2,6903,345;685;296;553;222;2440;470;580;1192;120,7669,381;750;327;616;253;2755;514;635;1300;138,0.3133892754530551,0.31771686722430165,False
1.0,43,3,4440,663;27;56;117;1443;388;713;88;661;284,4933,733;28;65;129;1607;431;806;97;727;310,0.3142630446954609,0.31530739473729325,False
1.0,43,4,13614,957;1139;2013;2722;268;335;2763;153;574;2690,15126,1055;1275;2244;3006;308;368;3050;170;643;3007,0.2514620356811181,0.25075695216144345,False
0.1,43,0,12077,0;1;4523;0;3280;193;3744;334;0;2,13418,0;1;4992;0;3643;220;4188;372;0;2,0.4843653351577137,0.4837123468332714,False
0.1,43,1,4362,0;0;1;1;1003;2656;546;155;0;0,4846,0;0;1;1;1094;2961;607;182;0;0,0.6151391032665748,0.6159088657979287,False
0.1,43,2,14401,4;4519;7;3644;43;1178;2;3967;1036;1,16001,4;4997;7;4046;45;1311;2;4405;1183;1,0.4085951581276431,0.40748462336506397,False
0.1,43,3,9666,4477;2;0;862;2;461;0;36;3440;386,10740,4996;2;0;953;2;508;0;37;3817;425,0.5302176813274289,0.5316512860193824,False
0.1,43,4,4496,0;0;0;0;197;0;186;4;0;4109,4995,0;0;0;0;216;0;203;4;0;4572,0.9060833441089057,0.9075757743024201,False
0.01,43,0,16940,0;0;4503;0;4495;3433;0;0;0;4509,18822,0;0;5000;0;4988;3837;0;0;0;4997,0.4122955988645603,0.4120937041805515,False
0.01,43,1,4502,0;0;0;0;0;2;4499;1;0;0,5002,0;0;0;0;0;2;4999;1;0;0,0.9992596980542343,0.9993336887704203,False
0.01,43,2,10046,0;4480;0;4504;0;1058;1;0;0;3,11162,0;5000;0;4997;0;1161;1;0;0;3,0.5878097723200216,0.5886837742034218,False
0.01,43,3,8976,4488;0;0;1;10;0;0;4477;0;0,9973,5000;0;0;3;12;0;0;4958;0;0,0.6656469411370699,0.6654217344847805,False
0.01,43,4,4537,0;0;0;0;0;0;0;38;4499;0,5041,0;0;0;0;0;0;0;41;5000;0,0.9907287685114919,0.9909959567103379,False
1.0,44,0,14546,1938;1099;3068;1527;1085;1156;307;2760;848;758,16162,2159;1199;3390;1671;1221;1288;349;3092;948;845,0.19266272542438576,0.1924497522920435,False
1.0,44,1,6842,123;570;585;1365;160;2113;183;974;52;717,7602,132;638;642;1519;180;2340;202;1077;57;815,0.3024293235431594,0.30192089313878356,False
1.0,44,2,8225,1485;611;526;1016;670;173;378;284;1467;1615,9138,1637;671;585;1133;740;190;417;312;1638;1815,0.20605415982397424,0.2075649645147745,False
1.0,44,3,8678,488;826;116;488;2249;860;999;435;902;1315,9642,539;912;126;550;2496;978;1117;479;989;1456,0.21622897396069862,0.2160481660817725,False
1.0,44,4,6711,477;1447;224;114;327;182;2619;36;1223;62,7456,533;1580;257;127;363;204;2915;40;1368;69,0.39676235967634477,0.3961497187822571,False
0.1,44,0,9574,232;0;507;850;3850;0;0;2040;8;2087,10637,265;1;571;935;4270;0;0;2264;10;2321,0.42934509041441876,0.4285480989446242,False
0.1,44,1,1633,0;0;1;966;644;0;20;0;2;0,1814,0;0;1;1066;720;0;24;0;3;0,0.6713230225459424,0.6692054447811594,False
0.1,44,2,10898,2;4340;3996;14;9;0;144;0;0;2393,12108,2;4820;4426;15;10;0;159;0;0;2676,0.517939968884125,0.5175941312566275,False
0.1,44,3,8840,6;88;1;276;0;0;3981;0;4487;1,9822,6;95;2;308;0;0;4423;0;4987;1,0.633786288652147,0.6339112020383191,False
0.1,44,4,14058,4255;71;0;2386;0;4522;362;2460;0;2,15619,4727;84;0;2676;0;5000;394;2736;0;2,0.4152622129714678,0.41469715105505967,False
0.01,44,0,12866,4486;3859;1;0;0;0;0;1;4519;0,14295,5000;4293;1;0;0;0;0;1;5000;0,0.5108823670472794,0.510849832666435,False
0.01,44,1,2367,0;0;0;0;2367;0;0;0;0;0,2629,0;0;0;0;2629;0;0;0;0;0,0.9999999999999999,1.0,False
0.01,44,2,5468,0;1;0;959;7;4501;0;0;0;0,6075,0;1;0;1067;8;4999;0;0;0;0,0.8221529445324242,0.8219103743865673,False
0.01,44,3,8675,0;638;4507;3530;0;0;0;0;0;0,9638,0;706;4999;3933;0;0;0;0;0;0,0.6154586998938997,0.6154615385399946,False
0.01,44,4,15627,0;0;0;0;2135;0;4490;4512;0;4490,17363,0;0;0;0;2363;1;5000;4999;0;5000,0.43094288646465445,0.43110487789187624,False
1.0,45,0,12852,3226;1454;946;247;1566;451;1177;616;1416;1753,14280,3576;1617;1049;275;1765;481;1334;680;1578;1925,0.2084338572484974,0.20840314695162143,False
1.0,45,1,8604,568;107;504;2761;261;1507;119;1275;412;1090,9560,632;125;566;3055;295;1675;127;1442;450;1193,0.3036993234397664,0.3028250606808635,False
1.0,45,2,9017,238;393;2265;818;577;65;927;1726;1911;97,10018,262;450;2524;915;637;75;999;1920;2122;114,0.27950491960267837,0.27946893071267104,False
1.0,45,3,8113,58;285;306;421;1458;2265;515;624;638;1543,9014,64;314;342;475;1615;2516;568;683;730;1707,0.27475269194413415,0.27410786829099937,False
1.0,45,4,6416,417;2250;471;250;627;232;1767;246;104;52,7128,466;2494;519;280;688;253;1972;275;120;61,0.36910731916121153,0.3689315211497326,False
0.1,45,0,550,1;23;0;9;85;9;0;0;418;5,611,1;26;0;10;92;13;0;0;463;6,0.7482234852224193,0.745001319908007,False
0.1,45,1,7986,6;4467;3129;0;0;35;5;212;118;14,8873,7;4968;3468;0;0;37;6;238;133;16,0.6388693389078237,0.6387639638048733,False
0.1,45,2,5477,0;3;214;972;747;1;0;3540;0;0,6085,0;3;230;1088;838;3;0;3923;0;0,0.6406408491326345,0.6394464016896103,False
0.1,45,3,16509,0;3;43;3485;1;4441;4517;741;3276;2,18343,0;3;47;3902;1;4947;4993;839;3609;2,0.3846872056502096,0.38425975872403845,False
0.1,45,4,14480,4502;0;1123;0;3643;0;1;0;710;4501,16088,4992;0;1255;0;4069;0;1;0;795;4976,0.4281807807889948,0.42745273213412655,False
0.01,45,0,4500,4500;0;0;0;0;0;0;0;0;0,5000,5000;0;0;0;0;0;0;0;0;0,1.0,1.0,False
0.01,45,1,3813,0;3678;0;0;123;7;0;4;1;0,4236,0;4087;0;0;135;7;0;6;1;0,0.9611846073128786,0.9614273778716709,False
0.01,45,2,13469,0;1;0;4524;0;1;4467;1;4475;0,14965,0;1;0;5000;0;1;5000;1;4962;0,0.509024531489075,0.5090339581641681,False
0.01,45,3,14342,0;828;1;0;0;4511;0;4483;35;4484,15935,0;912;1;0;1;4992;0;4993;37;4999,0.46871307897121345,0.4690593474406788,False
0.01,45,4,8878,0;0;4505;0;4372;0;0;0;0;1,9864,0;0;4999;0;4864;0;0;0;0;1,0.6666663283381838,0.6666602431037468,False
1.0,46,0,10148,1492;1936;667;490;140;3240;55;1238;29;861,11275,1657;2149;747;543;151;3605;63;1374;32;954,0.3143047410569372,0.3146296443550802,False
1.0,46,1,6538,988;31;77;135;1305;349;303;59;2746;545,7264,1090;34;93;152;1470;389;346;65;3022;603,0.41055162603617296,0.4072629547332994,False
1.0,46,2,4712,283;402;523;2013;180;253;245;98;72;643,5235,309;451;588;2242;201;284;271;113;75;701,0.38303480098849335,0.38389451512841016,False
1.0,46,3,12565,1382;1724;1297;622;1739;173;3018;695;1598;317,13961,1535;1893;1444;695;1923;195;3352;773;1787;364,0.2132678302422715,0.21237777170833694,False
1.0,46,4,11039,365;418;1903;1225;1131;477;882;2417;77;2144,12265,409;473;2128;1368;1255;527;968;2675;84;2378,0.23337401619470388,0.23308086452503515,False
0.1,46,0,4602,792;20;0;0;0;0;7;0;3782;1,5113,888;23;0;0;0;0;8;0;4193;1,0.8199064109140224,0.8183280842343751,False
0.1,46,1,4383,0;4;0;1;1;0;0;864;274;3239,4869,0;4;0;1;1;0;0;947;307;3609,0.7370179099920602,0.7387767328515816,False
0.1,46,2,16711,0;4505;74;1317;0;4487;4258;818;2;1250,18567,0;4970;81;1461;0;4999;4751;913;2;1390,0.37105921027351263,0.3709643450323114,False
0.1,46,3,11691,1;2;4413;0;4446;0;2;2827;0;0,12989,1;2;4903;0;4952;0;2;3129;0;0,0.5223642935101448,0.5226697675753377,False
0.1,46,4,7616,3708;0;14;3178;41;1;216;10;448;0,8462,4111;1;16;3538;47;1;239;11;498;0,0.5920425414471137,0.5917288639262722,False
0.01,46,0,4500,1;0;0;0;0;0;0;4499;0;0,5000,1;0;0;0;0;0;0;4999;0;0,0.999753110812302,0.9997777975352546,False
0.01,46,1,0,0;0;0;0;0;0;0;0;0;0,1,0;0;0;0;0;0;0;0;0;1,0.0,1.0,True
0.01,46,2,4501,0;4501;0;0;0;0;0;0;0;0,5001,0;5000;0;0;0;0;0;0;1;0,1.0,0.9997778419629103,False
0.01,46,3,22501,0;0;4504;1;4510;4482;4485;0;0;4519,25001,0;0;5000;1;5000;5000;5000;1;0;4999,0.3333070854149048,0.3332800074670081,False
0.01,46,4,13498,4530;0;0;4489;0;0;0;0;4479;0,14997,4999;0;0;4999;0;0;0;0;4999;0,0.5091838244141117,0.5091750772173156,False
1.0,47,0,11248,80;1555;754;471;2115;943;796;2241;1878;415,12497,91;1716;821;522;2360;1056;887;2492;2103;449,0.21534421702714357,0.21649167668227595,False
1.0,47,1,7155,2444;994;60;247;91;642;361;1069;730;517,7949,2714;1106;67;278;103;712;399;1193;795;582,0.30902962088905156,0.30880329247402016,False
1.0,47,2,11346,868;516;262;3011;931;2185;11;244;471;2847,12606,965;571;287;3347;1050;2423;12;271;512;3168,0.31242894560825346,0.3128297885088694,False
1.0,47,3,7089,291;1186;892;379;3;572;2214;351;1073;128,7876,320;1305;989;424;4;636;2474;392;1189;143,0.2945905010064274,0.2954475825327589,False
1.0,47,4,8165,804;275;2568;388;1336;159;1102;575;365;593,9072,910;302;2836;429;1483;173;1228;652;401;658,0.27810452578065714,0.2767268034692408,False
0.1,47,0,6307,0;0;3524;0;0;0;2576;199;8;0,7007,0;0;3930;0;0;0;2846;223;8;0,0.6497961225198189,0.6502623031006205,False
0.1,47,1,10911,1606;2;941;963;0;0;899;1;4333;2166,12123,1804;2;1040;1062;0;0;993;1;4822;2399,0.39552487584852053,0.3961714867601207,False
0.1,47,2,12554,1225;4516;14;3378;1122;16;2;0;1;2280,13948,1344;4998;15;3765;1232;20;2;0;1;2571,0.41136877471281236,0.4114074265216285,False
0.1,47,3,1390,481;0;6;2;0;734;1;21;117;28,1544,538;0;6;2;0;811;1;23;133;30,0.5834104094334722,0.5824737763779061,False
0.1,47,4,13841,1185;0;9;154;3381;3749;1044;4286;33;0,15378,1314;0;9;171;3768;4169;1158;4753;36;0,0.397316685440372,0.3974414110736089,False
0.01,47,0,17998,0;0;4509;0;4497;9;0;4489;4494;0,19997,0;0;4999;0;4999;9;0;4999;4991;0,0.40790924088407526,0.4079424516629486,False
0.01,47,1,8609,4110;0;0;0;0;0;4498;0;1;0,9565,4566;0;0;0;0;0;4998;0;1;0,0.6674158084523883,0.6674290573612893,False
0.01,47,2,4721,218;4498;1;1;0;1;2;0;0;0,5245,240;5000;1;1;0;1;2;0;0;0,0.9486202284601566,0.9491830765504751,False
0.01,47,3,6009,2;0;0;4491;0;0;0;1;6;1509,6676,2;0;0;4999;0;0;0;1;8;1666,0.7613141578391588,0.762292607212174,False
0.01,47,4,7666,173;0;0;0;1;4490;0;0;0;3002,8517,192;0;0;0;1;4990;0;0;0;3334,0.6640845070483278,0.6641676622007752,False
1.0,48,0,6169,17;408;190;1520;487;1302;687;971;220;367,6854,19;464;213;1698;547;1440;754;1086;239;394,0.2556120335792703,0.25640350227048403,False
1.0,48,1,8936,2206;2111;244;686;128;1102;1525;173;680;81,9928,2468;2368;273;775;146;1204;1671;188;745;90,0.2870818962827451,0.28840823505801044,False
1.0,48,2,8937,342;636;947;1022;294;1037;213;1513;1916;1017,9930,372;702;1053;1144;330;1157;232;1690;2121;1129,0.19299550473989588,0.19338954523486404,False
1.0,48,3,9957,360;845;2120;354;842;487;2079;322;1557;991,11063,397;943;2358;391;928;551;2287;348;1768;1092,0.22022721629785733,0.2204976181552296,False
1.0,48,4,11003,1553;473;1008;891;2748;581;47;1519;115;2068,12225,1744;523;1103;992;3049;648;56;1688;127;2295,0.2503192379563542,0.2502380454994722,False
0.1,48,0,5024,0;0;1;4439;1;2;0;581;0;0,5582,0;0;1;4927;1;2;0;651;0;0,0.8781611733862831,0.8772986691998339,False
0.1,48,1,10507,0;1822;0;0;4374;0;2;4;4305;0,11674,0;2033;0;0;4861;0;2;4;4774;0,0.5489862248801414,0.5486822937162193,False
0.1,48,2,8933,1308;2534;1422;2;0;3344;36;0;0;287,9925,1457;2841;1580;2;0;3688;41;0;0;316,0.43259873783317687,0.4319698430062022,False
0.1,48,3,17316,3154;113;3068;0;0;1041;1869;3838;0;4233,19239,3507;126;3407;0;0;1155;2073;4287;0;4684,0.3140415030334886,0.3140641790740968,False
0.1,48,4,3222,30;0;9;66;125;144;2589;52;207;0,3580,36;0;12;71;138;155;2884;58;226;0,0.7846288882970276,0.7867539361286958,False
0.01,48,0,9001,0;0;1;4505;0;1;4494;0;0;0,10001,0;0;1;4999;1;1;4999;0;0;0,0.6664821399505547,0.6664167072919019,False
0.01,48,1,13653,0;153;0;0;4501;0;1;4501;0;4497,15169,0;170;0;0;4999;0;1;5000;0;4999,0.5010895600382632,0.501094326587681,False
0.01,48,2,8847,0;4347;2;1;0;4497;0;0;0;0,9830,0;4829;2;1;0;4998;0;0;0;0,0.6665039448851774,0.6665355680799528,False
0.01,48,3,13500,4482;1;4501;0;0;1;0;0;4514;1,14999,5000;1;4997;0;0;1;0;0;4999;1,0.5090165467258658,0.5090296198806417,False
0.01,48,4,0,0;0;0;0;0;0;0;0;0;0,1,0;0;0;0;0;0;0;0;1;0,0.0,1.0,True
1.0,49,0,8483,241;669;943;282;828;667;131;1425;1490;1807,9425,270;747;1058;301;906;748;142;1585;1662;2006,0.21312912203779968,0.21386967420915284,False
1.0,49,1,11999,200;624;524;3419;826;2903;1059;991;812;641,13332,214;707;575;3797;923;3249;1184;1087;899;697,0.28165486421955577,0.28292206202095077,False
1.0,49,2,9362,1784;182;429;62;1943;349;815;1297;1110;1391,10402,1969;212;483;70;2145;398;910;1430;1242;1543,0.22657230376042212,0.2242191219893563,False
1.0,49,3,7774,1513;1157;1209;357;621;455;441;555;783;683,8637,1679;1311;1342;396;698;494;500;617;851;749,0.15743809427596417,0.15832317029024834,False
1.0,49,4,7384,788;1808;1390;381;300;96;2052;255;309;5,8204,868;2023;1542;436;328;111;2264;281;346;5,0.3187331503692839,0.31805093846228066,False
0.1,49,0,2726,0;139;208;217;190;6;31;465;1;1469,3028,0;160;217;239;205;6;36;516;1;1648,0.5155852692638757,0.5208306510368956,False
0.1,49,1,12672,3779;1;4319;3973;0;1;0;0;0;599,14079,4165;1;4783;4463;0;1;0;0;0;666,0.4779949081230357,0.4780216356667848,False
0.1,49,2,7151,176;698;0;240;629;4474;6;921;1;6,7945,189;775;0;271;702;4993;6;1002;1;6,0.6027893460996692,0.6054401856307753,False
0.1,49,3,8503,18;3660;0;20;974;0;33;47;1337;2414,9447,22;4064;0;22;1097;0;38;53;1479;2672,0.4758329910348344,0.4750614991926991,False
0.1,49,4,13951,557;0;0;3;2694;0;4410;3095;3185;7,15501,624;0;0;5;2996;0;4920;3429;3519;8,0.39460788662858154,0.39467396969329394,False
0.01,49,0,12497,1;0;0;1;4179;3795;1;4520;0;0,13885,1;0;0;1;4649;4234;1;4999;0;0,0.5108360404572011,0.5106757283696115,False
0.01,49,1,14666,4486;0;4416;0;0;1;1252;0;4511;0,16295,4999;0;4906;0;0;1;1390;0;4999;0,0.45475200981018626,0.4547910803811783,False
0.01,49,2,9000,0;1;0;4496;0;0;0;0;0;4503,9999,0;1;0;4999;0;0;0;0;0;4999,0.666574335169957,0.6665833322932037,False
0.01,49,3,5276,0;4508;82;0;4;682;0;0;0;0,5862,0;4999;94;0;4;765;0;0;0;0,0.847880324370018,0.8462486110333494,False
0.01,49,4,3564,0;0;0;0;322;0;3240;0;1;1,3959,0;0;0;0;347;0;3609;1;1;1,0.9034558254954993,0.9059591332930209,False
1.0,50,0,9554,1402;2691;266;755;519;71;1435;604;650;1161,10615,1540;2994;303;819;586;81;1607;671;726;1288,0.2513208853661871,0.2511981956504275,False
1.0,50,1,6647,513;254;280;341;554;544;649;1314;1198;1000,7385,584;279;308;377;615;598;723;1479;1330;1092,0.18011126167777855,0.1810774455434763,False
1.0,50,2,8323,604;706;105;1954;1976;82;680;1210;904;102,9247,666;779;112;2188;2180;89;762;1352;1007;112,0.2665809718601878,0.26721667625479734,False
1.0,50,3,9512,1026;667;2301;1017;646;267;319;1058;327;1884,10568,1141;753;2568;1121;702;299;358;1175;357;2094,0.22560897227244056,0.22646834366420718,False
1.0,50,4,10967,965;169;1543;433;816;3548;1416;294;1409;374,12185,1069;195;1709;495;917;3933;1550;323;1580;414,0.28788669599363054,0.28669171127653453,False
0.1,50,0,2726,60;0;7;2237;97;0;2;290;2;31,3028,66;0;10;2473;109;0;2;332;2;34,0.8073385928962554,0.8034279241685899,False
0.1,50,1,4976,0;1;4343;167;450;13;2;0;0;0,5528,0;1;4819;188;503;14;2;0;1;0,0.8635025673421349,0.8624126104658244,False
0.1,50,2,20953,4;4288;158;2012;1900;4460;2982;1417;3730;2,23281,4;4760;171;2219;2117;4967;3320;1572;4149;2,0.2607847777372333,0.2611615975060032,False
0.1,50,3,3834,9;0;0;83;172;0;5;2794;762;9,4259,9;0;0;93;198;0;6;3096;847;10,0.7249987327127198,0.7231332406457702,False
0.1,50,4,12514,4412;218;0;24;1879;16;1524;0;1;4440,13904,4921;239;0;27;2073;19;1670;0;1;4954,0.45688885019699566,0.4584642570102559,False
0.01,50,0,3025,0;0;0;3022;1;0;1;0;1;0,3361,0;0;0;3357;1;0;1;1;1;0,0.9988981931839,0.9986777516701905,False
0.01,50,1,4501,0;1;4500;0;0;0;0;0;0;0,5001,0;1;5000;0;0;0;0;0;0;0,0.9997531656589572,0.9997778419629104,False
0.01,50,2,21852,0;4503;0;1495;2443;4522;4399;5;4485;0,24279,0;4999;0;1642;2713;5000;4921;5;4999;0,0.30752964773670494,0.3079335813978407,False
0.01,50,3,4496,0;0;0;0;0;0;0;4495;0;1,4995,0;0;0;0;0;0;0;4994;0;1,0.9997528911817262,0.9997775751301665,False
0.01,50,4,11128,4501;0;0;1;2064;0;70;0;0;4492,12364,5000;0;0;1;2286;0;78;0;0;4999,0.5385045787941029,0.5387617680269576,False
1.0,51,0,12157,1717;2567;380;155;1104;842;794;1996;151;2451,13507,1902;2864;417;170;1242;936;893;2200;171;2712,0.23744279115913772,0.23695632368285327,False
1.0,51,1,7281,69;147;491;1231;1018;1310;407;20;1577;1011,8090,80;164;536;1360;1151;1460;449;22;1750;1118,0.24692353091483665,0.24709143815059595,False
1.0,51,2,11388,645;418;2042;1089;659;1667;1736;591;2178;363,12653,710;471;2268;1202;733;1871;1927;642;2423;406,0.19480618319396245,0.19544345876789768,False
1.0,51,3,8096,1570;771;561;1858;984;354;1101;167;224;506,8995,1744;856;628;2052;1104;395;1200;194;249;573,0.2221633882066343,0.22020975435709478,False
1.0,51,4,6080,505;589;1050;190;688;310;483;1746;356;163,6755,564;645;1151;216;770;338;531;1942;407;191,0.24813550460842174,0.24698602641117132,False
0.1,51,0,9686,3577;2;1594;119;0;0;0;4394;0;0,10762,3972;3;1774;135;0;0;0;4878;0;0,0.5471198795144072,0.5466999487325146,False
0.1,51,1,17657,4;4325;91;4375;4213;4409;0;21;1;218,19618,4;4828;100;4860;4670;4895;1;25;1;234,0.39560730885871137,0.3958545086479213,False
0.1,51,2,1052,0;44;120;3;0;1;0;0;0;884,1168,0;50;132;3;0;1;0;0;0;982,0.8305828628179467,0.8309822106366732,False
0.1,51,3,3660,2;4;2698;2;296;96;0;14;540;8,4066,2;4;2994;2;327;104;0;15;608;10,0.7245081050753398,0.7239666079134327,False
0.1,51,4,12948,913;106;0;0;3;0;4469;73;3977;3407,14386,1022;115;0;0;3;0;4999;82;4391;3774,0.4567744188994483,0.4568955190908641,False
0.01,51,0,13526,4504;0;23;0;0;0;0;4508;4487;4,15028,4999;0;26;0;0;0;0;5000;4999;4,0.5077272116179893,0.5077257348855466,False
0.01,51,1,18000,0;4501;1;4510;4490;4498;0;0;0;0,19999,0;5000;1;4999;4999;5000;0;0;0;0,0.40821135324280694,0.4082142743101416,False
0.01,51,2,0,0;0;0;0;0;0;0;0;0;0,1,0;0;0;0;0;0;0;0;0;1,0.0,1.0,True
0.01,51,3,8974,1;0;4453;1;1;0;0;0;0;4518,9971,1;0;4973;1;1;0;0;0;0;4995,0.6664099719408059,0.6664179844544139,False
0.01,51,4,4501,0;0;0;0;0;0;4500;0;1;0,5001,0;0;0;0;0;0;5000;0;1;0,0.9997531656589572,0.9997778419629103,False
