class,count,empirical_prior,uniform_prior
0,23538,0.04979121450963967,0.016129032258064516
1,26054,0.05511344646249265,0.016129032258064516
2,23280,0.04924545304547589,0.016129032258064516
3,23892,0.05054005000698067,0.016129032258064516
4,22703,0.048024893491900304,0.016129032258064516
5,21359,0.045181857027419225,0.016129032258064516
6,23327,0.049344874707552236,0.016129032258064516
7,24353,0.05151522843713378,0.016129032258064516
8,22994,0.048640461654968756,0.016129032258064516
9,22974,0.0485981545647235,0.016129032258064516
10,4441,0.009394289388958695,0.016129032258064516
11,2636,0.0055760744943245035,0.016129032258064516
12,6925,0.014648829997419267,0.016129032258064516
13,3131,0.006623174977894546,0.016129032258064516
14,3473,0.007346626221088393,0.016129032258064516
15,6155,0.013020007022976982,0.016129032258064516
16,1697,0.003589756607309819,0.016129032258064516
17,2144,0.00453532007429125,0.016129032258064516
18,8027,0.016979950669932773,0.016129032258064516
19,2533,0.0053581929795614444,0.016129032258064516
20,1679,0.0035516802260890904,0.016129032258064516
21,3352,0.007090668325104604,0.016129032258064516
22,6080,0.012861355434557277,0.016129032258064516
23,5523,0.011683102971226949,0.016129032258064516
24,16806,0.035550647933087105,0.016129032258064516
25,5610,0.011867138813793804,0.016129032258064516
26,1740,0.0036807168513371155,0.016129032258064516
27,3480,0.007361433702674231,0.016129032258064516
28,13988,0.02958957891753079,0.016129032258064516
29,6572,0.013902109854590531,0.016129032258064516
30,8472,0.01792128342788968,0.016129032258064516
31,3171,0.006707789158385054,0.016129032258064516
32,3181,0.006728942703507681,0.016129032258064516
33,1842,0.003896483011587912,0.016129032258064516
34,3228,0.006828364365584028,0.016129032258064516
35,1832,0.003875329466465285,0.016129032258064516
36,6698,0.014168644523135633,0.016129032258064516
37,3486,0.007374125829747807,0.016129032258064516
38,1908,0.004036096409397251,0.016129032258064516
39,6810,0.014405564228509056,0.016129032258064516
40,16493,0.03488854197074888,0.016129032258064516
41,1709,0.0036151408614569715,0.016129032258064516
42,2447,0.005176272491506852,0.016129032258064516
43,5985,0.01266039675589232,0.016129032258064516
44,1841,0.0038943676570756492,0.016129032258064516
45,1280,0.002707653775696269,0.016129032258064516
46,1727,0.0036532172426777003,0.016129032258064516
47,10392,0.021982764091434084,0.016129032258064516
48,1811,0.003830907021707768,0.016129032258064516
49,7638,0.01615707776466258,0.016129032258064516
50,1861,0.003936674747320903,0.016129032258064516
51,1646,0.003481873527184421,0.016129032258064516
52,2088,0.004416860221604538,0.016129032258064516
53,9459,0.020009138331492975,0.016129032258064516
54,1829,0.003868983402928497,0.016129032258064516
55,12352,0.026128858935468995,0.016129032258064516
56,1912,0.004044557827446301,0.016129032258064516
57,1977,0.004182055870743378,0.016129032258064516
58,1838,0.003888021593538861,0.016129032258064516
59,1916,0.004053019245495353,0.016129032258064516
60,1596,0.0033761058015712854,0.016129032258064516
61,1843,0.0038985983661001746,0.016129032258064516
