seed,n_clients,total_epochs_cv,total_epochs_js,budget_preserved,n_writers_changed,spearman_cv_vs_js
42,10,43,43,True,4,0.5030303030303029
43,10,43,43,True,2,0.709090909090909
44,10,43,43,True,4,0.41818181818181815
45,10,43,43,True,4,0.4424242424242424
46,10,43,43,True,4,0.2727272727272727
47,10,43,43,True,4,0.6606060606060605
48,10,43,43,True,4,0.4424242424242424
49,10,43,43,True,4,0.5030303030303029
50,10,43,43,True,4,0.3696969696969697
51,10,43,43,True,4,0.6363636363636362
52,10,43,43,True,4,0.5030303030303029
53,10,43,43,True,2,0.5515151515151515
54,10,43,43,True,4,0.5030303030303029
55,10,43,43,True,4,0.5757575757575757
56,10,43,43,True,4,0.6969696969696969
57,10,43,43,True,4,0.5757575757575757
58,10,43,43,True,4,0.5757575757575757
59,10,43,43,True,2,0.6
60,10,43,43,True,4,0.5393939393939393
61,10,43,43,True,4,0.4545454545454545
62,10,43,43,True,4,0.4666666666666666
63,10,43,43,True,4,0.5515151515151515
64,10,43,43,True,2,0.6363636363636362
65,10,43,43,True,4,0.22424242424242422
66,10,43,43,True,4,0.6484848484848483
67,10,43,43,True,4,0.5272727272727272
68,10,43,43,True,4,0.6363636363636362
69,10,43,43,True,2,0.6848484848484848
70,10,43,43,True,4,0.5030303030303029
71,10,43,43,True,2,0.5878787878787878
