risk,status,assessment
Leakage (predictive),resolved,"No held-out target is predicted from itself. The CIFAR-10 global prior is definitional (the training set the partitions are drawn from), not an inferential estimate; the FEMNIST prior is pooled over 2,095 writers, of which the 10 campaign clients are 0.48%."
Circularity (FedHAD),residual,"In FedHAD H_k drives E_k and the LR, so H_k -> E_k/LR -> update -> cos_sim is a causal path absent from the other methods. The FedHAD correlation is therefore not an independent validation. FedAvg/FedAvgM/FedProx are the clean estimates and are reported first."
Scale dependence of the pooled headline,resolved,Quantile matching is the only normalisation that preserves the aggregate budget; min-max and raw JS inflate it. Sensitivity of all three is reported so the figure is never read as scale-free.
Budget invariance claimed per scenario,resolved,"The pooled quantile mapping preserves the budget globally, NOT within any subset. The campaign federation is therefore analysed separately, with a remapping that preserves the budget exactly inside the 10 clients."
Scope: pool vs campaign federation,resolved,"The 2,095 writers are an aggregated pool, not the campaign's federation of 10. Both are now reported, labelled, and never conflated."
Mixed basis in the FEMNIST pool,documentation,"Client writers enter with their 90% training split, held-out writers with 100% of their data (10 of 2,095 rows). Negligible for the prior; documented because the 10 client rows are not strictly comparable to the other 2,085."
Guard passing on sentinel values,documentation,"3 of the 150 clients are M2 (n_k=0) and compare 0.0 against 0.0. The informative sample size of the guard is 147, not 150."
Deduplication of held-out writers,resolved,"Verified: a held-out writer's class counts are identical across all 30 scenarios (0 divergences), so keeping the first occurrence is lossless."
SEED as a default argument,documentation,"`dirichlet_split_noniid(..., seed=SEED)` binds SEED at import time and `load_data()` never passes it, so patching module.SEED after import silently regenerates the seed-42 partition. An implementation and reproducibility note for offline reuse, not a scientific result. The campaign is unaffected: it sets FL_SEED before importing."
Overinterpretation of Part 2,resolved,FEMNIST establishes an applicability boundary for the CV under a non-uniform global prior. It does not establish that JS predicts drift or improves accuracy: there is no FEMNIST drift telemetry and no training was run with JS.
