experiment_tag,metodo,dataset,alpha_key,client_setup,num_rounds,comm_delay,heuristics_signature,epochs_decay,lr_decay,base_lr,min_lr,fedprox_mu,n_seeds,acuracia_final_media,acuracia_final_desvio,acuracia_final_variancia,acuracia_melhor_media,acuracia_melhor_desvio,acuracia_melhor_variancia,total_tflops_media,total_tflops_desvio,total_tflops_variancia,energia_kwh_media,energia_kwh_desvio,energia_kwh_variancia,energia_ajustada_kwh_media,energia_ajustada_kwh_desvio,energia_ajustada_kwh_variancia,emissoes_kg_media,emissoes_kg_desvio,emissoes_kg_variancia,tempo_s_media,tempo_s_desvio,tempo_s_variancia,epocas_media,epocas_desvio,epocas_variancia,tflops_por_epoca_media,tflops_por_epoca_desvio,tflops_por_epoca_variancia,modelo_mb_media,modelo_mb_desvio,modelo_mb_variancia,bytes_total_mb_media,bytes_total_mb_desvio,bytes_total_mb_variancia,r2t_40_media,r2t_40_desvio,r2t_40_variancia,r2t_40_n_atingiu,r2t_50_media,r2t_50_desvio,r2t_50_variancia,r2t_50_n_atingiu,r2t_60_media,r2t_60_desvio,r2t_60_variancia,r2t_60_n_atingiu,r2t_70_media,r2t_70_desvio,r2t_70_variancia,r2t_70_n_atingiu,r2t_80_media,r2t_80_desvio,r2t_80_variancia,r2t_80_n_atingiu,flops2t_40_media,flops2t_40_desvio,flops2t_40_variancia,flops2t_40_n_atingiu,flops2t_50_media,flops2t_50_desvio,flops2t_50_variancia,flops2t_50_n_atingiu,flops2t_60_media,flops2t_60_desvio,flops2t_60_variancia,flops2t_60_n_atingiu,flops2t_70_media,flops2t_70_desvio,flops2t_70_variancia,flops2t_70_n_atingiu,flops2t_80_media,flops2t_80_desvio,flops2t_80_variancia,flops2t_80_n_atingiu,bytes2t_40_media,bytes2t_40_desvio,bytes2t_40_variancia,bytes2t_40_n_atingiu,bytes2t_50_media,bytes2t_50_desvio,bytes2t_50_variancia,bytes2t_50_n_atingiu,bytes2t_60_media,bytes2t_60_desvio,bytes2t_60_variancia,bytes2t_60_n_atingiu,bytes2t_70_media,bytes2t_70_desvio,bytes2t_70_variancia,bytes2t_70_n_atingiu,bytes2t_80_media,bytes2t_80_desvio,bytes2t_80_variancia,bytes2t_80_n_atingiu
1.1_diagnostico_drift,FedAVG,CIFAR10,0.01,5,10,0.05,,,,,,,10,0.56692,0.0500412,0.00250412,0.57284,0.0486705,0.00236882,407.028,0.00953415,9.09e-05,0.0122766,0.00109803,1.20566e-06,,,,0.0012074,0.000107987,1.16613e-08,167.041,19.4137,376.89,5,0,0,1.62811,3.81366e-05,1.4544e-09,2.669,0,0,266.871,0,0,,,,0,5.44444,2.06828,4.27778,9,7.33333,1.52753,2.33333,3,,,,0,,,,0,,,,0,221.606,84.1892,7087.82,9,298.49,62.1799,3866.34,3,,,,0,,,,0,,,,0,145.297,55.1965,3046.65,9,195.706,40.7651,1661.79,3,,,,0,,,,0
1.1_diagnostico_drift,FedAVG,CIFAR10,0.1,5,10,0.05,,,,,,,10,0.68619,0.0336182,0.00113019,0.6868,0.0318873,0.0010168,407.037,0.00434741,1.89e-05,0.0119826,0.000826231,6.82658e-07,,,,0.00117847,8.126e-05,6.60319e-09,161.216,14.2654,203.5,5,0,0,1.62815,1.73897e-05,3.024e-10,2.669,0,0,266.871,0,0,,,,0,3.4,0.699206,0.488889,10,5.4,1.57762,2.48889,10,9.66667,0.816497,0.666667,6,,,,0,,,,0,138.393,28.4602,809.981,10,219.8,64.2137,4123.39,10,393.472,33.2347,1104.54,6,,,,0,,,,0,90.7358,18.6597,348.185,10,144.111,42.1023,1772.6,10,257.975,21.7898,474.797,6,,,,0
1.1_diagnostico_drift,FedAVG,CIFAR10,1.0,5,10,0.05,,,,,,,10,0.81515,0.00286094,8.185e-06,0.81569,0.00318275,1.01299e-05,407.033,0.00379473,1.44e-05,0.0109307,0.000327462,1.07231e-07,,,,0.00107502,3.21913e-05,1.03628e-09,143.772,6.92278,47.925,5,0,0,1.62813,1.51789e-05,2.304e-10,2.669,0,0,266.871,0,0,,,,0,2,0,0,10,2.5,0.527046,0.277778,10,3.1,0.316228,0.1,10,6.4,0.699206,0.488889,10,,,,0,81.4064,0.000843274,7.11111e-07,10,101.758,21.453,460.231,10,126.18,12.8726,165.703,10,260.501,28.46,809.973,10,,,,0,53.374,0,0,10,66.7175,14.0653,197.832,10,82.7297,8.43917,71.2196,10,170.798,18.6597,348.185,10
1.1_diagnostico_drift,FedAvgM,CIFAR10,0.01,5,10,0.05,,,,,,,10,0.47928,0.0446007,0.00198922,0.49946,0.0476591,0.00227139,407.028,0.00953415,9.09e-05,0.0121523,0.00109291,1.19446e-06,,,,0.00119514,0.000107501,1.15564e-08,165.116,19.5814,383.432,5,0,0,1.62811,3.81366e-05,1.4544e-09,2.669,0,0,266.871,0,0,,,,0,6.75,0.957427,0.916667,4,,,,0,,,,0,,,,0,,,,0,274.747,38.9748,1519.03,4,,,,0,,,,0,,,,0,,,,0,180.138,25.5509,652.846,4,,,,0,,,,0,,,,0
1.1_diagnostico_drift,FedAvgM,CIFAR10,0.1,5,10,0.05,,,,,,,10,0.55896,0.0340332,0.00115826,0.59646,0.028388,0.00080588,407.037,0.00434741,1.89e-05,0.0117872,0.000794713,6.31569e-07,,,,0.00115925,7.81667e-05,6.11003e-09,159.073,14.3792,206.761,5,0,0,1.62815,1.73897e-05,3.024e-10,2.669,0,0,266.871,0,0,,,,0,5.2,0.632456,0.4,10,6.5,1,1,4,,,,0,,,,0,,,,0,211.66,25.7439,662.748,10,264.576,40.704,1656.82,4,,,,0,,,,0,,,,0,138.773,16.8786,284.886,10,173.466,26.687,712.196,4,,,,0,,,,0
1.1_diagnostico_drift,FedAvgM,CIFAR10,1.0,5,10,0.05,,,,,,,10,0.7069,0.0166577,0.000277478,0.7113,0.0133698,0.000178751,407.033,0.00379473,1.44e-05,0.0107984,0.000417132,1.73999e-07,,,,0.001062,4.10223e-05,1.68283e-09,141.329,6.91892,47.8715,5,0,0,1.62813,1.51789e-05,2.304e-10,2.669,0,0,266.871,0,0,,,,0,3.7,0.948683,0.9,10,5,0.471405,0.222222,10,8.125,1.88509,3.55357,8,,,,0,,,,0,150.602,38.6153,1491.14,10,203.517,19.188,368.181,10,330.714,76.7281,5887.2,8,,,,0,,,,0,98.7421,25.3178,640.992,10,133.436,12.5806,158.272,10,216.833,50.3074,2530.84,8,,,,0
1.1_diagnostico_drift,FedHAD,CIFAR10,0.01,5,10,0.05,E1L1F1,3.0,1.5,0.01,0.001,0.01,10,0.56803,0.0397417,0.0015794,0.57163,0.0393337,0.00154714,261.518,8.26604,68.3274,0.0122031,0.00154399,2.38391e-06,,,,0.00120017,0.000151861,2.30618e-08,182.427,27.0041,729.219,3.21252,0.10154,0.0103104,1.62811,3.83262e-05,1.46889e-09,2.669,0,0,266.871,0,0,3.3,0.823273,0.677778,10,5,1.22474,1.5,9,8.5,2.12132,4.5,2,,,,0,,,,0,85.9951,20.094,403.769,10,130.493,29.8585,891.531,9,224.4,53.1758,2827.67,2,,,,0,,,,0,88.0672,21.9709,482.721,10,133.436,32.6852,1068.32,9,226.84,56.6117,3204.88,2,,,,0,,,,0
1.1_diagnostico_drift,FedHAD,CIFAR10,0.1,5,10,0.05,E1L1F1,3.0,1.5,0.01,0.001,0.01,10,0.68819,0.0218952,0.000479401,0.68857,0.0219822,0.000483218,293.391,11.7609,138.319,0.0123758,0.000935411,8.74994e-07,,,,0.00121713,9.19947e-05,8.46303e-09,180.875,16.868,284.531,3.60397,0.144459,0.0208683,1.62815,1.74761e-05,3.05414e-10,2.669,0,0,266.871,0,0,2.6,0.699206,0.488889,10,3.3,0.823273,0.677778,10,5.5,1.2693,1.61111,10,10,0,0,4,,,,0,76.5881,22.0802,487.534,10,97.1902,25.9374,672.746,10,161.66,39.1574,1533.3,10,295.378,15.518,240.807,4,,,,0,69.3862,18.6597,348.185,10,88.0671,21.9707,482.711,10,146.779,33.874,1147.44,10,266.871,0,0,4,,,,0
1.1_diagnostico_drift,FedHAD,CIFAR10,1.0,5,10,0.05,E1L1F1,3.0,1.5,0.01,0.001,0.01,10,0.81825,0.00592326,3.5085e-05,0.8193,0.0051985,2.70244e-05,327.033,4.44662,19.7724,0.0117767,0.000454443,2.06518e-07,,,,0.00115822,4.46951e-05,1.99765e-09,167.05,7.87555,62.0242,4.01727,0.0546277,0.00298418,1.62813,1.52544e-05,2.32696e-10,2.669,0,0,266.871,0,0,2,0,0,10,2,0,0,10,2.2,0.421637,0.177778,10,3.1,0.316228,0.1,10,7.1,0.567646,0.322222,10,65.4065,0.889479,0.791172,10,65.4065,0.889479,0.791172,10,71.9189,13.6093,185.212,10,101.366,10.2351,104.757,10,232.038,16.7811,281.606,10,53.374,0,0,10,53.374,0,0,10,58.7114,11.2522,126.613,10,82.7297,8.43917,71.2196,10,189.479,15.1488,229.485,10
1.1_diagnostico_drift,FedProx,CIFAR10,0.01,5,10,0.05,,,,,,0.01,10,0.54101,0.0471536,0.00222346,0.54199,0.0466712,0.0021782,407.028,0.00953415,9.09e-05,0.0161257,0.00159886,2.55636e-06,,,,0.00158594,0.00015725,2.47275e-08,230.12,27.9456,780.955,5,0,0,1.62811,3.81366e-05,1.4544e-09,2.669,0,0,266.871,0,0,,,,0,6.875,2.03101,4.125,8,9,,,1,,,,0,,,,0,,,,0,279.831,82.6659,6833.65,8,366.32,,,1,,,,0,,,,0,,,,0,183.474,54.2018,2937.83,8,240.184,,,1,,,,0,,,,0
1.1_diagnostico_drift,FedProx,CIFAR10,0.1,5,10,0.05,,,,,,0.01,10,0.68155,0.0271566,0.000737478,0.68201,0.0276129,0.000762472,407.037,0.00434741,1.89e-05,0.0157141,0.00112367,1.26264e-06,,,,0.00154544,0.000110524,1.22156e-08,222.108,19.5003,380.261,5,0,0,1.62815,1.73897e-05,3.024e-10,2.669,0,0,266.871,0,0,,,,0,4.1,0.737865,0.544444,10,6.1,1.19722,1.43333,10,8.66667,0.57735,0.333333,3,,,,0,,,,0,166.885,30.0341,902.045,10,248.293,48.7299,2374.6,10,352.768,23.5005,552.272,3,,,,0,,,,0,109.417,19.6918,387.767,10,162.792,31.9502,1020.81,10,231.288,15.4077,237.399,3,,,,0
1.1_diagnostico_drift,FedProx,CIFAR10,1.0,5,10,0.05,,,,,,0.01,10,0.81936,0.00338894,1.14849e-05,0.81944,0.00337316,1.13782e-05,407.033,0.00379473,1.44e-05,0.0143933,0.000629796,3.96643e-07,,,,0.00141556,6.1939e-05,3.83643e-09,198.757,9.89913,97.9928,5,0,0,1.62813,1.51789e-05,2.304e-10,2.669,0,0,266.871,0,0,,,,0,2.1,0.316228,0.1,10,2.9,0.316228,0.1,10,3.2,0.421637,0.177778,10,7.3,0.483046,0.233333,10,,,,0,85.4767,12.8713,165.67,10,118.039,12.8716,165.679,10,130.25,17.1616,294.52,10,297.134,19.6637,386.66,10,,,,0,56.0427,8.43917,71.2196,10,77.3923,8.43917,71.2196,10,85.3984,11.2522,126.613,10,194.816,12.891,166.179,10
