partition,arm,alpha,seed,accuracy,worst_class_recall,macro_f1,steps
dirichlet,full_fedhad,0.1,42,69.93,16.2,67.31732727493916,50150.0
dirichlet,full_fedhad,0.1,43,69.6,36.0,68.56315805773522,49020.0
dirichlet,full_fedhad,0.1,44,63.92,17.4,61.982955939382634,49530.0
dirichlet,full_fedhad,0.1,45,66.86,15.0,64.92940836536991,51790.0
dirichlet,full_fedhad,0.1,46,70.37,32.2,69.24208974814701,47340.0
dirichlet,full_fedhad,0.1,47,71.77,27.6,71.04099113139371,53760.0
dirichlet,full_fedhad,0.1,48,66.8,1.0999999999999999,62.056521189672665,48780.0
dirichlet,full_fedhad,0.1,49,68.44,2.0,64.92867056094926,53080.0
dirichlet,full_fedhad,0.1,50,69.59,25.1,67.43591796727628,51020.0
dirichlet,full_fedhad,0.1,51,69.96,21.2,68.77135939705326,51640.0
dirichlet,full_fedhad,0.1,52,75.32,45.4,75.17483568972051,47920.0
dirichlet,full_fedhad,0.1,53,71.36,34.599999999999994,70.38225865546663,51480.0
dirichlet,full_fedhad,0.1,54,70.25,16.2,68.83738856717683,52370.0
dirichlet,full_fedhad,0.1,55,69.32000000000001,3.1,66.49039242154518,48830.0
dirichlet,full_fedhad,0.1,56,68.62,1.3,64.84836561331223,47570.0
dirichlet,full_fedhad,0.1,57,69.16,18.5,66.9866598043721,49960.0
dirichlet,full_fedhad,0.1,58,71.41,9.3,69.39803894989033,49840.0
dirichlet,full_fedhad,0.1,59,66.7,18.5,64.05463415417991,47700.0
dirichlet,full_fedhad,0.1,60,67.36,26.3,65.77286421080994,46780.0
dirichlet,full_fedhad,0.1,61,76.09,35.5,75.67680782570243,54690.0
dirichlet,full_fedhad,0.1,62,69.41000000000001,11.799999999999999,66.70476707029212,45750.0
dirichlet,full_fedhad,0.1,63,68.96,0.7000000000000001,65.42426899982186,53790.0
dirichlet,full_fedhad,0.1,64,65.74,10.2,63.049719996636725,51340.0
dirichlet,full_fedhad,0.1,65,67.67999999999999,41.3,66.96884240316268,49860.0
dirichlet,full_fedhad,0.1,66,65.91,7.1,61.91057396140781,49180.0
dirichlet,full_fedhad,0.1,67,64.98,27.500000000000004,63.1956971240443,46850.0
dirichlet,full_fedhad,0.1,68,72.39999999999999,31.5,71.12899670136377,48230.0
dirichlet,full_fedhad,0.1,69,71.15,33.7,70.27133028166593,50380.0
dirichlet,full_fedhad,0.1,70,61.31999999999999,26.5,59.060954792765564,46300.0
dirichlet,full_fedhad,0.1,71,65.12,0.1,58.67274700489597,48930.0
dirichlet,full_fedhad,0.01,42,63.370000000000005,4.7,60.33859355279164,46040.0
dirichlet,full_fedhad,0.01,43,48.309999999999995,3.8,42.333885753010385,44570.0
dirichlet,full_fedhad,0.01,44,56.44,1.7000000000000002,52.50985200875,46270.0
dirichlet,full_fedhad,0.01,45,58.599999999999994,4.8,54.78384419576919,44010.0
dirichlet,full_fedhad,0.01,46,58.51,4.6,54.72069656380765,46350.0
dirichlet,full_fedhad,0.01,47,56.2,6.0,51.610741456056445,46270.0
dirichlet,full_fedhad,0.01,48,54.43,16.6,53.43278488453828,42120.0
dirichlet,full_fedhad,0.01,49,52.05,8.799999999999999,48.66457356329941,43950.0
dirichlet,full_fedhad,0.01,50,59.0,4.0,53.423517078056925,45170.0
dirichlet,full_fedhad,0.01,51,57.26,2.8000000000000003,54.956940049645674,46340.0
dirichlet,full_fedhad,0.01,52,54.75,0.1,49.687865743273136,51210.0
dirichlet,full_fedhad,0.01,53,61.260000000000005,2.7,57.998495602331566,44820.0
dirichlet,full_fedhad,0.01,54,55.230000000000004,5.8999999999999995,52.00952894582272,49110.0
dirichlet,full_fedhad,0.01,55,58.699999999999996,0.8999999999999999,52.260512428535996,50560.0
dirichlet,full_fedhad,0.01,56,57.620000000000005,17.7,56.33100375645172,40830.0
dirichlet,full_fedhad,0.01,57,52.42,21.2,49.60459940314824,47740.0
dirichlet,full_fedhad,0.01,58,51.03,1.5,49.38666902092894,40720.0
dirichlet,full_fedhad,0.01,59,55.76,1.0,52.71122794468626,46300.0
dirichlet,full_fedhad,0.01,60,52.21,3.4000000000000004,49.557961645462385,44820.0
dirichlet,full_fedhad,0.01,61,54.279999999999994,8.4,49.81774942404783,47700.0
dirichlet,full_fedhad,0.01,62,54.31,2.5,50.14854983284216,46430.0
dirichlet,full_fedhad,0.01,63,54.94,4.3999999999999995,48.815828734717854,45030.0
dirichlet,full_fedhad,0.01,64,48.59,26.1,48.08805648609854,40720.0
dirichlet,full_fedhad,0.01,65,57.29,3.8,51.03240788521069,44280.0
dirichlet,full_fedhad,0.01,66,63.849999999999994,24.099999999999998,62.42945995966538,46430.0
dirichlet,full_fedhad,0.01,67,50.94,1.7000000000000002,43.59501798690591,44910.0
dirichlet,full_fedhad,0.01,68,49.82,7.199999999999999,47.90021697195901,40720.0
dirichlet,full_fedhad,0.01,69,61.89,3.8,58.43466958511814,48130.0
dirichlet,full_fedhad,0.01,70,49.64,6.5,47.30777383654608,44990.0
dirichlet,full_fedhad,0.01,71,51.89,1.2,45.06441903228812,43410.0
equal,full_fedhad,0.1,42,53.11,0.0,46.89883891240441,21000.0
equal,inv_epochs,0.1,42,54.2,0.1,48.28362205368487,21000.0
equal,full_fedhad,0.1,43,47.28,0.0,40.45702766338734,19600.0
equal,inv_epochs,0.1,43,46.82,0.0,40.255750888244236,19600.0
equal,full_fedhad,0.1,44,52.849999999999994,3.5000000000000004,48.309068725552265,21000.0
equal,inv_epochs,0.1,44,52.18000000000001,1.5,48.09299591657648,21000.0
equal,full_fedhad,0.1,45,53.6,0.0,48.49810172702447,21000.0
equal,inv_epochs,0.1,45,53.580000000000005,0.0,48.57470056438078,21000.0
equal,full_fedhad,0.1,46,61.08,11.4,58.513572146231375,22400.0
equal,inv_epochs,0.1,46,60.81999999999999,7.5,57.952126450455154,22400.0
equal,full_fedhad,0.1,47,55.63,0.8,50.40532763662328,22400.0
equal,inv_epochs,0.1,47,50.029999999999994,0.7000000000000001,43.1007680030307,22400.0
equal,full_fedhad,0.1,48,52.52,0.0,46.12179657757835,21000.0
equal,inv_epochs,0.1,48,54.42,0.0,48.6132597772534,21000.0
equal,full_fedhad,0.1,49,53.480000000000004,14.7,50.14364659593558,21000.0
equal,inv_epochs,0.1,49,54.2,23.7,51.87974716011302,21000.0
equal,full_fedhad,0.1,50,45.34,0.0,38.712881480851756,21000.0
equal,inv_epochs,0.1,50,39.589999999999996,0.0,33.73771783655271,21000.0
equal,full_fedhad,0.1,51,61.28,0.0,55.97787572631143,19600.0
equal,inv_epochs,0.1,51,61.96,0.0,56.99770470069512,19600.0
equal,full_fedhad,0.1,52,55.97,0.4,52.46378328163483,19600.0
equal,inv_epochs,0.1,52,53.05,3.3000000000000003,49.222482614558565,19600.0
equal,full_fedhad,0.1,53,52.790000000000006,0.0,45.80942522674317,21000.0
equal,inv_epochs,0.1,53,51.28,0.0,44.15979047310532,21000.0
equal,full_fedhad,0.1,54,56.18,0.0,51.3865254024016,21000.0
equal,inv_epochs,0.1,54,57.64,0.0,53.132781385658056,21000.0
equal,full_fedhad,0.1,55,59.4,0.0,53.66507854650982,21000.0
equal,inv_epochs,0.1,55,59.830000000000005,0.0,54.49244523005703,21000.0
equal,full_fedhad,0.1,56,52.09,18.3,48.87328393171597,21000.0
equal,inv_epochs,0.1,56,51.7,13.8,48.16735205036141,21000.0
equal,full_fedhad,0.1,57,58.06,0.0,53.67743358860857,22400.0
equal,inv_epochs,0.1,57,59.18,0.0,55.350224868716616,22400.0
equal,full_fedhad,0.1,58,62.53999999999999,0.0,58.19231150525892,23800.0
equal,inv_epochs,0.1,58,61.49,0.3,56.590136347955756,23800.0
equal,full_fedhad,0.1,59,50.6,0.1,41.52257322384746,21000.0
equal,inv_epochs,0.1,59,47.64,0.0,37.31912109191642,21000.0
equal,full_fedhad,0.1,60,49.980000000000004,8.0,43.34159300286581,19600.0
equal,inv_epochs,0.1,60,49.27,4.9,42.365528964782655,19600.0
equal,full_fedhad,0.1,61,58.37,21.099999999999998,55.124818160801524,19600.0
equal,inv_epochs,0.1,61,56.14,16.0,52.83921920085209,19600.0
equal,full_fedhad,0.1,62,47.14,0.0,39.940234869138834,22400.0
equal,inv_epochs,0.1,62,50.43,0.0,43.621763638596434,22400.0
equal,full_fedhad,0.1,63,48.69,0.0,42.71234207352002,18200.0
equal,inv_epochs,0.1,63,48.339999999999996,0.0,42.55008243543049,18200.0
equal,full_fedhad,0.1,64,54.37,0.0,45.97681126320666,22400.0
equal,inv_epochs,0.1,64,54.459999999999994,0.0,46.20482872035627,22400.0
equal,full_fedhad,0.1,65,50.3,0.0,46.26294236515031,19600.0
equal,inv_epochs,0.1,65,49.66,0.0,44.775798458481866,19600.0
equal,full_fedhad,0.1,66,52.49,0.0,46.12940433030541,21000.0
equal,inv_epochs,0.1,66,52.88,0.0,46.84258760563857,21000.0
equal,full_fedhad,0.1,67,51.160000000000004,0.0,44.464552973129905,19600.0
equal,inv_epochs,0.1,67,51.42,0.1,44.89344317515487,19600.0
equal,full_fedhad,0.1,68,52.26,0.0,46.754116203605044,21000.0
equal,inv_epochs,0.1,68,50.82,0.0,45.65714757788536,21000.0
equal,full_fedhad,0.1,69,46.23,0.0,38.32393099056565,18200.0
equal,inv_epochs,0.1,69,45.65,0.0,38.142317503326076,18200.0
equal,full_fedhad,0.1,70,55.120000000000005,11.0,51.99440639430466,19600.0
equal,inv_epochs,0.1,70,52.86,3.0,48.32679122382206,19600.0
equal,full_fedhad,0.1,71,52.62,0.0,48.73467664947152,19600.0
equal,inv_epochs,0.1,71,51.57000000000001,0.0,47.38592831446945,19600.0
equal,full_fedhad,0.2,42,62.27,4.3,57.324228650857734,25200.0
equal,inv_epochs,0.2,42,61.4,6.4,56.52939531189938,25200.0
equal,full_fedhad,0.2,43,64.48,23.3,63.651699085046566,21000.0
equal,inv_epochs,0.2,43,62.44,31.0,62.013350743134524,21000.0
equal,full_fedhad,0.2,44,62.050000000000004,0.0,55.80599580754914,23800.0
equal,inv_epochs,0.2,44,61.199999999999996,0.0,54.80903286664833,23800.0
equal,full_fedhad,0.2,45,63.129999999999995,12.8,60.698204920126365,22400.0
equal,inv_epochs,0.2,45,62.39,11.4,59.39553257967567,22400.0
equal,full_fedhad,0.2,46,63.980000000000004,25.5,63.065532271163484,23800.0
equal,inv_epochs,0.2,46,66.17,40.8,65.86553458574332,23800.0
equal,full_fedhad,0.2,47,62.4,21.3,60.19137767893484,23800.0
equal,inv_epochs,0.2,47,60.18,12.7,57.24659458116105,23800.0
equal,full_fedhad,0.2,48,68.17999999999999,0.0,65.05020484915558,25200.0
equal,inv_epochs,0.2,48,68.28,0.0,65.07963884786774,25200.0
equal,full_fedhad,0.2,49,61.519999999999996,10.0,58.88970032191555,22400.0
equal,inv_epochs,0.2,49,61.129999999999995,11.799999999999999,58.6641436610622,22400.0
equal,full_fedhad,0.2,50,60.57,23.9,59.24879588726384,21000.0
equal,inv_epochs,0.2,50,61.339999999999996,21.099999999999998,59.85107069117346,21000.0
equal,full_fedhad,0.2,51,65.63,0.0,62.60857710527035,23800.0
equal,inv_epochs,0.2,51,65.23,0.0,62.08214150704696,23800.0
equal,full_fedhad,0.2,52,63.92,11.4,59.85133163933687,25200.0
equal,inv_epochs,0.2,52,63.5,11.600000000000001,60.06337489999212,25200.0
equal,full_fedhad,0.2,53,64.89,1.7000000000000002,62.20903059990361,25200.0
equal,inv_epochs,0.2,53,66.14999999999999,3.3000000000000003,63.496436695672045,25200.0
equal,full_fedhad,0.2,54,64.79,0.8,60.981118483945494,23800.0
equal,inv_epochs,0.2,54,65.07,1.7000000000000002,61.30627475930501,23800.0
equal,full_fedhad,0.2,55,70.75,32.9,69.90778046331891,25200.0
equal,inv_epochs,0.2,55,71.07,42.3,70.65826627315273,25200.0
equal,full_fedhad,0.2,56,70.50999999999999,34.599999999999994,70.16184240008907,22400.0
equal,inv_epochs,0.2,56,68.22,24.5,67.418292818232,22400.0
equal,full_fedhad,0.2,57,60.3,8.3,55.52756853220251,25200.0
equal,inv_epochs,0.2,57,61.18,6.5,56.001521557378574,25200.0
equal,full_fedhad,0.2,58,48.449999999999996,0.0,38.662883922039505,21000.0
equal,inv_epochs,0.2,58,47.13,0.0,37.73171107712739,21000.0
equal,full_fedhad,0.2,59,52.89,0.1,45.10512077963148,22400.0
equal,inv_epochs,0.2,59,53.080000000000005,0.2,44.87758150700677,22400.0
equal,full_fedhad,0.2,60,67.78,7.3999999999999995,64.40206787675726,25200.0
equal,inv_epochs,0.2,60,68.25,10.6,64.79831036040315,25200.0
equal,full_fedhad,0.2,61,64.12,3.9,60.99764951577392,25200.0
equal,inv_epochs,0.2,61,66.36,4.0,63.53849003455379,25200.0
equal,full_fedhad,0.2,62,66.55,43.0,66.27244061678041,22400.0
equal,inv_epochs,0.2,62,65.5,46.1,65.50009332877329,22400.0
equal,full_fedhad,0.2,63,64.71000000000001,34.0,63.416347570060616,23800.0
equal,inv_epochs,0.2,63,64.53999999999999,22.6,62.80836391977225,23800.0
equal,full_fedhad,0.2,64,65.74,29.2,64.50611837423243,23800.0
equal,inv_epochs,0.2,64,65.39,24.099999999999998,64.03571507500186,23800.0
equal,full_fedhad,0.2,65,57.95,7.199999999999999,55.37212747079383,22400.0
equal,inv_epochs,0.2,65,56.96,2.6,53.521235773715134,22400.0
equal,full_fedhad,0.2,66,62.22,0.4,57.15725958363799,25200.0
equal,inv_epochs,0.2,66,62.21,0.1,57.73718270029576,25200.0
equal,full_fedhad,0.2,67,59.98,21.0,58.135759748621965,25200.0
equal,inv_epochs,0.2,67,60.540000000000006,14.7,58.28803757498313,25200.0
equal,full_fedhad,0.2,68,67.42,42.4,66.5861079051185,23800.0
equal,inv_epochs,0.2,68,66.71000000000001,38.1,66.01148995715131,23800.0
equal,full_fedhad,0.2,69,65.48,26.5,64.8267325179656,22400.0
equal,inv_epochs,0.2,69,62.849999999999994,21.099999999999998,61.594308753486196,22400.0
equal,full_fedhad,0.2,70,59.940000000000005,10.8,55.89792470623121,23800.0
equal,inv_epochs,0.2,70,58.08,8.5,53.864762793272845,23800.0
equal,full_fedhad,0.2,71,61.12,23.7,59.02817167290928,21000.0
equal,inv_epochs,0.2,71,59.86,18.0,58.30990287103651,21000.0
dirichlet,fedprox_default,0.1,42,68.96,15.8,66.41570307614153,70200.0
dirichlet,fedprox_tuned,0.1,42,69.93,19.6,68.24194507577963,42120.0
dirichlet,fedprox_default,0.1,43,68.55,23.9,67.01111869267187,70250.0
dirichlet,fedprox_tuned,0.1,43,69.05,35.099999999999994,67.94164129604,42150.0
dirichlet,fedprox_default,0.1,44,65.2,6.1,62.05799196832661,70250.0
dirichlet,fedprox_tuned,0.1,44,63.77,13.900000000000002,60.78644700055682,42150.0
dirichlet,fedprox_default,0.1,45,63.07000000000001,17.2,62.02994029880183,70200.0
dirichlet,fedprox_tuned,0.1,45,62.82,11.3,60.62047711422475,42120.0
dirichlet,fedprox_default,0.1,46,69.56,33.7,68.19276831786104,70200.0
dirichlet,fedprox_tuned,0.1,46,70.98,34.9,69.93636123157559,42120.0
dirichlet,fedprox_default,0.1,47,72.33000000000001,35.9,71.65565960580668,70200.0
dirichlet,fedprox_tuned,0.1,47,68.69,21.9,67.52482254426903,42120.0
dirichlet,fedprox_default,0.1,48,65.84,1.4000000000000001,59.50863264954196,70250.0
dirichlet,fedprox_tuned,0.1,48,65.64999999999999,1.7999999999999998,60.29021043894872,42150.0
dirichlet,fedprox_default,0.1,49,71.08,1.4000000000000001,67.59156192573104,70200.0
dirichlet,fedprox_tuned,0.1,49,69.28999999999999,2.4,65.73932172976531,42120.0
dirichlet,fedprox_default,0.1,50,71.83,26.400000000000002,70.14327631730302,70200.0
dirichlet,fedprox_tuned,0.1,50,71.27,28.4,69.84262737826035,42120.0
dirichlet,fedprox_default,0.1,51,68.58,3.9,66.18562354987519,70150.0
dirichlet,fedprox_tuned,0.1,51,69.01,12.4,67.35819309966458,42090.0
dirichlet,fedprox_default,0.1,52,75.28,55.400000000000006,75.43928240828079,70200.0
dirichlet,fedprox_tuned,0.1,52,75.8,65.5,76.10494728712821,42120.0
dirichlet,fedprox_default,0.1,53,70.76,21.9,69.39573203808382,70150.0
dirichlet,fedprox_tuned,0.1,53,70.96000000000001,37.1,70.46277537505262,42090.0
dirichlet,fedprox_default,0.1,54,68.75,5.5,65.97557514081302,70200.0
dirichlet,fedprox_tuned,0.1,54,66.31,9.4,64.18933369418858,42120.0
dirichlet,fedprox_default,0.1,55,68.83,4.7,65.63538428636367,70250.0
dirichlet,fedprox_tuned,0.1,55,68.92,10.0,66.1509980829964,42150.0
dirichlet,fedprox_default,0.1,56,68.67,2.6,65.45651107832674,70200.0
dirichlet,fedprox_tuned,0.1,56,69.02000000000001,2.5,65.52682035198153,42120.0
dirichlet,fedprox_default,0.1,57,68.99,12.7,66.35739483582668,70200.0
dirichlet,fedprox_tuned,0.1,57,69.32000000000001,13.700000000000001,66.79208992081979,42120.0
dirichlet,fedprox_default,0.1,58,73.76,15.1,72.15417228848929,70200.0
dirichlet,fedprox_tuned,0.1,58,71.3,7.8,69.10938264405026,42120.0
dirichlet,fedprox_default,0.1,59,65.2,18.3,62.27500336784476,70150.0
dirichlet,fedprox_tuned,0.1,59,66.81,29.7,64.60224909304723,42090.0
dirichlet,fedprox_default,0.1,60,66.8,20.3,64.68721145708983,70150.0
dirichlet,fedprox_tuned,0.1,60,69.15,36.6,68.45595963918176,42090.0
dirichlet,fedprox_default,0.1,61,76.51,42.699999999999996,76.14938292371247,70150.0
dirichlet,fedprox_tuned,0.1,61,74.26,42.8,74.04776885154985,42090.0
dirichlet,fedprox_default,0.1,62,70.45,10.0,68.02661815807195,70200.0
dirichlet,fedprox_tuned,0.1,62,70.28999999999999,11.899999999999999,68.01020915333031,42120.0
dirichlet,fedprox_default,0.1,63,67.82000000000001,0.1,64.42490477448753,70250.0
dirichlet,fedprox_tuned,0.1,63,66.16,0.5,62.23297855324794,42150.0
dirichlet,fedprox_default,0.1,64,64.96,13.100000000000001,62.540234787071626,70150.0
dirichlet,fedprox_tuned,0.1,64,66.25,16.8,64.1703617175715,42090.0
dirichlet,fedprox_default,0.1,65,65.89,37.7,65.04841961337058,70150.0
dirichlet,fedprox_tuned,0.1,65,67.34,37.8,66.5089314436458,42090.0
dirichlet,fedprox_default,0.1,66,63.09,6.7,58.913050628189154,70200.0
dirichlet,fedprox_tuned,0.1,66,65.09,8.0,61.69119520052775,42120.0
dirichlet,fedprox_default,0.1,67,63.32,18.099999999999998,60.01048430921622,70250.0
dirichlet,fedprox_tuned,0.1,67,64.46,27.1,62.776168899680115,42150.0
dirichlet,fedprox_default,0.1,68,70.69,35.199999999999996,69.88246119127007,70150.0
dirichlet,fedprox_tuned,0.1,68,71.95,32.9,71.25580649588973,42090.0
dirichlet,fedprox_default,0.1,69,67.47,22.900000000000002,66.41838756546629,70200.0
dirichlet,fedprox_tuned,0.1,69,71.08,40.300000000000004,70.27675884028717,42120.0
dirichlet,fedprox_default,0.1,70,56.95,27.0,54.62719274052562,70200.0
dirichlet,fedprox_tuned,0.1,70,60.89,25.0,58.6789947496331,42120.0
dirichlet,fedprox_default,0.1,71,64.91,0.0,57.98272123383297,70200.0
dirichlet,fedprox_tuned,0.1,71,64.69,0.0,58.42868665992542,42120.0
dirichlet,fedprox_default,0.01,42,61.260000000000005,0.4,56.81339845614111,70200.0
dirichlet,fedprox_tuned,0.01,42,63.1,8.200000000000001,60.59257896255244,28080.0
dirichlet,fedprox_default,0.01,43,46.26,0.7000000000000001,41.0168273403204,70150.0
dirichlet,fedprox_tuned,0.01,43,50.17,10.6,45.99950120165756,28060.0
dirichlet,fedprox_default,0.01,44,54.76,4.3,50.016131691121316,70200.0
dirichlet,fedprox_tuned,0.01,44,59.830000000000005,3.0,55.968256660523984,28080.0
dirichlet,fedprox_default,0.01,45,58.620000000000005,0.5,53.76961240599209,70200.0
dirichlet,fedprox_tuned,0.01,45,58.650000000000006,14.499999999999998,56.0548003909122,28080.0
dirichlet,fedprox_default,0.01,46,53.669999999999995,0.0,46.526946608974626,70200.0
dirichlet,fedprox_tuned,0.01,46,54.7,9.6,50.59441275492145,28080.0
dirichlet,fedprox_default,0.01,47,55.17999999999999,1.9,49.04337056878966,70200.0
dirichlet,fedprox_tuned,0.01,47,55.36,6.9,50.930976363345124,28080.0
dirichlet,fedprox_default,0.01,48,53.04,2.6,50.31399793034493,70200.0
dirichlet,fedprox_tuned,0.01,48,57.29,19.7,56.080522726567715,28080.0
dirichlet,fedprox_default,0.01,49,49.62,2.6,45.082786031392075,70200.0
dirichlet,fedprox_tuned,0.01,49,54.910000000000004,10.4,52.57824424460517,28080.0
dirichlet,fedprox_default,0.01,50,55.669999999999995,0.5,47.11908932626714,70150.0
dirichlet,fedprox_tuned,0.01,50,60.39,5.7,56.09871741463335,28060.0
dirichlet,fedprox_default,0.01,51,52.0,0.0,47.355099930518676,70200.0
dirichlet,fedprox_tuned,0.01,51,56.589999999999996,17.4,55.21438907664312,28080.0
dirichlet,fedprox_default,0.01,52,55.37,0.0,49.81094117380883,70250.0
dirichlet,fedprox_tuned,0.01,52,55.63,0.2,51.025912983900426,28100.0
dirichlet,fedprox_default,0.01,53,58.68,1.4000000000000001,55.14743853264158,70150.0
dirichlet,fedprox_tuned,0.01,53,60.160000000000004,5.6000000000000005,56.774345394509886,28060.0
dirichlet,fedprox_default,0.01,54,54.64,2.1,48.907137639281515,70200.0
dirichlet,fedprox_tuned,0.01,54,53.65,14.000000000000002,51.14037405693601,28080.0
dirichlet,fedprox_default,0.01,55,59.5,0.0,52.820356917642705,70250.0
dirichlet,fedprox_tuned,0.01,55,59.5,4.9,54.79065743111453,28100.0
dirichlet,fedprox_default,0.01,56,57.03,8.1,54.84219244464633,70250.0
dirichlet,fedprox_tuned,0.01,56,58.58,16.8,57.77221595341795,28100.0
dirichlet,fedprox_default,0.01,57,46.75,5.0,40.75015211337584,70250.0
dirichlet,fedprox_tuned,0.01,57,53.03,23.200000000000003,50.80259216733798,28100.0
dirichlet,fedprox_default,0.01,58,48.68,0.0,45.65016266948428,70200.0
dirichlet,fedprox_tuned,0.01,58,50.12,4.3999999999999995,48.12852680227724,28080.0
dirichlet,fedprox_default,0.01,59,51.790000000000006,0.2,47.89600380982477,70200.0
dirichlet,fedprox_tuned,0.01,59,59.34,1.0999999999999999,56.40377909525742,28080.0
dirichlet,fedprox_default,0.01,60,51.1,4.6,45.92461038316702,70150.0
dirichlet,fedprox_tuned,0.01,60,53.15,6.2,50.93705966718834,28060.0
dirichlet,fedprox_default,0.01,61,48.1,7.000000000000001,41.13474060990935,70250.0
dirichlet,fedprox_tuned,0.01,61,52.51,5.6000000000000005,47.26302217224518,28100.0
dirichlet,fedprox_default,0.01,62,50.21,0.0,43.90082601872127,70200.0
dirichlet,fedprox_tuned,0.01,62,54.910000000000004,5.3,52.103459263164474,28080.0
dirichlet,fedprox_default,0.01,63,54.75,0.2,48.067710121510636,70200.0
dirichlet,fedprox_tuned,0.01,63,55.010000000000005,4.5,49.70218695046252,28080.0
dirichlet,fedprox_default,0.01,64,44.16,8.0,41.335971122049806,70200.0
dirichlet,fedprox_tuned,0.01,64,43.59,17.5,41.90789337086318,28080.0
dirichlet,fedprox_default,0.01,65,57.230000000000004,1.0,48.86089481455011,70200.0
dirichlet,fedprox_tuned,0.01,65,54.97,4.8,48.695935035161924,28080.0
dirichlet,fedprox_default,0.01,66,59.57,18.2,57.04746831034315,70200.0
dirichlet,fedprox_tuned,0.01,66,59.709999999999994,18.9,57.377590066901504,28080.0
dirichlet,fedprox_default,0.01,67,47.58,0.5,36.39038361240105,70200.0
dirichlet,fedprox_tuned,0.01,67,51.01,3.6999999999999997,43.64774889161495,28080.0
dirichlet,fedprox_default,0.01,68,42.120000000000005,1.2,38.866430734656845,70200.0
dirichlet,fedprox_tuned,0.01,68,49.81,9.700000000000001,48.00557834334362,28080.0
dirichlet,fedprox_default,0.01,69,58.74,3.5999999999999996,54.26443073888964,70250.0
dirichlet,fedprox_tuned,0.01,69,57.95,11.0,55.3992702474079,28100.0
dirichlet,fedprox_default,0.01,70,47.11,1.9,42.868509075637476,70150.0
dirichlet,fedprox_tuned,0.01,70,49.33,6.7,47.23683733056181,28060.0
dirichlet,fedprox_default,0.01,71,47.23,0.2,40.112500203135916,70200.0
dirichlet,fedprox_tuned,0.01,71,51.4,3.2,46.598520575759096,28080.0
