alpha,metodo,orcamento_tflops,acc_media,acc_std,n
1.0,FedAVG,327.03270000000003,0.81303,0.004479843747275115,10
1.0,FedAvgM,327.03270000000003,0.67408,0.025050606557304917,10
1.0,FedProx,327.03270000000003,0.8101900000000001,0.00435467819961729,10
1.0,FedHAD,327.03270000000003,0.81838,0.006042405701925895,10
0.1,FedAVG,293.3906,0.65325,0.043750358728688044,10
0.1,FedAvgM,293.3906,0.57908,0.03627367579327407,10
0.1,FedProx,293.3906,0.6367700000000001,0.03223962537692465,10
0.1,FedHAD,293.3906,0.67879,0.020376208893925503,10
0.01,FedAVG,261.5178,0.5080899999999999,0.056216238263018324,10
0.01,FedAvgM,261.5178,0.42412,0.06037545122904763,10
0.01,FedProx,261.5178,0.4878,0.047477971500241856,10
0.01,FedHAD,261.5178,0.56659,0.037638675440149184,10
