method,target_accuracy,reached_seeds,total_seeds,reach_fraction,tflops_mean_reached_only,tflops_sd_reached_only,tflops_median_reached_only
FedAVG,0.6,30,30,1,7.72611177114,0.959179460056,7.43689903104
FedAvgM,0.6,30,30,1,9.79191705754,0.820244819899,9.91586537472
FedProx,0.6,30,30,1,7.5195312425,0.792877342521,7.43689903104
FedHAD,0.6,30,30,1,7.16235486884,0.632722552123,6.67991645798
FedAVG,0.65,30,30,1,12.0643028726,1.92387409849,12.3948317184
FedAvgM,0.65,30,30,1,13.3864182559,1.85280254597,13.6343148902
FedProx,0.65,30,30,1,11.7750901325,1.61936308677,11.7750901325
FedHAD,0.65,30,30,1,11.6898538015,1.2993295919,11.6898538015
FedAVG,0.7,27,30,0.9,31.8593081947,11.6162726101,28.5081129523
FedAvgM,0.7,28,30,0.933333333333,31.2526828328,12.1132412232,27.2686297805
FedProx,0.7,26,30,0.866666666667,31.0824241554,10.8221749528,29.1278545382
FedHAD,0.7,25,30,0.833333333333,30.7728714178,8.07976476545,27.8329852416
FedAVG,0.75,0,30,0,,,
FedAvgM,0.75,0,30,0,,,
FedProx,0.75,0,30,0,,,
FedHAD,0.75,0,30,0,,,
