dataset,setting,fedhad_raw_path,fednova_raw_path,fedhad_seeds,fednova_seeds,paired_seeds,n_fedhad,n_fednova,n_paired,fedhad_duplicate_seeds,fednova_duplicate_seeds,complete_pairing,no_experiment_family_mixing,partition_paired,partition_detail,wilcoxon_zero_method,wilcoxon_correction,wilcoxon_method,bootstrap_method,bootstrap_resamples,bootstrap_seed,fedhad_acc_mean,fedhad_acc_std,fednova_acc_mean,fednova_acc_std,mean_diff_pp,median_diff_pp,std_diff_pp,min_diff_pp,max_diff_pp,positive_differences,negative_differences,zero_differences,ci95_low,ci95_high,wilcoxon_statistic,wilcoxon_p,fedhad_tflops_mean,fedhad_tflops_std,fednova_tflops_mean,fednova_tflops_std,delta_flops_pct,summary_match,statistics_match,latex_match
MNIST,$\alpha=1.0$,results/main_campaign_default_alpha_0_5/FedHAD-results/test2_robustez_alpha/MNIST-Standard,results/main_campaign_default_alpha_0_5/FedNova-results/test2_robustez_alpha/MNIST,"42,43,44,45,46,47,48,49,50,51,52,53,54,55,56,57,58,59,60,61,62,63,64,65,66,67,68,69,70,71","42,43,44,45,46,47,48,49,50,51,52,53,54,55,56,57,58,59,60,61,62,63,64,65,66,67,68,69,70,71","42,43,44,45,46,47,48,49,50,51,52,53,54,55,56,57,58,59,60,61,62,63,64,65,66,67,68,69,70,71",30,30,30,0,0,True,True,True,30/30 matching manifest rows; indices/counts identical across >=5 methods,wilcox,False,auto,paired percentile bootstrap,10000,20260906,99.0603333333,0.0976087663295,99.091,0.0736885337078,-0.0306666666667,-0.035,0.100204388827,-0.33,0.15,10,18,2,-0.067,0.00366666666667,126.5,0.0812788096032,3.6993,0.104614612944,4.563,0,18.9283366206,True,True,True
MNIST,$\alpha=0.1$,results/main_campaign_default_alpha_0_5/FedHAD-results/test2_robustez_alpha/MNIST-Standard,results/main_campaign_default_alpha_0_5/FedNova-results/test2_robustez_alpha/MNIST,"42,43,44,45,46,47,48,49,50,51,52,53,54,55,56,57,58,59,60,61,62,63,64,65,66,67,68,69,70,71","42,43,44,45,46,47,48,49,50,51,52,53,54,55,56,57,58,59,60,61,62,63,64,65,66,67,68,69,70,71","42,43,44,45,46,47,48,49,50,51,52,53,54,55,56,57,58,59,60,61,62,63,64,65,66,67,68,69,70,71",30,30,30,0,0,True,True,True,30/30 matching manifest rows; indices/counts identical across >=5 methods,wilcox,False,auto,paired percentile bootstrap,10000,20260906,96.7596666667,1.22107212172,98.031,0.43529102433,-1.27133333333,-0.93,0.970651161933,-3.53,0.06,1,29,0,-1.62100833333,-0.942991666667,2,2.12532037346e-06,3.22946666667,0.153389235187,4.563,0,29.2249251224,True,True,True
MNIST,$\alpha=0.01$,results/main_campaign_default_alpha_0_5/FedHAD-results/test2_robustez_alpha/MNIST-Standard,results/main_campaign_default_alpha_0_5/FedNova-results/test2_robustez_alpha/MNIST,"42,43,44,45,46,47,48,49,50,51,52,53,54,55,56,57,58,59,60,61,62,63,64,65,66,67,68,69,70,71","42,43,44,45,46,47,48,49,50,51,52,53,54,55,56,57,58,59,60,61,62,63,64,65,66,67,68,69,70,71","42,43,44,45,46,47,48,49,50,51,52,53,54,55,56,57,58,59,60,61,62,63,64,65,66,67,68,69,70,71",30,30,30,0,0,True,True,True,30/30 matching manifest rows; indices/counts identical across >=5 methods,wilcox,False,auto,paired percentile bootstrap,10000,20260906,91.1373333333,2.61131085239,91.8223333333,4.5791315871,-0.685,-1.66,4.16940064327,-8.19,12.57,11,19,0,-2.06166666667,0.85535,161,0.145999491215,2.94423333333,0.176337584417,4.563,0,35.4759295785,True,True,True
FashionMNIST,$\alpha=1.0$,results/main_campaign_default_alpha_0_5/FedHAD-results/test2_robustez_alpha/FashionMNIST-Standard,results/main_campaign_default_alpha_0_5/FedNova-results/test2_robustez_alpha/FashionMNIST,"42,43,44,45,46,47,48,49,50,51,52,53,54,55,56,57,58,59,60,61,62,63,64,65,66,67,68,69,70,71","42,43,44,45,46,47,48,49,50,51,52,53,54,55,56,57,58,59,60,61,62,63,64,65,66,67,68,69,70,71","42,43,44,45,46,47,48,49,50,51,52,53,54,55,56,57,58,59,60,61,62,63,64,65,66,67,68,69,70,71",30,30,30,0,0,True,True,True,30/30 matching manifest rows; indices/counts identical across >=5 methods,wilcox,False,auto,paired percentile bootstrap,10000,20260906,89.086,0.33042918799,89.099,0.244883505027,-0.013,0.02,0.38914716656,-0.84,0.59,15,15,0,-0.148,0.119341666667,231.5,0.983589562802,3.69913333333,0.104270779235,4.563,0,18.9319891884,True,True,True
FashionMNIST,$\alpha=0.1$,results/main_campaign_default_alpha_0_5/FedHAD-results/test2_robustez_alpha/FashionMNIST-Standard,results/main_campaign_default_alpha_0_5/FedNova-results/test2_robustez_alpha/FashionMNIST,"42,43,44,45,46,47,48,49,50,51,52,53,54,55,56,57,58,59,60,61,62,63,64,65,66,67,68,69,70,71","42,43,44,45,46,47,48,49,50,51,52,53,54,55,56,57,58,59,60,61,62,63,64,65,66,67,68,69,70,71","42,43,44,45,46,47,48,49,50,51,52,53,54,55,56,57,58,59,60,61,62,63,64,65,66,67,68,69,70,71",30,30,30,0,0,True,True,True,30/30 matching manifest rows; indices/counts identical across >=5 methods,wilcox,False,auto,paired percentile bootstrap,10000,20260906,81.0106666667,2.92484356591,82.24,2.55692164054,-1.22933333333,-0.945,2.71252514158,-7.38,4.07,9,21,0,-2.18875833333,-0.297933333333,123,0.0234101433307,3.23633333333,0.152453799295,4.563,0,29.0744393308,True,True,True
FashionMNIST,$\alpha=0.01$,results/main_campaign_default_alpha_0_5/FedHAD-results/test2_robustez_alpha/FashionMNIST-Standard,results/main_campaign_default_alpha_0_5/FedNova-results/test2_robustez_alpha/FashionMNIST,"42,43,44,45,46,47,48,49,50,51,52,53,54,55,56,57,58,59,60,61,62,63,64,65,66,67,68,69,70,71","42,43,44,45,46,47,48,49,50,51,52,53,54,55,56,57,58,59,60,61,62,63,64,65,66,67,68,69,70,71","42,43,44,45,46,47,48,49,50,51,52,53,54,55,56,57,58,59,60,61,62,63,64,65,66,67,68,69,70,71",30,30,30,0,0,True,True,True,30/30 matching manifest rows; indices/counts identical across >=5 methods,wilcox,False,auto,paired percentile bootstrap,10000,20260906,70.715,3.13988112009,67.334,9.3750897375,3.381,1.975,9.76747006032,-11.66,22.12,16,14,0,0.103225,6.86609166667,161,0.145999491215,2.94576666667,0.173333380858,4.563,0,35.4423259551,True,True,True
CIFAR-10,$\alpha=1.0$,results/main_campaign_default_alpha_0_5/FedHAD-results/test2_robustez_alpha/CIFAR10-Standard,results/main_campaign_default_alpha_0_5/FedNova-results/test2_robustez_alpha/CIFAR10,"42,43,44,45,46,47,48,49,50,51,52,53,54,55,56,57,58,59,60,61,62,63,64,65,66,67,68,69,70,71","42,43,44,45,46,47,48,49,50,51,52,53,54,55,56,57,58,59,60,61,62,63,64,65,66,67,68,69,70,71","42,43,44,45,46,47,48,49,50,51,52,53,54,55,56,57,58,59,60,61,62,63,64,65,66,67,68,69,70,71",30,30,30,0,0,True,True,True,30/30 matching manifest rows; indices/counts identical across >=5 methods,wilcox,False,auto,paired percentile bootstrap,10000,20260906,82.0406666667,0.502798604594,81.611,0.551063861372,0.429666666667,0.515,0.494901476321,-0.38,1.71,22,8,0,0.258333333333,0.605666666667,54,0.000240813315105,330.007266667,9.29780370037,407.0328,0.00549231437934,18.9236674129,True,True,True
CIFAR-10,$\alpha=0.1$,results/main_campaign_default_alpha_0_5/FedHAD-results/test2_robustez_alpha/CIFAR10-Standard,results/main_campaign_default_alpha_0_5/FedNova-results/test2_robustez_alpha/CIFAR10,"42,43,44,45,46,47,48,49,50,51,52,53,54,55,56,57,58,59,60,61,62,63,64,65,66,67,68,69,70,71","42,43,44,45,46,47,48,49,50,51,52,53,54,55,56,57,58,59,60,61,62,63,64,65,66,67,68,69,70,71","42,43,44,45,46,47,48,49,50,51,52,53,54,55,56,57,58,59,60,61,62,63,64,65,66,67,68,69,70,71",30,30,30,0,0,True,True,True,30/30 matching manifest rows; indices/counts identical across >=5 methods,wilcox,False,auto,paired percentile bootstrap,10000,20260906,68.5316666667,3.22001722349,67.549,3.63027342943,0.982666666667,0.935,3.52175400395,-3.82,7.5,16,14,0,-0.251333333333,2.22436666667,174.5,0.232871242333,288.7121,13.6007642568,407.0346,0.0055930991964,29.0693960661,True,True,True
CIFAR-10,$\alpha=0.01$,results/main_campaign_default_alpha_0_5/FedHAD-results/test2_robustez_alpha/CIFAR10-Standard,results/main_campaign_default_alpha_0_5/FedNova-results/test2_robustez_alpha/CIFAR10,"42,43,44,45,46,47,48,49,50,51,52,53,54,55,56,57,58,59,60,61,62,63,64,65,66,67,68,69,70,71","42,43,44,45,46,47,48,49,50,51,52,53,54,55,56,57,58,59,60,61,62,63,64,65,66,67,68,69,70,71","42,43,44,45,46,47,48,49,50,51,52,53,54,55,56,57,58,59,60,61,62,63,64,65,66,67,68,69,70,71",30,30,30,0,0,True,True,True,30/30 matching manifest rows; indices/counts identical across >=5 methods,wilcox,False,auto,paired percentile bootstrap,10000,20260906,55.7753333333,4.05328452027,46.6023333333,7.12287073246,9.173,6.615,8.29768607131,-3.28,27.6,26,4,0,6.29199166667,12.135425,14,2.04890966415e-07,262.7874,15.4649588193,407.0301,0.00760376494768,35.4378459971,True,True,True
FEMNIST,natural federation,results/main_campaign_default_alpha_0_5/FedHAD-results/test8_femnist/FEMNIST-Standard,results/main_campaign_default_alpha_0_5/FedNova-results/test8_femnist/FEMNIST,"42,43,44,45,46,47,48,49,50,51,52,53,54,55,56,57,58,59,60,61,62,63,64,65,66,67,68,69,70,71","42,43,44,45,46,47,48,49,50,51,52,53,54,55,56,57,58,59,60,61,62,63,64,65,66,67,68,69,70,71","42,43,44,45,46,47,48,49,50,51,52,53,54,55,56,57,58,59,60,61,62,63,64,65,66,67,68,69,70,71",30,30,30,0,0,True,True,True,30/30 matching manifest rows; indices/counts identical across >=5 methods,wilcox,False,auto,paired percentile bootstrap,10000,20260906,65.1085032892,1.18433007976,65.0013356547,1.27635202117,0.107167634505,0.0599500953689,1.37014343943,-3.02568888452,3.5843186061,16,14,0,-0.37300565132,0.593084409991,226,0.903226472437,11.133,1.80672411331e-15,12.3948317184,3.61344822661e-15,10.1803053649,True,True,True
