method,round,n_seeds,accuracy_mean,accuracy_sd,loss_mean,loss_sd,accumulated_tflops_mean,accumulated_tflops_sd
FedAVG,0,30,0.0184297155766,0.0181672266068,4.12861747644,0.00647018915461,0,0
FedAVG,1,30,0.126578921799,0.031243579937,3.9482582581,0.0270454899101,1.23948317184,0
FedAVG,2,30,0.369583283097,0.0358811172033,3.02655964018,0.12319570091,2.47896634368,0
FedAVG,3,30,0.488820259533,0.0200870389154,2.20331849269,0.0927843363855,3.71844951552,0
FedAVG,4,30,0.552883352491,0.0126181554136,1.78205323019,0.0601126625124,4.95793268736,0
FedAVG,5,30,0.585600252237,0.00898350683148,1.57428262445,0.0446813047672,6.1974158592,0
FedAVG,6,30,0.608366121237,0.0104379680134,1.45693269252,0.0476740679138,7.43689903104,0
FedAVG,7,30,0.625268716975,0.0100544533349,1.38461916038,0.0493781007966,8.67638220288,0
FedAVG,8,30,0.636871108678,0.009683431448,1.33648189738,0.0441658004612,9.91586537472,0
FedAVG,9,30,0.648083501179,0.00993805108474,1.29718024912,0.05010346538,11.1553485466,0
FedAVG,10,30,0.656488815096,0.0107191149423,1.2765877101,0.0572630380589,12.3948317184,0
FedAvgM,0,30,0.0141436365709,0.0154549188673,4.12765811121,0.0073553086793,0,0
FedAvgM,1,30,0.143104770136,0.0404686175148,3.95081598498,0.0225927922368,1.23948317184,0
FedAvgM,2,30,0.324202577053,0.0395031694061,2.83687962432,0.0989629412086,2.47896634368,0
FedAvgM,3,30,0.423678758215,0.0409411974054,4.20391041506,0.647937350789,3.71844951552,0
FedAvgM,4,30,0.481657170142,0.0525203179965,3.23950926553,0.453891447627,4.95793268736,0
FedAvgM,5,30,0.520689144611,0.0670584757108,2.44408557565,0.51072297974,6.1974158592,0
FedAvgM,6,30,0.551409088155,0.0562805319306,2.13947588306,0.357551386287,7.43689903104,0
FedAvgM,7,30,0.579527523558,0.0437601147291,2.10625193304,0.269460656673,8.67638220288,0
FedAvgM,8,30,0.611950868651,0.026507229425,2.19949122575,0.244644251572,9.91586537472,0
FedAvgM,9,30,0.637641602713,0.0138211599648,2.2001689642,0.191677893848,11.1553485466,0
FedAvgM,10,30,0.649273176208,0.012655334489,2.08945216135,0.157736275493,12.3948317184,0
FedHAD,0,30,0.0125698405121,0.0138012710488,4.12599355762,0.00754820052929,0,0
FedHAD,1,30,0.124339809755,0.0432842270749,3.94643284698,0.0193357832934,1.11331940966,0
FedHAD,2,30,0.363167037248,0.0301653133864,3.17725740184,0.0876578389671,2.22663881933,0
FedHAD,3,30,0.475332112327,0.02242031261,2.30608914144,0.0843895635143,3.33995822899,0
FedHAD,4,30,0.542010285813,0.0161082574077,1.86157369108,0.065775528302,4.45327763866,0
FedHAD,5,30,0.57840966525,0.0145003715081,1.63113679612,0.0573469972101,5.56659704832,0
FedHAD,6,30,0.600392361092,0.012623410583,1.50869788263,0.0578207044311,6.67991645798,0
FedHAD,7,30,0.617273361901,0.0132270977388,1.42983715885,0.0596530012961,7.79323586765,0
FedHAD,8,30,0.6318434227,0.0113846329483,1.36746052433,0.0503199640713,8.90655527731,0
FedHAD,9,30,0.641415157853,0.0120655078724,1.32818444973,0.0566143288408,10.019874687,0
FedHAD,10,30,0.651085032892,0.0118433007976,1.29438952699,0.0564061395135,11.1331940966,0
FedProx,0,30,0.0186622199692,0.0165227975298,4.12737828101,0.00759196581827,0,0
FedProx,1,30,0.13151842087,0.042816649798,3.95758865838,0.0254496147148,1.23948317184,0
FedProx,2,30,0.371142277896,0.0237954183703,3.04628212344,0.107124008725,2.47896634368,0
FedProx,3,30,0.491724761261,0.0175849726291,2.18340396494,0.0639333049534,3.71844951552,0
FedProx,4,30,0.55538509185,0.0157195991349,1.76823806859,0.0566206592539,4.95793268736,0
FedProx,5,30,0.5873254419,0.0142333749997,1.57089396302,0.0533601398683,6.1974158592,0
FedProx,6,30,0.610398293764,0.0128315457358,1.45219882001,0.0522531446309,7.43689903104,0
FedProx,7,30,0.627456402173,0.0140345846157,1.38055200359,0.0559259007642,8.67638220288,0
FedProx,8,30,0.640912179301,0.0138961513933,1.32270749892,0.0568650286357,9.91586537472,0
FedProx,9,30,0.651799542601,0.0136389310709,1.29057728079,0.0576407638443,11.1553485466,0
FedProx,10,30,0.659381481386,0.013643522377,1.26584975363,0.0631270892124,12.3948317184,0
