contrast,arm_a,arm_b,alpha,n_seeds,metric,mean_a,sd_a,mean_b,sd_b,mean_diff_pp,median_diff_pp,ci95_low_pp,ci95_high_pp,cohens_dz,wins_a,wins_b,ties,wilcoxon_stat,wilcoxon_p,question,analysis,equal_compute_contrast
full_fedhad - fixed_matched,full_fedhad,fixed_matched,0.01,30,acc_final,0.5598800000000002,0.03802000743710135,0.5403833333333333,0.04228730210760945,1.9496666666666667,1.805000000000001,1.2303333333333328,2.7213333333333334,0.9168408055295686,25,5,0,45.0,0.00011494423500588612,Q1 does adaptation help at equal compute?,primary_all_seeds,True
full_fedhad - fixed_matched,full_fedhad,fixed_matched,0.1,30,acc_final,0.6872066666666667,0.032259421861691416,0.6796300000000001,0.03288047476375083,0.7576666666666668,1.0049999999999948,0.16099166666666814,1.3213416666666664,0.4565235830947448,22,8,0,112.5,0.013574463623869151,Q1 does adaptation help at equal compute?,primary_all_seeds,True
full_fedhad - permuted_allocation,full_fedhad,permuted_allocation,0.01,30,acc_final,0.5598800000000002,0.03802000743710135,0.5518766666666667,0.03881658624629543,0.8003333333333343,0.9599999999999997,0.3046666666666693,1.2963333333333324,0.5620528978678137,21,9,0,99.0,0.006032335769928044,Q2 does the client->budget association matter?,primary_all_seeds,False
full_fedhad - permuted_allocation,full_fedhad,permuted_allocation,0.1,30,acc_final,0.6872066666666667,0.032259421861691416,0.6841866666666666,0.03201360414846652,0.30200000000000005,0.3449999999999953,-0.22935000000000133,0.8260000000000012,0.20290784998280822,18,12,0,184.0,0.3284698575735092,Q2 does the client->budget association matter?,primary_all_seeds,False
epoch_only - fixed_matched,epoch_only,fixed_matched,0.01,30,acc_final,0.5505,0.047755173036270505,0.5403833333333333,0.04228730210760945,1.0116666666666663,1.250000000000001,0.22262499999999974,1.8313583333333334,0.436919175733929,18,12,0,132.0,0.03841841779649258,Q3 contribution of adaptive epochs,primary_all_seeds,True
epoch_only - fixed_matched,epoch_only,fixed_matched,0.1,30,acc_final,0.6753800000000001,0.034202675838050436,0.6796300000000001,0.03288047476375083,-0.4249999999999999,-0.22000000000000353,-1.0793666666666644,0.16602499999999912,-0.24330952669840572,11,19,0,173.0,0.22855282202363014,Q3 contribution of adaptive epochs,primary_all_seeds,True
lr_only_matched - fixed_matched,lr_only_matched,fixed_matched,0.01,30,acc_final,0.5585033333333335,0.040789226800572065,0.5403833333333333,0.04228730210760945,1.812,1.385000000000003,1.0866499999999981,2.5843499999999997,0.8434050447440383,23,7,0,46.0,3.453157842159271e-05,Q4 contribution of adaptive learning rate,primary_all_seeds,True
lr_only_matched - fixed_matched,lr_only_matched,fixed_matched,0.1,30,acc_final,0.6867566666666669,0.03241443572975106,0.6796300000000001,0.03288047476375083,0.7126666666666673,0.4049999999999998,0.24665833333333392,1.2070000000000003,0.5248471507462312,20,10,0,108.0,0.010442365286734987,Q4 contribution of adaptive learning rate,primary_all_seeds,True
full_fedhad - epoch_only,full_fedhad,epoch_only,0.01,30,acc_final,0.5598800000000002,0.03802000743710135,0.5505,0.047755173036270505,0.9380000000000003,0.714999999999999,0.12798333333333456,1.843666666666667,0.3784621729822047,18,12,0,151.0,0.09610157273709774,Q5a coordination vs adaptive epochs alone,primary_all_seeds,True
full_fedhad - epoch_only,full_fedhad,epoch_only,0.1,30,acc_final,0.6872066666666667,0.032259421861691416,0.6753800000000001,0.034202675838050436,1.1826666666666668,0.9949999999999959,0.6409833333333331,1.7066750000000002,0.7777395015313466,25,5,0,67.0,0.0003449581563472748,Q5a coordination vs adaptive epochs alone,primary_all_seeds,True
full_fedhad - lr_only_matched,full_fedhad,lr_only_matched,0.01,30,acc_final,0.5598800000000002,0.03802000743710135,0.5585033333333335,0.040789226800572065,0.13766666666666685,-0.06999999999999784,-0.6363333333333324,0.9333583333333342,0.0611566496427084,15,15,0,228.0,0.9262492536251324,Q5b coordination vs adaptive LR alone,primary_all_seeds,True
full_fedhad - lr_only_matched,full_fedhad,lr_only_matched,0.1,30,acc_final,0.6872066666666667,0.032259421861691416,0.6867566666666669,0.03241443572975106,0.044999999999999485,0.044999999999995044,-0.49067500000000003,0.5526916666666672,0.029913627322616897,16,14,0,210.0,0.6554384250193834,Q5b coordination vs adaptive LR alone,primary_all_seeds,True
full_fedhad - fixed_matched,full_fedhad,fixed_matched,0.01,11,acc_final,0.5679272727272728,0.027515962309506495,0.5523272727272729,0.037658547261122305,1.5599999999999998,0.9599999999999942,0.2272500000000002,3.05181818181818,0.6186210905453079,8,3,0,14.0,0.1015625,Q1 does adaptation help at equal compute?,sensitivity_dU_le_2pct,True
full_fedhad - fixed_matched,full_fedhad,fixed_matched,0.1,22,acc_final,0.6862045454545455,0.028335716604628785,0.6804954545454547,0.030170238840425374,0.5709090909090911,1.0049999999999948,-0.15955681818181877,1.2131931818181834,0.3379313213250413,15,7,0,76.5,0.10450617683615991,Q1 does adaptation help at equal compute?,sensitivity_dU_le_2pct,True
full_fedhad - permuted_allocation,full_fedhad,permuted_allocation,0.01,11,acc_final,0.5679272727272728,0.027515962309506495,0.5614818181818182,0.02891908775123508,0.6445454545454562,0.9099999999999997,-0.2836363636363597,1.4654545454545465,0.41365766826286576,7,4,0,17.0,0.1748046875,Q2 does the client->budget association matter?,sensitivity_dU_le_2pct,False
full_fedhad - permuted_allocation,full_fedhad,permuted_allocation,0.1,22,acc_final,0.6862045454545455,0.028335716604628785,0.6823727272727274,0.02809907949378891,0.3831818181818189,0.5749999999999977,-0.2582045454545467,0.9963636363636376,0.2477864664218929,14,8,0,92.0,0.27562665939331055,Q2 does the client->budget association matter?,sensitivity_dU_le_2pct,False
epoch_only - fixed_matched,epoch_only,fixed_matched,0.01,11,acc_final,0.5620363636363637,0.03997755051844154,0.5523272727272729,0.037658547261122305,0.970909090909089,1.1399999999999966,-0.3018636363636389,2.376431818181815,0.40796771683109784,6,5,0,22.0,0.365234375,Q3 contribution of adaptive epochs,sensitivity_dU_le_2pct,True
epoch_only - fixed_matched,epoch_only,fixed_matched,0.1,22,acc_final,0.6741045454545455,0.03057126689078096,0.6804954545454547,0.030170238840425374,-0.6390909090909099,-0.4000000000000059,-1.4681931818181837,0.07912499999999933,-0.3395880724481228,8,14,0,82.0,0.15597057342529297,Q3 contribution of adaptive epochs,sensitivity_dU_le_2pct,True
lr_only_matched - fixed_matched,lr_only_matched,fixed_matched,0.01,11,acc_final,0.5598181818181819,0.037463737618711204,0.5523272727272729,0.037658547261122305,0.7490909090909074,1.0299999999999976,-0.12363636363636621,1.7154545454545442,0.4580598541934023,7,4,0,17.0,0.1748046875,Q4 contribution of adaptive learning rate,sensitivity_dU_le_2pct,True
lr_only_matched - fixed_matched,lr_only_matched,fixed_matched,0.1,22,acc_final,0.6870636363636362,0.030481540791179335,0.6804954545454547,0.030170238840425374,0.6568181818181821,0.31999999999999806,0.08363636363636401,1.2854659090909102,0.446833910755949,14,8,0,72.0,0.07681138627362698,Q4 contribution of adaptive learning rate,sensitivity_dU_le_2pct,True
full_fedhad - epoch_only,full_fedhad,epoch_only,0.01,11,acc_final,0.5679272727272728,0.027515962309506495,0.5620363636363637,0.03997755051844154,0.5890909090909108,0.18000000000000238,-0.6245454545454524,2.106500000000001,0.2367980250579923,6,5,0,29.0,0.7646484375,Q5a coordination vs adaptive epochs alone,sensitivity_dU_le_2pct,True
full_fedhad - epoch_only,full_fedhad,epoch_only,0.1,22,acc_final,0.6862045454545455,0.028335716604628785,0.6741045454545455,0.03057126689078096,1.210000000000001,0.8899999999999963,0.516818181818183,1.8932045454545472,0.7128284584979817,18,4,0,42.0,0.004684925079345703,Q5a coordination vs adaptive epochs alone,sensitivity_dU_le_2pct,True
full_fedhad - lr_only_matched,full_fedhad,lr_only_matched,0.01,11,acc_final,0.5679272727272728,0.027515962309506495,0.5598181818181819,0.037463737618711204,0.8109090909090925,0.1300000000000079,-0.5582045454545425,2.30090909090909,0.31669204914850374,6,5,0,25.0,0.51953125,Q5b coordination vs adaptive LR alone,sensitivity_dU_le_2pct,True
full_fedhad - lr_only_matched,full_fedhad,lr_only_matched,0.1,22,acc_final,0.6862045454545455,0.028335716604628785,0.6870636363636362,0.030481540791179335,-0.08590909090909103,-0.025000000000002798,-0.7759204545454544,0.5718295454545463,-0.052165100990116585,11,11,0,124.0,0.9492697715759277,Q5b coordination vs adaptive LR alone,sensitivity_dU_le_2pct,True
