variant,alpha,seed,final_round,acc_final,loss_final,acc_dist_final,loss_dist_final
epoch_only,0.01,42,10,0.6203,1.1470593198776244,0.6265253050610122,1.1201444585267533
epoch_only,0.01,43,10,0.4867,1.5561275329589843,0.4850970194038808,1.5831327918148632
epoch_only,0.01,44,10,0.5633,1.2943657539367677,0.5655393235941565,1.2749601837418332
epoch_only,0.01,45,10,0.6111,1.1778239326477051,0.6112444977991196,1.1676551770648451
epoch_only,0.01,46,10,0.5891,1.3389380769729615,0.5868,1.3622503748416472
epoch_only,0.01,47,10,0.5603,1.3701435356140137,0.5723434060436262,1.3250723407910017
epoch_only,0.01,48,10,0.5411,1.3727263072967528,0.5403080616123225,1.3760331212866184
epoch_only,0.01,49,10,0.4957,1.4862270503997803,0.50310186111667,1.4747560444070456
epoch_only,0.01,50,10,0.6036,1.3745526796340943,0.608843537414966,1.3824379474771362
epoch_only,0.01,51,10,0.5794,1.282609610080719,0.5789157831566313,1.2712394883928837
epoch_only,0.01,52,10,0.5766,1.3174454908370972,0.5759151830366073,1.3099705857094537
epoch_only,0.01,53,10,0.5752,1.2705269830703736,0.5740296118447379,1.2773459559204388
epoch_only,0.01,54,10,0.574,1.2488170305252075,0.5776310524209683,1.2633431065363996
epoch_only,0.01,55,10,0.6197,1.256632637834549,0.6249249849969994,1.2570848256126412
epoch_only,0.01,56,10,0.5684,1.2849317710876464,0.5741444866920152,1.2877940927860092
epoch_only,0.01,57,10,0.4956,1.498940131855011,0.5027005401080216,1.485317874202778
epoch_only,0.01,58,10,0.4751,1.6100044681549073,0.4605842336934774,1.6399312116423337
epoch_only,0.01,59,10,0.5372,1.3924250024795533,0.5413247948769262,1.3855747651612196
epoch_only,0.01,60,10,0.5315,1.3942069427490231,0.5288115246098439,1.391055087153079
epoch_only,0.01,61,10,0.5277,1.4332958969116212,0.532319391634981,1.464983658072995
epoch_only,0.01,62,10,0.5454,1.477998846244812,0.5552220888355343,1.4541059995995087
epoch_only,0.01,63,10,0.5584,1.3882875675201416,0.5664265706282513,1.367685244960182
epoch_only,0.01,64,10,0.451,1.651084908103943,0.4591836734693877,1.6388978301500885
epoch_only,0.01,65,10,0.5895,1.294957300758362,0.5824329731892757,1.316326237383152
epoch_only,0.01,66,10,0.6157,1.1061058708190918,0.6247748649189514,1.0958017761620946
epoch_only,0.01,67,10,0.5044,1.7026237098693848,0.5019011406844106,1.7207052170669697
epoch_only,0.01,68,10,0.4892,1.5215582290649414,0.4713885554221688,1.541658817934675
epoch_only,0.01,69,10,0.6081,1.2068601076126098,0.6023204640928186,1.2126817404925765
epoch_only,0.01,70,10,0.5006,1.4092436153411865,0.498499699939988,1.4193130077469656
epoch_only,0.01,71,10,0.5211,1.372353734588623,0.5218087234893958,1.371309729398084
epoch_only,0.1,42,10,0.7027,0.8639272834777832,0.7082249349609766,0.8633426637969328
epoch_only,0.1,43,10,0.6856,0.9315935690879822,0.6986794717887155,0.9061028158583608
epoch_only,0.1,44,10,0.6537,1.009346660232544,0.6635981588953372,0.9746881417806372
epoch_only,0.1,45,10,0.6302,1.0468113914489745,0.6248499399759904,1.0593555523138516
epoch_only,0.1,46,10,0.6915,0.898782014465332,0.7048228937362417,0.8610151787030356
epoch_only,0.1,47,10,0.7075,0.8409385928153992,0.6952171302781669,0.8604932191110931
epoch_only,0.1,48,10,0.6485,1.1765474254608157,0.6610644257703081,1.1552630462566345
epoch_only,0.1,49,10,0.6865,0.9888458795547486,0.6788072843706223,1.002246947909489
epoch_only,0.1,50,10,0.6898,1.023072436141968,0.6954172503502102,1.0122825832683753
epoch_only,0.1,51,10,0.6934,0.9047430812835692,0.6742045227136282,0.9493345349031088
epoch_only,0.1,52,10,0.75,0.7373136145591735,0.7639055622248899,0.6979550317126592
epoch_only,0.1,53,10,0.7157,0.8443863788604736,0.7114268561136682,0.8518624619195193
epoch_only,0.1,54,10,0.6773,0.9925276885986328,0.6798719487795118,0.9755953582538132
epoch_only,0.1,55,10,0.6791,1.0791384105205537,0.6884130478286972,1.0665530304515602
epoch_only,0.1,56,10,0.6816,1.002690891647339,0.6786071642985791,0.9897607135676564
epoch_only,0.1,57,10,0.6886,0.9502374943733216,0.6882753101240496,0.927445985350002
epoch_only,0.1,58,10,0.7044,0.9268011616706848,0.6982793117246898,0.9619394099118472
epoch_only,0.1,59,10,0.6461,1.1067358036994934,0.6526610644257703,1.0811598880999849
epoch_only,0.1,60,10,0.6768,0.9290783808708192,0.6796077646587952,0.903566690362738
epoch_only,0.1,61,10,0.7436,0.7148698699474335,0.7539015606242497,0.6929298458936192
epoch_only,0.1,62,10,0.6674,0.9751156175613404,0.6618647458983593,0.9810899451118604
epoch_only,0.1,63,10,0.683,1.011553070640564,0.6854741896758704,0.997578046664375
epoch_only,0.1,64,10,0.6578,0.99855021982193,0.6687337467493498,0.9771186287378306
epoch_only,0.1,65,10,0.6301,1.0638570875167848,0.6230492196878752,1.0814476895267937
epoch_only,0.1,66,10,0.6282,1.1142089937210082,0.6271763057834701,1.1024182855737
epoch_only,0.1,67,10,0.6112,1.156251567363739,0.6168467386954782,1.1327909634751576
epoch_only,0.1,68,10,0.6912,0.9197523869514466,0.6873374674934987,0.9214302840579102
epoch_only,0.1,69,10,0.6821,0.8790959939956665,0.6852741096438576,0.8781337897364451
epoch_only,0.1,70,10,0.6106,1.1086427631378173,0.6091654992995797,1.1327785539083155
epoch_only,0.1,71,10,0.6472,1.5346319812774658,0.6497898739243546,1.5198349632652302
fixed_matched,0.01,42,10,0.6366,1.1043760838508605,0.6315263052610522,1.1091149742542732
fixed_matched,0.01,43,10,0.4904,1.5015210607528686,0.4882976595319064,1.5364772664186692
fixed_matched,0.01,44,10,0.5424,1.3757681072235108,0.5557334400640385,1.3315190028638535
fixed_matched,0.01,45,10,0.5825,1.2518858041763306,0.5782312925170068,1.252444744268123
fixed_matched,0.01,46,10,0.5711,1.4238675895690918,0.575,1.435224137355946
fixed_matched,0.01,47,10,0.5414,1.3782298511505129,0.5433259955973584,1.357147009128901
fixed_matched,0.01,48,10,0.5452,1.3071061113357545,0.5479095819163833,1.296833619210071
fixed_matched,0.01,49,10,0.5178,1.3834984176635745,0.522513508104863,1.3736990455725155
fixed_matched,0.01,50,10,0.59,1.4678767295837405,0.5904361744697879,1.4659147923734008
fixed_matched,0.01,51,10,0.5187,1.445890837287903,0.5237047409481896,1.4538241497968096
fixed_matched,0.01,52,10,0.5652,1.34369764547348,0.5545109021804361,1.362403965158495
fixed_matched,0.01,53,10,0.5686,1.3301307582855224,0.5634253701480593,1.318678228222594
fixed_matched,0.01,54,10,0.5335,1.4876500705718994,0.5300120048019208,1.488552701251418
fixed_matched,0.01,55,10,0.57,1.4755485395431518,0.5617123424684937,1.487034326488492
fixed_matched,0.01,56,10,0.5729,1.2787518436431884,0.5667400440264159,1.2730538035622354
fixed_matched,0.01,57,10,0.496,1.5512751812934875,0.5039007801560312,1.5224873611987066
fixed_matched,0.01,58,10,0.5143,1.475877250480652,0.5042016806722689,1.4868128185941965
fixed_matched,0.01,59,10,0.5452,1.3929516704559326,0.5463277966780068,1.3750120265402268
fixed_matched,0.01,60,10,0.4954,1.495975672531128,0.4967987194877951,1.4865257249278228
fixed_matched,0.01,61,10,0.5079,1.5447495328903198,0.5175105063037823,1.5850540486387856
fixed_matched,0.01,62,10,0.524,1.5597898363113405,0.533813525410164,1.542156147427347
fixed_matched,0.01,63,10,0.5597,1.3967989027023315,0.562625050020008,1.3748977704971683
fixed_matched,0.01,64,10,0.4748,1.595343330192566,0.4719887955182072,1.5852859186000374
fixed_matched,0.01,65,10,0.5699,1.397280271530151,0.563625450180072,1.40691195988283
fixed_matched,0.01,66,10,0.6356,1.0743847635269166,0.6391835101060637,1.0736199792609444
fixed_matched,0.01,67,10,0.4948,1.7275804008483886,0.4832899739843906,1.752917077771802
fixed_matched,0.01,68,10,0.4702,1.552773893737793,0.4569827931172469,1.5671541466384755
fixed_matched,0.01,69,10,0.5645,1.4025817220687866,0.5699139827965594,1.3633735539746727
fixed_matched,0.01,70,10,0.5069,1.448960922050476,0.5017003400680136,1.4628844944852235
fixed_matched,0.01,71,10,0.506,1.504327851676941,0.5006002400960384,1.5161579352777068
fixed_matched,0.1,42,10,0.6943,0.8951430917739868,0.6972183309985992,0.8961337626350148
fixed_matched,0.1,43,10,0.6863,0.9366951104164124,0.689875950380152,0.9093470289832164
fixed_matched,0.1,44,10,0.6378,1.0250809244155883,0.6587952771662998,0.9998631224361256
fixed_matched,0.1,45,10,0.6485,1.002607764339447,0.6454581832733093,1.009808388685121
fixed_matched,0.1,46,10,0.6933,0.9144952505111694,0.7036221733039824,0.8873682787042869
fixed_matched,0.1,47,10,0.6944,0.8679234893798828,0.6974184510706424,0.8624806798098443
fixed_matched,0.1,48,10,0.6541,1.1275234555244449,0.6564625850340136,1.1128911646444497
fixed_matched,0.1,49,10,0.7124,0.878587313079834,0.7106263758254953,0.8904128628824862
fixed_matched,0.1,50,10,0.7023,0.952174587726593,0.706824094456674,0.944827758391571
fixed_matched,0.1,51,10,0.7078,0.8414222633361816,0.6946167700620373,0.8795542244389221
fixed_matched,0.1,52,10,0.7326,0.7826691002845764,0.7486994797919168,0.7566182591548773
fixed_matched,0.1,53,10,0.7069,0.864612628364563,0.7074244546728037,0.8702537162985734
fixed_matched,0.1,54,10,0.6607,1.028720182132721,0.6592637054821929,1.0233733662370206
fixed_matched,0.1,55,10,0.6798,1.0414425768375395,0.6890134080448269,1.0244413634431535
fixed_matched,0.1,56,10,0.6819,1.0332975895881653,0.6780068040824495,1.01637236379642
fixed_matched,0.1,57,10,0.6672,1.085203841781616,0.6740696278511404,1.0848721850032852
fixed_matched,0.1,58,10,0.7098,0.905726919746399,0.7008803521408563,0.9297947602874996
fixed_matched,0.1,59,10,0.6645,1.078611468410492,0.6592637054821929,1.0636183916091346
fixed_matched,0.1,60,10,0.6676,0.94379110994339,0.6674004402641585,0.9276706998228836
fixed_matched,0.1,61,10,0.7428,0.7285699572563171,0.7537014805922368,0.7005279918028717
fixed_matched,0.1,62,10,0.6863,0.899321758556366,0.6860744297719088,0.9018748604497608
fixed_matched,0.1,63,10,0.6815,1.0441382517814637,0.6820728291316527,1.0470382604612356
fixed_matched,0.1,64,10,0.6627,0.996773913192749,0.6657331466293258,0.9896518238653396
fixed_matched,0.1,65,10,0.6956,0.875595434474945,0.6864745898359343,0.8863715457231724
fixed_matched,0.1,66,10,0.6386,1.1132962356567382,0.6347808685211127,1.108296655191525
fixed_matched,0.1,67,10,0.6166,1.1695051696777343,0.6260504201680672,1.1514078118220097
fixed_matched,0.1,68,10,0.7102,0.8554733350753784,0.707741548309662,0.859889432355675
fixed_matched,0.1,69,10,0.7057,0.8500352512359619,0.7076830732292917,0.8500874142090575
fixed_matched,0.1,70,10,0.5969,1.1262225275039672,0.5949569741845107,1.1493753540007765
fixed_matched,0.1,71,10,0.6498,1.5938890180587768,0.6479887932759656,1.5742969105744424
full_fedhad,0.01,42,10,0.6396,1.0574385459899902,0.6313262652530506,1.0615363227507906
full_fedhad,0.01,43,10,0.5235,1.4228133596420287,0.5141028205641128,1.4572797225198404
full_fedhad,0.01,44,10,0.562,1.3113608219146728,0.5697418451070643,1.2824416071242133
full_fedhad,0.01,45,10,0.5885,1.2140830114364625,0.597639055622249,1.197241803967342
full_fedhad,0.01,46,10,0.5807,1.575203451538086,0.5796,1.583045924758911
full_fedhad,0.01,47,10,0.5671,1.315257953643799,0.5681408845307184,1.2756079250999943
full_fedhad,0.01,48,10,0.5364,1.315924704360962,0.5409081816363273,1.2895643890893658
full_fedhad,0.01,49,10,0.5631,1.2428077590942384,0.5657394436661998,1.2177195105286438
full_fedhad,0.01,50,10,0.5997,1.4638916860580444,0.6010404161664666,1.4611407635914606
full_fedhad,0.01,51,10,0.5861,1.253832602787018,0.582116423284657,1.2477753623220105
full_fedhad,0.01,52,10,0.559,1.347173369216919,0.5539107821564313,1.3423694766004173
full_fedhad,0.01,53,10,0.5827,1.2186879720687869,0.5840336134453782,1.2182286307782162
full_fedhad,0.01,54,10,0.554,1.3024759616851806,0.5538215286114446,1.300776880996234
full_fedhad,0.01,55,10,0.6075,1.3058909172058106,0.6065213042608522,1.3029647257173806
full_fedhad,0.01,56,10,0.5789,1.2334065542221069,0.5821492895737442,1.2302646067754637
full_fedhad,0.01,57,10,0.5257,1.3823063585281372,0.5243048609721944,1.3899529847691097
full_fedhad,0.01,58,10,0.5352,1.427460030555725,0.5240096038415366,1.4442694327887555
full_fedhad,0.01,59,10,0.53,1.528646551322937,0.5289173504102461,1.5039052494840903
full_fedhad,0.01,60,10,0.5444,1.3788182636260986,0.5352140856342537,1.3841706227783968
full_fedhad,0.01,61,10,0.5477,1.3682404081344604,0.5521312787672603,1.383448454936266
full_fedhad,0.01,62,10,0.5558,1.408339750480652,0.5632252901160464,1.4028855292808535
full_fedhad,0.01,63,10,0.5602,1.3565108348846435,0.5726290516206483,1.332058117234883
full_fedhad,0.01,64,10,0.5249,1.475258550453186,0.5296118447378951,1.46073497155038
full_fedhad,0.01,65,10,0.5764,1.3371968002319337,0.5722288915566226,1.3441920585754443
full_fedhad,0.01,66,10,0.6248,1.0511941637039184,0.6321793075845508,1.0398948900647609
full_fedhad,0.01,67,10,0.515,1.687777737045288,0.5023013808284971,1.7127708064476823
full_fedhad,0.01,68,10,0.4634,1.5110203800201416,0.4461784713885554,1.5291337075592184
full_fedhad,0.01,69,10,0.6216,1.1666007979393005,0.626125225045009,1.1433782173314315
full_fedhad,0.01,70,10,0.5234,1.3869185424804686,0.5233046609321864,1.404194349407029
full_fedhad,0.01,71,10,0.5191,1.4814072719573974,0.5208083233293317,1.4844132852153618
full_fedhad,0.1,42,10,0.6932,0.9127480304718018,0.6928156894136482,0.902645530275686
full_fedhad,0.1,43,10,0.7087,0.8746811254501343,0.7066826730692277,0.857993568835997
full_fedhad,0.1,44,10,0.657,0.985195815563202,0.6718030818491094,0.9563681215721772
full_fedhad,0.1,45,10,0.6518,1.059586577320099,0.6598639455782312,1.0291926636785067
full_fedhad,0.1,46,10,0.6858,0.9551981949806212,0.7026215729437663,0.8896153935831214
full_fedhad,0.1,47,10,0.7168,0.8532727577209472,0.7146287772663598,0.8362022688299603
full_fedhad,0.1,48,10,0.673,1.099152361679077,0.6778711484593838,1.05856742962849
full_fedhad,0.1,49,10,0.6932,0.9304816146850586,0.6922153291975185,0.9256816014829388
full_fedhad,0.1,50,10,0.711,0.9879026560783386,0.7120272163297979,0.963540981107887
full_fedhad,0.1,51,10,0.6738,0.965020763874054,0.6593956373824295,0.9976380971495762
full_fedhad,0.1,52,10,0.7656,0.683604853630066,0.7737094837935174,0.6641163981559516
full_fedhad,0.1,53,10,0.6984,0.9005841422080993,0.7002201320792476,0.908161505821206
full_fedhad,0.1,54,10,0.6888,0.9597073740005492,0.6846738695478192,0.9397935136979748
full_fedhad,0.1,55,10,0.6823,1.0623298624038695,0.693616169701821,1.050515830373678
full_fedhad,0.1,56,10,0.6731,1.074551798248291,0.6680008004802882,1.0763857419814016
full_fedhad,0.1,57,10,0.6904,0.9474638374328612,0.6986794717887155,0.9297488843765008
full_fedhad,0.1,58,10,0.7229,0.8803769258499146,0.7170868347338936,0.9047548981393132
full_fedhad,0.1,59,10,0.678,0.957290777015686,0.6682673069227691,0.9396811404577396
full_fedhad,0.1,60,10,0.6824,0.9215447153091432,0.6818090854512707,0.911921307951516
full_fedhad,0.1,61,10,0.7542,0.7089073865890503,0.7537014805922368,0.6952792460642228
full_fedhad,0.1,62,10,0.6946,0.9087327428817747,0.687875150060024,0.927952801951078
full_fedhad,0.1,63,10,0.6893,1.0230101652145385,0.6850740296118447,1.032893407578562
full_fedhad,0.1,64,10,0.6635,1.0382055012702942,0.663132626525305,1.007962113134168
full_fedhad,0.1,65,10,0.6665,0.9604792078018188,0.6578631452581032,0.9627528172157772
full_fedhad,0.1,66,10,0.6354,1.1134114719390868,0.6351811086651992,1.0972996343009969
full_fedhad,0.1,67,10,0.6366,1.0714779571533204,0.6408563425370148,1.060720300140167
full_fedhad,0.1,68,10,0.7284,0.7967222049713135,0.7267453490698139,0.8119292921079447
full_fedhad,0.1,69,10,0.7178,0.8529072751045227,0.723889555822329,0.8344023168063154
full_fedhad,0.1,70,10,0.631,1.0399494742393494,0.6291775065039024,1.066070920447242
full_fedhad,0.1,71,10,0.6527,1.5644148926734924,0.6543926355813489,1.5388224951673894
lr_only_matched,0.01,42,10,0.6343,1.0635529098510743,0.6363272654530906,1.0757072624933195
lr_only_matched,0.01,43,10,0.5035,1.4923335298538207,0.4960992198439688,1.534640699440204
lr_only_matched,0.01,44,10,0.584,1.2515706211090087,0.6007604562737643,1.2067509965107444
lr_only_matched,0.01,45,10,0.5958,1.2191868843078613,0.6052420968387355,1.2077048529906955
lr_only_matched,0.01,46,10,0.5595,1.5554770584106443,0.562,1.557433270907402
lr_only_matched,0.01,47,10,0.5611,1.347513023376465,0.5567340404242546,1.3236333362002215
lr_only_matched,0.01,48,10,0.5445,1.3041022552490231,0.5585117023404681,1.2826604991942605
lr_only_matched,0.01,49,10,0.5157,1.4203009181976318,0.5167100260156093,1.420850488467767
lr_only_matched,0.01,50,10,0.5956,1.5469149629592895,0.5972388955582233,1.553197653526638
lr_only_matched,0.01,51,10,0.5313,1.427864747428894,0.5361072214442889,1.413137752083593
lr_only_matched,0.01,52,10,0.5755,1.3071617906570434,0.5713142628525705,1.3292648208620643
lr_only_matched,0.01,53,10,0.6054,1.1852885066986083,0.6020408163265306,1.2025735453158772
lr_only_matched,0.01,54,10,0.5387,1.376272314453125,0.5358143257302921,1.3935035784132912
lr_only_matched,0.01,55,10,0.6034,1.3355908387184143,0.6019203840768154,1.3348573650362974
lr_only_matched,0.01,56,10,0.5904,1.1886625183105468,0.5905543325995597,1.1868414497385031
lr_only_matched,0.01,57,10,0.5031,1.3951918305397033,0.509501900380076,1.4006978139396036
lr_only_matched,0.01,58,10,0.5082,1.4816584299087523,0.5060024009603842,1.5023789058546393
lr_only_matched,0.01,59,10,0.5287,1.4310355787277222,0.5321192715629378,1.4238178112255422
lr_only_matched,0.01,60,10,0.5415,1.3763413063049317,0.545218087234894,1.3839335638959678
lr_only_matched,0.01,61,10,0.5806,1.2700091423034667,0.5747448469081449,1.29680083798532
lr_only_matched,0.01,62,10,0.5618,1.3760630903244018,0.5704281712685074,1.36130817244653
lr_only_matched,0.01,63,10,0.5746,1.3062327449798583,0.5904361744697879,1.282984642582495
lr_only_matched,0.01,64,10,0.4989,1.5005508583068847,0.5076030412164866,1.4801531303830509
lr_only_matched,0.01,65,10,0.5843,1.2773153217315674,0.5856342537014806,1.2852760811432116
lr_only_matched,0.01,66,10,0.6287,1.0666447410583495,0.6343806283770262,1.0608749775760575
lr_only_matched,0.01,67,10,0.5069,1.6480703775405885,0.5023013808284971,1.6787425130039113
lr_only_matched,0.01,68,10,0.5211,1.4035630722045898,0.5094037615046019,1.406987585130335
lr_only_matched,0.01,69,10,0.6258,1.198059097766876,0.615123024604921,1.1991355994339583
lr_only_matched,0.01,70,10,0.5261,1.3779802980422973,0.5149029805961193,1.3886191030577866
lr_only_matched,0.01,71,10,0.5261,1.4509928379058838,0.5238095238095238,1.4642210117861385
lr_only_matched,0.1,42,10,0.6965,0.9011356953144074,0.691815089053432,0.9029210189658212
lr_only_matched,0.1,43,10,0.7163,0.8457409085273743,0.7130852340936374,0.8326226865210119
lr_only_matched,0.1,44,10,0.6801,0.9062456782341004,0.6978186912147288,0.8599134086369753
lr_only_matched,0.1,45,10,0.6476,1.0686757345199585,0.6482593037214885,1.0386853945546266
lr_only_matched,0.1,46,10,0.6972,0.9048461220741272,0.7056233740244147,0.8812606312798242
lr_only_matched,0.1,47,10,0.7169,0.857841328048706,0.7108264958975385,0.8372067400806542
lr_only_matched,0.1,48,10,0.656,1.1611919384002685,0.6616646658663465,1.1297203982983075
lr_only_matched,0.1,49,10,0.7075,0.8679892456054688,0.7042225335201121,0.8672695262612928
lr_only_matched,0.1,50,10,0.7065,0.979472429561615,0.7102261356814088,0.9557670632528976
lr_only_matched,0.1,51,10,0.6991,0.881876088142395,0.6834100460276166,0.9245282013415812
lr_only_matched,0.1,52,10,0.7455,0.7576875192165374,0.748499399759904,0.7449915048097219
lr_only_matched,0.1,53,10,0.7129,0.8591582551956177,0.7122273364018411,0.8562673363884569
lr_only_matched,0.1,54,10,0.6935,0.9281793374061584,0.6918767507002801,0.9195769689067834
lr_only_matched,0.1,55,10,0.6821,1.0609700449943542,0.6904142485491295,1.0419677448244078
lr_only_matched,0.1,56,10,0.6867,0.985654876422882,0.6790074044426656,0.9800067194498
lr_only_matched,0.1,57,10,0.6872,1.0257366439819335,0.6872749099639855,1.0251086928955122
lr_only_matched,0.1,58,10,0.708,0.9418325532913208,0.701280512204882,0.9655031164367948
lr_only_matched,0.1,59,10,0.6593,1.0167370979309085,0.6526610644257703,1.006628114671982
lr_only_matched,0.1,60,10,0.6836,0.9027945135116576,0.6880128076846108,0.8916684812926724
lr_only_matched,0.1,61,10,0.7427,0.7504967630386352,0.7478991596638656,0.7380031529499465
lr_only_matched,0.1,62,10,0.6983,0.8709510057449341,0.7026810724289716,0.8740421227809666
lr_only_matched,0.1,63,10,0.6612,1.0849294733047483,0.6588635454181673,1.0709498900325358
lr_only_matched,0.1,64,10,0.6673,1.0171469198226928,0.6767353470694139,0.988673668640164
lr_only_matched,0.1,65,10,0.7051,0.8380783489227295,0.693077230892357,0.8473087465461372
lr_only_matched,0.1,66,10,0.6314,1.144356552696228,0.6403842305383229,1.1232329100304803
lr_only_matched,0.1,67,10,0.6154,1.1247104504585266,0.6294517807122849,1.110930211069871
lr_only_matched,0.1,68,10,0.7219,0.8387073442459106,0.7115423084616923,0.8514948449723362
lr_only_matched,0.1,69,10,0.7022,0.8969234238624573,0.7152861144457783,0.8811064992679888
lr_only_matched,0.1,70,10,0.6227,1.0724270292282103,0.6161697018210927,1.096122328868169
lr_only_matched,0.1,71,10,0.652,1.5496138294696808,0.6533920352211326,1.5334016477761088
permuted_allocation,0.01,42,10,0.6472,1.0394420016288757,0.6447289457891578,1.0306031596758385
permuted_allocation,0.01,43,10,0.5096,1.4429099327087402,0.4948989797959592,1.4677306533122114
permuted_allocation,0.01,44,10,0.589,1.240087866783142,0.5935561336802081,1.2024151078099747
permuted_allocation,0.01,45,10,0.5811,1.2564198606491088,0.5898359343737495,1.243589459315819
permuted_allocation,0.01,46,10,0.5843,1.384997679901123,0.5884,1.3852865695948189
permuted_allocation,0.01,47,10,0.557,1.383412268447876,0.557934760856514,1.360388773735199
permuted_allocation,0.01,48,10,0.5508,1.301705198287964,0.5571114222844569,1.2843943771826647
permuted_allocation,0.01,49,10,0.5379,1.293484618759155,0.5463277966780068,1.281959058231942
permuted_allocation,0.01,50,10,0.5887,1.5511447160720826,0.592436974789916,1.558685063868582
permuted_allocation,0.01,51,10,0.5659,1.2930205249786375,0.5779155831166233,1.2756608394437563
permuted_allocation,0.01,52,10,0.5655,1.3495754518508911,0.5703140628125625,1.3390336059574892
permuted_allocation,0.01,53,10,0.581,1.2492736043930053,0.5748299319727891,1.258934604449003
permuted_allocation,0.01,54,10,0.5414,1.3492898153305053,0.5430172068827531,1.3413100980338502
permuted_allocation,0.01,55,10,0.5938,1.4129412909507753,0.593118623724745,1.408538473740214
permuted_allocation,0.01,56,10,0.5703,1.2282836387634275,0.5663398038823294,1.224201066841811
permuted_allocation,0.01,57,10,0.5087,1.4212089856147767,0.5109021804360873,1.4165785505221555
permuted_allocation,0.01,58,10,0.4974,1.5320991529464725,0.5008003201280512,1.5230792470458223
permuted_allocation,0.01,59,10,0.5209,1.5662628582000733,0.5257154292575545,1.561419692794776
permuted_allocation,0.01,60,10,0.5419,1.3815930068969726,0.5366146458583433,1.3645021381999265
permuted_allocation,0.01,61,10,0.524,1.4301648546218872,0.5301180708425055,1.42809176845791
permuted_allocation,0.01,62,10,0.5355,1.4780302298545838,0.5464185674269708,1.4558527402135553
permuted_allocation,0.01,63,10,0.5639,1.360161838722229,0.5680272108843537,1.347339375495386
permuted_allocation,0.01,64,10,0.4966,1.5192493713378907,0.5084033613445378,1.500508583417269
permuted_allocation,0.01,65,10,0.5639,1.3360205911636354,0.5628251300520208,1.334216047544964
permuted_allocation,0.01,66,10,0.6021,1.102274595451355,0.6123674204522713,1.0884361183593243
permuted_allocation,0.01,67,10,0.5114,1.6718537912368774,0.5063037822693616,1.7104117031309254
permuted_allocation,0.01,68,10,0.4735,1.5225272438049315,0.4605842336934774,1.5269054167029283
permuted_allocation,0.01,69,10,0.6022,1.2970989535331725,0.6037207441488298,1.2756460724079173
permuted_allocation,0.01,70,10,0.5242,1.3537560470581054,0.5189037807561512,1.3507890237000113
permuted_allocation,0.01,71,10,0.5266,1.417791014289856,0.5346138455382153,1.421321129097658
permuted_allocation,0.1,42,10,0.7024,0.8738024744987488,0.7028216930158094,0.8599304600682334
permuted_allocation,0.1,43,10,0.6774,0.9584239941596984,0.6828731492597039,0.9169492610887128
permuted_allocation,0.1,44,10,0.6484,1.0193905388832092,0.6668000800480288,0.9753645578455586
permuted_allocation,0.1,45,10,0.6359,1.1199240570068358,0.6440576230492197,1.0853652708432158
permuted_allocation,0.1,46,10,0.701,0.903934751033783,0.7104262557534521,0.8635703143189377
permuted_allocation,0.1,47,10,0.7278,0.7998119971275329,0.7274364618771263,0.7874797987942699
permuted_allocation,0.1,48,10,0.6536,1.1509583465576172,0.6650660264105642,1.1181548822677885
permuted_allocation,0.1,49,10,0.7043,0.9149029237747192,0.7010206123674204,0.9158047604243564
permuted_allocation,0.1,50,10,0.7075,0.9792372158050536,0.7124274564738843,0.9655740386799904
permuted_allocation,0.1,51,10,0.7043,0.9007725887298584,0.6852111266760056,0.948832903724564
permuted_allocation,0.1,52,10,0.7395,0.7604742918014527,0.7503001200480192,0.7299394530861699
permuted_allocation,0.1,53,10,0.6911,0.945921447467804,0.6932159295577346,0.9598825399413308
permuted_allocation,0.1,54,10,0.6854,0.9426460898399353,0.6844737895158063,0.9323706047899392
permuted_allocation,0.1,55,10,0.686,1.024524196910858,0.6960176105663398,1.0045329268536425
permuted_allocation,0.1,56,10,0.6838,1.0322226747512817,0.6812087252351411,1.0206746309637051
permuted_allocation,0.1,57,10,0.6935,0.9536659220695496,0.6914765906362546,0.9499150056476924
permuted_allocation,0.1,58,10,0.7301,0.8475133696556091,0.718687474989996,0.8962786135052433
permuted_allocation,0.1,59,10,0.6496,1.0457357326507568,0.6492597038815526,1.026587417658542
permuted_allocation,0.1,60,10,0.6845,0.9222420285224916,0.6898138883329998,0.904083333544214
permuted_allocation,0.1,61,10,0.7462,0.76176977186203,0.751500600240096,0.7257763687677744
permuted_allocation,0.1,62,10,0.6888,0.9073433952331544,0.6836734693877551,0.9073627082800187
permuted_allocation,0.1,63,10,0.6819,1.0858796929359436,0.678671468587435,1.0584380839909968
permuted_allocation,0.1,64,10,0.6631,1.0277140464782717,0.6725345069013803,1.011298583141206
permuted_allocation,0.1,65,10,0.6845,0.9080618545532226,0.6782713085234093,0.9126171203596252
permuted_allocation,0.1,66,10,0.6499,1.1043455985069277,0.6457874724834901,1.0961383660841113
permuted_allocation,0.1,67,10,0.6198,1.138780591392517,0.6288515406162466,1.11138038090965
permuted_allocation,0.1,68,10,0.7047,0.8719004587173462,0.7073414682936587,0.8704262068925511
permuted_allocation,0.1,69,10,0.7036,0.8653212640762329,0.7158863545418167,0.8482247737704778
permuted_allocation,0.1,70,10,0.63,1.0604363147735596,0.6283770262157294,1.0668106340803765
permuted_allocation,0.1,71,10,0.647,1.5711469362258912,0.6515909545727436,1.5320361227494896
