alpha,seed,variant,total_epochs,total_updates,updates_pct_vs_full,total_flops_nominal,total_flops_realised,flops_pct_vs_full,elapsed_seconds,rho_n_vs_H,rho_E_full_vs_H,rho_E_fixed_vs_H,rho_E_perm_vs_H,hamming_fixed_vs_full,hamming_perm_vs_full,fixed_near_full,perm_degenerate,E_full,E_fixed,E_perm,H
0.01,42,epoch_only,15,4604,0.0,26685589094400,26650857308160,0.0,165.979,-0.9999999999999999,-0.7,0.6,-0.39999999999999997,3,2,False,False,3;4;3;2;3,4;3;3;4;3,4;3;3;2;3,0.514017;0.457278;0.671928;0.999473;0.650641
0.01,42,fixed_matched,17,4630,0.5647,26847670763520,26801361715200,0.6074,143.006,-0.9999999999999999,-0.7,0.6,-0.39999999999999997,3,2,False,False,3;4;3;2;3,4;3;3;4;3,4;3;3;2;3,0.514017;0.457278;0.671928;0.999473;0.650641
0.01,42,full_fedhad,15,4604,0.0,26685589094400,26650857308160,0.0,166.746,-0.9999999999999999,-0.7,0.6,-0.39999999999999997,3,2,False,False,3;4;3;2;3,4;3;3;4;3,4;3;3;2;3,0.514017;0.457278;0.671928;0.999473;0.650641
0.01,42,lr_only_matched,17,4630,0.5647,26847670763520,26801361715200,0.6074,143.162,-0.9999999999999999,-0.7,0.6,-0.39999999999999997,3,2,False,False,3;4;3;2;3,4;3;3;4;3,4;3;3;2;3,0.514017;0.457278;0.671928;0.999473;0.650641
0.01,42,permuted_allocation,15,4500,-2.2589,26084656834560,26048839680000,-2.2519,140.632,-0.9999999999999999,-0.7,0.6,-0.39999999999999997,3,2,False,False,3;4;3;2;3,4;3;3;4;3,4;3;3;2;3,0.514017;0.457278;0.671928;0.999473;0.650641
0.01,43,epoch_only,14,4457,0.0,25850579066880,25799928545280,0.0,179.992,-0.9999999999999999,-0.9999999999999999,0.3,-0.7,4,2,False,False,4;2;3;3;2,3;3;3;4;3,4;2;3;2;3,0.412296;0.999260;0.587810;0.665647;0.990729
0.01,43,fixed_matched,16,4489,0.718,26045040890880,25985164738560,0.7523,153.051,-0.9999999999999999,-0.9999999999999999,0.3,-0.7,4,2,False,False,4;2;3;3;2,3;3;3;4;3,4;2;3;2;3,0.412296;0.999260;0.587810;0.665647;0.990729
0.01,43,full_fedhad,14,4457,0.0,25850579066880,25799928545280,0.0,182.797,-0.9999999999999999,-0.9999999999999999,0.3,-0.7,4,2,False,False,4;2;3;3;2,3;3;3;4;3,4;2;3;2;3,0.412296;0.999260;0.587810;0.665647;0.990729
0.01,43,lr_only_matched,16,4489,0.718,26045040890880,25985164738560,0.7523,151.66,-0.9999999999999999,-0.9999999999999999,0.3,-0.7,4,2,False,False,4;2;3;3;2,3;3;3;4;3,4;2;3;2;3,0.412296;0.999260;0.587810;0.665647;0.990729
0.01,43,permuted_allocation,14,4318,-3.1187,25047587404800,24995308830720,-3.1063,184.161,-0.9999999999999999,-0.9999999999999999,0.3,-0.7,4,2,False,False,4;2;3;3;2,3;3;3;4;3,4;2;3;2;3,0.412296;0.999260;0.587810;0.665647;0.990729
0.01,44,epoch_only,15,4627,0.0,26821079239680,26783995822080,0.0,171.126,-0.9999999999999999,-0.7,-0.8999999999999998,-0.8999999999999998,3,2,False,False,3;2;3;3;4,4;3;3;3;3,4;2;3;3;3,0.510882;1.000000;0.822153;0.615459;0.430943
0.01,44,fixed_matched,16,4614,-0.281,26749806720000,26708743618560,-0.2657,149.454,-0.9999999999999999,-0.7,-0.8999999999999998,-0.8999999999999998,3,2,False,False,3;2;3;3;4,4;3;3;3;3,4;2;3;3;3,0.510882;1.000000;0.822153;0.615459;0.430943
0.01,44,full_fedhad,15,4627,0.0,26821079239680,26783995822080,0.0,171.829,-0.9999999999999999,-0.7,-0.8999999999999998,-0.8999999999999998,3,2,False,False,3;2;3;3;4,4;3;3;3;3,4;2;3;3;3,0.510882;1.000000;0.822153;0.615459;0.430943
0.01,44,lr_only_matched,16,4614,-0.281,26749806720000,26708743618560,-0.2657,149.111,-0.9999999999999999,-0.7,-0.8999999999999998,-0.8999999999999998,3,2,False,False,3;2;3;3;4,4;3;3;3;3,4;2;3;3;3,0.510882;1.000000;0.822153;0.615459;0.430943
0.01,44,permuted_allocation,15,4541,-1.8587,26321628917760,26286173552640,-1.8622,148.66,-0.9999999999999999,-0.7,-0.8999999999999998,-0.8999999999999998,3,2,False,False,3;2;3;3;4,4;3;3;3;3,4;2;3;3;3,0.510882;1.000000;0.822153;0.615459;0.430943
0.01,45,epoch_only,14,4401,0.0,25512486835200,25475765207040,0.0,160.52,-0.8999999999999998,-0.8999999999999998,0.3,-0.7,3,2,False,False,2;2;3;4;3,4;3;3;3;3,2;2;4;3;3,1.000000;0.961185;0.509025;0.468713;0.666666
0.01,45,fixed_matched,16,4352,-1.1134,25235898808320,25192122286080,-1.0841,137.607,-0.8999999999999998,-0.8999999999999998,0.3,-0.7,3,2,False,False,2;2;3;4;3,4;3;3;3;3,2;2;4;3;3,1.000000;0.961185;0.509025;0.468713;0.666666
0.01,45,full_fedhad,14,4401,0.0,25512486835200,25475765207040,0.0,159.962,-0.8999999999999998,-0.8999999999999998,0.3,-0.7,3,2,False,False,2;2;3;4;3,4;3;3;3;3,2;2;4;3;3,1.000000;0.961185;0.509025;0.468713;0.666666
0.01,45,lr_only_matched,16,4352,-1.1134,25235898808320,25192122286080,-1.0841,137.147,-0.8999999999999998,-0.8999999999999998,0.3,-0.7,3,2,False,False,2;2;3;4;3,4;3;3;3;3,2;2;4;3;3,1.000000;0.961185;0.509025;0.468713;0.666666
0.01,45,permuted_allocation,14,4373,-0.6362,25354565744640,25313683537920,-0.619,151.643,-0.8999999999999998,-0.8999999999999998,0.3,-0.7,3,2,False,False,2;2;3;4;3,4;3;3;3;3,2;2;4;3;3,1.000000;0.961185;0.509025;0.468713;0.666666
0.01,46,epoch_only,16,4635,0.0,26862865920000,26830304870400,0.0,219.726,0.09999999999999999,-0.8999999999999998,-0.09999999999999999,0.09999999999999999,5,3,False,False,2;5;2;4;3,3;3;3;3;4,2;3;5;4;2,0.999753;0.000000;1.000000;0.333307;0.509184
0.01,46,fixed_matched,16,4633,-0.0431,26862504130560,26818727608320,-0.0013,176.882,0.09999999999999999,-0.8999999999999998,-0.09999999999999999,0.09999999999999999,5,3,False,False,2;5;2;4;3,3;3;3;3;4,2;3;5;4;2,0.999753;0.000000;1.000000;0.333307;0.509184
0.01,46,full_fedhad,16,4635,0.0,26862865920000,26830304870400,0.0,221.333,0.09999999999999999,-0.8999999999999998,-0.09999999999999999,0.09999999999999999,5,3,False,False,2;5;2;4;3,3;3;3;3;4,2;3;5;4;2,0.999753;0.000000;1.000000;0.333307;0.509184
0.01,46,lr_only_matched,16,4633,-0.0431,26862504130560,26818727608320,-0.0013,177.409,0.09999999999999999,-0.8999999999999998,-0.09999999999999999,0.09999999999999999,5,3,False,False,2;5;2;4;3,3;3;3;3;4,2;3;5;4;2,0.999753;0.000000;1.000000;0.333307;0.509184
0.01,46,permuted_allocation,16,4634,-0.0216,26863770393600,26824516239360,0.0034,220.509,0.09999999999999999,-0.8999999999999998,-0.09999999999999999,0.09999999999999999,5,3,False,False,2;5;2;4;3,3;3;3;3;4,2;3;5;4;2,0.999753;0.000000;1.000000;0.333307;0.509184
0.01,47,epoch_only,15,4627,0.0,26824154449920,26783995822080,0.0,193.012,-0.8999999999999998,-0.8999999999999998,0.7,-0.7,3,2,False,False,4;3;2;3;3,3;4;4;3;3,4;3;3;2;3,0.407909;0.667416;0.948620;0.761314;0.664085
0.01,47,fixed_matched,17,4628,0.0216,26833741870080,26789784453120,0.0357,162.028,-0.8999999999999998,-0.8999999999999998,0.7,-0.7,3,2,False,False,4;3;2;3;3,3;4;4;3;3,4;3;3;2;3,0.407909;0.667416;0.948620;0.761314;0.664085
0.01,47,full_fedhad,15,4627,0.0,26824154449920,26783995822080,0.0,193.952,-0.8999999999999998,-0.8999999999999998,0.7,-0.7,3,2,False,False,4;3;2;3;3,3;4;4;3;3,4;3;3;2;3,0.407909;0.667416;0.948620;0.761314;0.664085
0.01,47,lr_only_matched,17,4628,0.0216,26833741870080,26789784453120,0.0357,163.196,-0.8999999999999998,-0.8999999999999998,0.7,-0.7,3,2,False,False,4;3;2;3;3,3;4;4;3;3,4;3;3;2;3,0.407909;0.667416;0.948620;0.761314;0.664085
0.01,47,permuted_allocation,15,4587,-0.8645,26591162050560,26552450580480,-0.8686,195.619,-0.8999999999999998,-0.8999999999999998,0.7,-0.7,3,2,False,False,4;3;2;3;3,3;4;4;3;3,4;3;3;2;3,0.407909;0.667416;0.948620;0.761314;0.664085
0.01,48,epoch_only,17,4212,0.0,24421329884160,24381713940480,0.0,131.337,0.0,-0.49999999999999994,,0.09999999999999999,1,2,True,False,3;3;3;3;5,3;3;3;3;3,3;3;5;3;3,0.666482;0.501090;0.666504;0.509017;0.000000
0.01,48,fixed_matched,15,4212,0.0,24421329884160,24381713940480,0.0,131.688,0.0,-0.49999999999999994,,0.09999999999999999,1,2,True,False,3;3;3;3;5,3;3;3;3;3,3;3;5;3;3,0.666482;0.501090;0.666504;0.509017;0.000000
0.01,48,full_fedhad,17,4212,0.0,24421329884160,24381713940480,0.0,131.53,0.0,-0.49999999999999994,,0.09999999999999999,1,2,True,False,3;3;3;3;5,3;3;3;3;3,3;3;5;3;3,0.666482;0.501090;0.666504;0.509017;0.000000
0.01,48,lr_only_matched,15,4212,0.0,24421329884160,24381713940480,0.0,131.473,0.0,-0.49999999999999994,,0.09999999999999999,1,2,True,False,3;3;3;3;5,3;3;3;3;3,3;3;5;3;3,0.666482;0.501090;0.666504;0.509017;0.000000
0.01,48,permuted_allocation,17,4764,13.1054,27622081059840,27577038274560,13.1064,138.092,0.0,-0.49999999999999994,,0.09999999999999999,1,2,True,False,3;3;3;3;5,3;3;3;3;3,3;3;5;3;3,0.666482;0.501090;0.666504;0.509017;0.000000
0.01,49,epoch_only,14,4395,0.0,25476307891200,25441033420800,0.0,163.052,-0.9999999999999999,-0.8999999999999998,0.7999999999999999,-0.7999999999999999,3,2,False,False,3;4;3;2;2,3;3;3;4;3,4;3;3;2;2,0.510836;0.454752;0.666574;0.847880;0.903456
0.01,49,fixed_matched,16,4376,-0.4323,25376815795200,25331049431040,-0.3905,139.376,-0.9999999999999999,-0.8999999999999998,0.7999999999999999,-0.7999999999999999,3,2,False,False,3;4;3;2;2,3;3;3;4;3,4;3;3;2;2,0.510836;0.454752;0.666574;0.847880;0.903456
0.01,49,full_fedhad,14,4395,0.0,25476307891200,25441033420800,0.0,163.252,-0.9999999999999999,-0.8999999999999998,0.7999999999999999,-0.7999999999999999,3,2,False,False,3;4;3;2;2,3;3;3;4;3,4;3;3;2;2,0.510836;0.454752;0.666574;0.847880;0.903456
0.01,49,lr_only_matched,16,4376,-0.4323,25376815795200,25331049431040,-0.3905,140.924,-0.9999999999999999,-0.8999999999999998,0.7999999999999999,-0.7999999999999999,3,2,False,False,3;4;3;2;2,3;3;3;4;3,4;3;3;2;2,0.510836;0.454752;0.666574;0.847880;0.903456
0.01,49,permuted_allocation,14,4327,-1.5472,25083947243520,25047406510080,-1.5401,145.363,-0.9999999999999999,-0.8999999999999998,0.7999999999999999,-0.7999999999999999,3,2,False,False,3;4;3;2;2,3;3;3;4;3,4;3;3;2;2,0.510836;0.454752;0.666574;0.847880;0.903456
0.01,50,epoch_only,13,4517,0.0,26200067665920,26147246407680,0.0,221.73,-0.6,-0.7,0.6,-0.49999999999999994,4,2,False,False,2;2;4;2;3,3;4;3;4;3,2;2;4;3;2,0.998898;0.999753;0.307530;0.999753;0.538505
0.01,50,fixed_matched,17,4489,-0.6199,26049382364160,25985164738560,-0.5751,180.752,-0.6,-0.7,0.6,-0.49999999999999994,4,2,False,False,2;2;4;2;3,3;4;3;4;3,2;2;4;3;2,0.998898;0.999753;0.307530;0.999753;0.538505
0.01,50,full_fedhad,13,4517,0.0,26200067665920,26147246407680,0.0,221.592,-0.6,-0.7,0.6,-0.49999999999999994,4,2,False,False,2;2;4;2;3,3;4;3;4;3,2;2;4;3;2,0.998898;0.999753;0.307530;0.999753;0.538505
0.01,50,lr_only_matched,17,4489,-0.6199,26049382364160,25985164738560,-0.5751,182.26,-0.6,-0.7,0.6,-0.49999999999999994,4,2,False,False,2;2;4;2;3,3;4;3;4;3,2;2;4;3;2,0.998898;0.999753;0.307530;0.999753;0.538505
0.01,50,permuted_allocation,13,4310,-4.5827,25000373882880,24948999782400,-4.579,218.313,-0.6,-0.7,0.6,-0.49999999999999994,4,2,False,False,2;2;4;2;3,3;4;3;4;3,2;2;4;3;2,0.998898;0.999753;0.307530;0.999753;0.538505
0.01,51,epoch_only,17,4634,0.0,26863227709440,26824516239360,0.0,187.912,0.0,-0.8999999999999998,0.6,0.3,4,5,False,False,3;4;5;3;2,4;3;3;3;3,4;3;3;2;5,0.507727;0.408211;0.000000;0.666410;0.999753
0.01,51,fixed_matched,16,4634,0.0,26868111866880,26824516239360,0.0182,152.999,0.0,-0.8999999999999998,0.6,0.3,4,5,False,False,3;4;5;3;2,4;3;3;3;3,4;3;3;2;5,0.507727;0.408211;0.000000;0.666410;0.999753
0.01,51,full_fedhad,17,4634,0.0,26863227709440,26824516239360,0.0,186.156,0.0,-0.8999999999999998,0.6,0.3,4,5,False,False,3;4;5;3;2,4;3;3;3;3,4;3;3;2;5,0.507727;0.408211;0.000000;0.666410;0.999753
0.01,51,lr_only_matched,16,4634,0.0,26868111866880,26824516239360,0.0182,153.833,0.0,-0.8999999999999998,0.6,0.3,4,5,False,False,3;4;5;3;2,4;3;3;3;3,4;3;3;2;5,0.507727;0.408211;0.000000;0.666410;0.999753
0.01,51,permuted_allocation,17,4634,0.0,26873176919040,26824516239360,0.037,154.922,0.0,-0.8999999999999998,0.6,0.3,4,5,False,False,3;4;5;3;2,4;3;3;3;3,4;3;3;2;5,0.507727;0.408211;0.000000;0.666410;0.999753
0.01,52,epoch_only,18,5121,0.0,29670351974400,29643579555840,0.0,186.337,0.0,-0.9999999999999999,0.09999999999999999,-0.3,4,5,False,False,4;5;2;3;4,3;3;4;4;4,5;4;4;2;3,0.430245;0.000000;0.996313;0.692396;0.408217
0.01,52,fixed_matched,18,5135,0.2734,29749764756480,29724620390400,0.2677,190.684,0.0,-0.9999999999999999,0.09999999999999999,-0.3,4,5,False,False,4;5;2;3;4,3;3;4;4;4,5;4;4;2;3,0.430245;0.000000;0.996313;0.692396;0.408217
0.01,52,full_fedhad,18,5121,0.0,29670351974400,29643579555840,0.0,188.0,0.0,-0.9999999999999999,0.09999999999999999,-0.3,4,5,False,False,4;5;2;3;4,3;3;4;4;4,5;4;4;2;3,0.430245;0.000000;0.996313;0.692396;0.408217
0.01,52,lr_only_matched,18,5135,0.2734,29749764756480,29724620390400,0.2677,190.504,0.0,-0.9999999999999999,0.09999999999999999,-0.3,4,5,False,False,4;5;2;3;4,3;3;4;4;4,5;4;4;2;3,0.430245;0.000000;0.996313;0.692396;0.408217
0.01,52,permuted_allocation,18,5109,-0.2343,29604144506880,29574115983360,-0.2231,199.211,0.0,-0.9999999999999999,0.09999999999999999,-0.3,4,5,False,False,4;5;2;3;4,3;3;4;4;4,5;4;4;2;3,0.430245;0.000000;0.996313;0.692396;0.408217
0.01,53,epoch_only,14,4482,0.0,26000902579200,25944644321280,0.0,152.498,-0.8999999999999998,-0.9999999999999999,0.49999999999999994,-0.7,3,2,False,False,3;2;3;2;4,3;4;3;4;3,4;2;3;2;3,0.509853;1.000000;0.509417;0.908552;0.492842
0.01,53,fixed_matched,17,4367,-2.5658,25341903114240,25278951751680,-2.5345,130.224,-0.8999999999999998,-0.9999999999999999,0.49999999999999994,-0.7,3,2,False,False,3;2;3;2;4,3;4;3;4;3,4;2;3;2;3,0.509853;1.000000;0.509417;0.908552;0.492842
0.01,53,full_fedhad,14,4482,0.0,26000902579200,25944644321280,0.0,153.478,-0.8999999999999998,-0.9999999999999999,0.49999999999999994,-0.7,3,2,False,False,3;2;3;2;4,3;4;3;4;3,4;2;3;2;3,0.509853;1.000000;0.509417;0.908552;0.492842
0.01,53,lr_only_matched,17,4367,-2.5658,25341903114240,25278951751680,-2.5345,129.493,-0.8999999999999998,-0.9999999999999999,0.49999999999999994,-0.7,3,2,False,False,3;2;3;2;4,3;4;3;4;3,4;2;3;2;3,0.509853;1.000000;0.509417;0.908552;0.492842
0.01,53,permuted_allocation,14,4459,-0.5132,25869030328320,25811505807360,-0.5072,146.442,-0.8999999999999998,-0.9999999999999999,0.49999999999999994,-0.7,3,2,False,False,3;2;3;2;4,3;4;3;4;3,4;2;3;2;3,0.509853;1.000000;0.509417;0.908552;0.492842
0.01,54,epoch_only,15,4911,0.0,28469391928320,28427967037440,0.0,163.426,-0.7999999999999999,-0.7999999999999999,0.09999999999999999,-0.6,3,2,False,False,2;2;4;3;4,4;4;3;3;4,2;3;4;2;4,0.999520;0.999753;0.436194;0.666398;0.443391
0.01,54,fixed_matched,18,4896,-0.3054,28391968988160,28341137571840,-0.272,169.193,-0.7999999999999999,-0.7999999999999999,0.09999999999999999,-0.6,3,2,False,False,2;2;4;3;4,4;4;3;3;4,2;3;4;2;4,0.999520;0.999753;0.436194;0.666398;0.443391
0.01,54,full_fedhad,15,4911,0.0,28469391928320,28427967037440,0.0,165.151,-0.7999999999999999,-0.7999999999999999,0.09999999999999999,-0.6,3,2,False,False,2;2;4;3;4,4;4;3;3;4,2;3;4;2;4,0.999520;0.999753;0.436194;0.666398;0.443391
0.01,54,lr_only_matched,18,4896,-0.3054,28391968988160,28341137571840,-0.272,168.476,-0.7999999999999999,-0.7999999999999999,0.09999999999999999,-0.6,3,2,False,False,2;2;4;3;4,4;4;3;3;4,2;3;4;2;4,0.999520;0.999753;0.436194;0.666398;0.443391
0.01,54,permuted_allocation,15,4770,-2.8711,27655184793600,27611770060800,-2.8599,165.185,-0.7999999999999999,-0.7999999999999999,0.09999999999999999,-0.6,3,2,False,False,2;2;4;3;4,4;4;3;3;4,2;3;4;2;4,0.999520;0.999753;0.436194;0.666398;0.443391
0.01,55,epoch_only,14,5056,0.0,29298070640640,29267318538240,0.0,194.102,-0.9999999999999999,-0.49999999999999994,0.39999999999999997,-0.7999999999999999,4,2,False,False,2;2;2;4;4,4;4;4;3;4,4;2;2;4;2,0.995090;1.000000;1.000000;0.378185;0.410889
0.01,55,fixed_matched,19,5030,-0.5142,29143767444480,29116814131200,-0.5267,181.766,-0.9999999999999999,-0.49999999999999994,0.39999999999999997,-0.7999999999999999,4,2,False,False,2;2;2;4;4,4;4;4;3;4,4;2;2;4;2,0.995090;1.000000;1.000000;0.378185;0.410889
0.01,55,full_fedhad,14,5056,0.0,29298070640640,29267318538240,0.0,192.174,-0.9999999999999999,-0.49999999999999994,0.39999999999999997,-0.7999999999999999,4,2,False,False,2;2;2;4;4,4;4;4;3;4,4;2;2;4;2,0.995090;1.000000;1.000000;0.378185;0.410889
0.01,55,lr_only_matched,19,5030,-0.5142,29143767444480,29116814131200,-0.5267,180.551,-0.9999999999999999,-0.49999999999999994,0.39999999999999997,-0.7999999999999999,4,2,False,False,2;2;2;4;4,4;4;4;3;4,4;2;2;4;2,0.995090;1.000000;1.000000;0.378185;0.410889
0.01,55,permuted_allocation,14,4272,-15.5063,24752186327040,24729031802880,-15.516,192.288,-0.9999999999999999,-0.49999999999999994,0.39999999999999997,-0.7999999999999999,4,2,False,False,2;2;2;4;4,4;4;4;3;4,4;2;2;4;2,0.995090;1.000000;1.000000;0.378185;0.410889
0.01,56,epoch_only,14,4083,0.0,23658135060480,23634980536320,0.0,133.2,-0.8999999999999998,0.0,,0.6,1,2,True,False,3;3;3;2;3,3;3;3;3;3,3;3;2;3;3,0.509122;0.616705;0.664885;0.912235;0.666574
0.01,56,fixed_matched,15,4215,3.2329,24422415252480,24399079833600,3.2305,135.366,-0.8999999999999998,0.0,,0.6,1,2,True,False,3;3;3;2;3,3;3;3;3;3,3;3;2;3;3,0.509122;0.616705;0.664885;0.912235;0.666574
0.01,56,full_fedhad,14,4083,0.0,23658135060480,23634980536320,0.0,132.704,-0.8999999999999998,0.0,,0.6,1,2,True,False,3;3;3;2;3,3;3;3;3;3,3;3;2;3;3,0.509122;0.616705;0.664885;0.912235;0.666574
0.01,56,lr_only_matched,15,4215,3.2329,24422415252480,24399079833600,3.2305,135.604,-0.8999999999999998,0.0,,0.6,1,2,True,False,3;3;3;2;3,3;3;3;3;3,3;3;2;3;3,0.509122;0.616705;0.664885;0.912235;0.666574
0.01,56,permuted_allocation,14,3942,-3.4533,22841757189120,22818783559680,-3.4507,131.377,-0.8999999999999998,0.0,,0.6,1,2,True,False,3;3;3;2;3,3;3;3;3;3,3;3;2;3;3,0.509122;0.616705;0.664885;0.912235;0.666574
0.01,57,epoch_only,18,4774,0.0,27658079109120,27634924584960,0.0,193.976,0.0,-0.8999999999999998,-0.3,-0.39999999999999997,1,3,True,False,3;5;3;3;4,3;3;3;3;4,3;4;3;5;3,0.666668;0.000000;0.656890;0.666580;0.408252
0.01,57,fixed_matched,16,4774,0.0,27658079109120,27634924584960,0.0,193.093,0.0,-0.8999999999999998,-0.3,-0.39999999999999997,1,3,True,False,3;5;3;3;4,3;3;3;3;4,3;4;3;5;3,0.666668;0.000000;0.656890;0.666580;0.408252
0.01,57,full_fedhad,18,4774,0.0,27658079109120,27634924584960,0.0,190.385,0.0,-0.8999999999999998,-0.3,-0.39999999999999997,1,3,True,False,3;5;3;3;4,3;3;3;3;4,3;4;3;5;3,0.666668;0.000000;0.656890;0.666580;0.408252
0.01,57,lr_only_matched,16,4774,0.0,27658079109120,27634924584960,0.0,193.656,0.0,-0.8999999999999998,-0.3,-0.39999999999999997,1,3,True,False,3;5;3;3;4,3;3;3;3;4,3;4;3;5;3,0.666668;0.000000;0.656890;0.666580;0.408252
0.01,57,permuted_allocation,18,4777,0.0628,27677796633600,27652290478080,0.0713,156.438,0.0,-0.8999999999999998,-0.3,-0.39999999999999997,1,3,True,False,3;5;3;3;4,3;3;3;3;4,3;4;3;5;3,0.666668;0.000000;0.656890;0.666580;0.408252
0.01,58,epoch_only,14,4072,0.0,23607846328320,23571305594880,0.0,131.441,-0.9999999999999999,-0.7,-0.6,-0.6,2,2,False,False,3;2;3;3;3,2;3;3;3;3,2;3;3;3;3,0.674340;0.999753;0.586767;0.509069;0.666113
0.01,58,fixed_matched,14,3965,-2.6277,22990814438400,22951922073600,-2.6137,131.133,-0.9999999999999999,-0.7,-0.6,-0.6,2,2,False,False,3;2;3;3;3,2;3;3;3;3,2;3;3;3;3,0.674340;0.999753;0.586767;0.509069;0.666113
0.01,58,full_fedhad,14,4072,0.0,23607846328320,23571305594880,0.0,132.854,-0.9999999999999999,-0.7,-0.6,-0.6,2,2,False,False,3;2;3;3;3,2;3;3;3;3,2;3;3;3;3,0.674340;0.999753;0.586767;0.509069;0.666113
0.01,58,lr_only_matched,14,3965,-2.6277,22990814438400,22951922073600,-2.6137,131.479,-0.9999999999999999,-0.7,-0.6,-0.6,2,2,False,False,3;2;3;3;3,2;3;3;3;3,2;3;3;3;3,0.674340;0.999753;0.586767;0.509069;0.666113
0.01,58,permuted_allocation,14,3965,-2.6277,22990814438400,22951922073600,-2.6137,131.731,-0.9999999999999999,-0.7,-0.6,-0.6,2,2,False,False,3;2;3;3;3,2;3;3;3;3,2;3;3;3;3,0.674340;0.999753;0.586767;0.509069;0.666113
0.01,59,epoch_only,15,4630,0.0,26845861816320,26801361715200,0.0,184.687,-0.7,-0.9999999999999999,0.0,0.09999999999999999,3,4,False,False,4;2;3;3;3,3;3;3;3;4,3;3;3;2;4,0.408310;0.998266;0.666717;0.649259;0.509125
0.01,59,fixed_matched,16,4633,0.0648,26864493972480,26818727608320,0.0694,151.802,-0.7,-0.9999999999999999,0.0,0.09999999999999999,3,4,False,False,4;2;3;3;3,3;3;3;3;4,3;3;3;2;4,0.408310;0.998266;0.666717;0.649259;0.509125
0.01,59,full_fedhad,15,4630,0.0,26845861816320,26801361715200,0.0,184.796,-0.7,-0.9999999999999999,0.0,0.09999999999999999,3,4,False,False,4;2;3;3;3,3;3;3;3;4,3;3;3;2;4,0.408310;0.998266;0.666717;0.649259;0.509125
0.01,59,lr_only_matched,16,4633,0.0648,26864493972480,26818727608320,0.0694,151.795,-0.7,-0.9999999999999999,0.0,0.09999999999999999,3,4,False,False,4;2;3;3;3,3;3;3;3;4,3;3;3;2;4,0.408310;0.998266;0.666717;0.649259;0.509125
0.01,59,permuted_allocation,15,4622,-0.1728,26799914557440,26755052666880,-0.1712,151.749,-0.7,-0.9999999999999999,0.0,0.09999999999999999,3,4,False,False,4;2;3;3;3,3;3;3;3;4,3;3;3;2;4,0.408310;0.998266;0.666717;0.649259;0.509125
0.01,60,epoch_only,14,4482,0.0,25999455421440,25944644321280,0.0,186.417,-0.9999999999999999,-0.8999999999999998,0.6,-0.7,3,2,False,False,3;2;2;3;4,3;4;4;3;3,3;2;3;2;4,0.642540;1.000000;0.999753;0.666575;0.408504
0.01,60,fixed_matched,17,4489,0.1562,26050286837760,25985164738560,0.1955,159.891,-0.9999999999999999,-0.8999999999999998,0.6,-0.7,3,2,False,False,3;2;2;3;4,3;4;4;3;3,3;2;3;2;4,0.642540;1.000000;0.999753;0.666575;0.408504
0.01,60,full_fedhad,14,4482,0.0,25999455421440,25944644321280,0.0,186.37,-0.9999999999999999,-0.8999999999999998,0.6,-0.7,3,2,False,False,3;2;2;3;4,3;4;4;3;3,3;2;3;2;4,0.642540;1.000000;0.999753;0.666575;0.408504
0.01,60,lr_only_matched,17,4489,0.1562,26050286837760,25985164738560,0.1955,162.25,-0.9999999999999999,-0.8999999999999998,0.6,-0.7,3,2,False,False,3;2;2;3;4,3;4;4;3;3,3;2;3;2;4,0.642540;1.000000;0.999753;0.666575;0.408504
0.01,60,permuted_allocation,14,4341,-3.1459,25185790970880,25128447344640,-3.1295,188.211,-0.9999999999999999,-0.8999999999999998,0.6,-0.7,3,2,False,False,3;2;2;3;4,3;4;4;3;3,3;2;3;2;4,0.642540;1.000000;0.999753;0.666575;0.408504
0.01,61,epoch_only,15,4770,0.0,27633477427200,27611770060800,0.0,192.048,-0.9999999999999999,-0.7,-0.19999999999999998,-0.3,1,2,True,False,4;3;3;2;3,4;3;3;3;3,3;3;4;2;3,0.408197;0.664015;0.650439;0.955167;0.666591
0.01,61,fixed_matched,16,4772,0.0419,27646863636480,27623347322880,0.0484,191.749,-0.9999999999999999,-0.7,-0.19999999999999998,-0.3,1,2,True,False,4;3;3;2;3,4;3;3;3;3,3;3;4;2;3,0.408197;0.664015;0.650439;0.955167;0.666591
0.01,61,full_fedhad,15,4770,0.0,27633477427200,27611770060800,0.0,191.682,-0.9999999999999999,-0.7,-0.19999999999999998,-0.3,1,2,True,False,4;3;3;2;3,4;3;3;3;3,3;3;4;2;3,0.408197;0.664015;0.650439;0.955167;0.666591
0.01,61,lr_only_matched,16,4772,0.0419,27646863636480,27623347322880,0.0484,193.233,-0.9999999999999999,-0.7,-0.19999999999999998,-0.3,1,2,True,False,4;3;3;2;3,4;3;3;3;3,3;3;4;2;3,0.408197;0.664015;0.650439;0.955167;0.666591
0.01,61,permuted_allocation,15,4496,-5.7442,26051010416640,26025685155840,-5.7266,155.81,-0.9999999999999999,-0.7,-0.19999999999999998,-0.3,1,2,True,False,4;3;3;2;3,4;3;3;3;3,3;3;4;2;3,0.408197;0.664015;0.650439;0.955167;0.666591
0.01,62,epoch_only,14,4643,0.0,26914963599360,26876613918720,0.0,190.929,-0.8999999999999998,-0.8999999999999998,0.8999999999999998,-0.6,4,2,False,False,3;4;3;2;2,4;3;3;4;4,2;4;3;3;2,0.666735;0.394515;0.509855;0.999753;0.989155
0.01,62,fixed_matched,18,4633,-0.2154,26864313077760,26818727608320,-0.1882,156.639,-0.8999999999999998,-0.8999999999999998,0.8999999999999998,-0.6,4,2,False,False,3;4;3;2;2,4;3;3;4;4,2;4;3;3;2,0.666735;0.394515;0.509855;0.999753;0.989155
0.01,62,full_fedhad,14,4643,0.0,26914963599360,26876613918720,0.0,189.705,-0.8999999999999998,-0.8999999999999998,0.8999999999999998,-0.6,4,2,False,False,3;4;3;2;2,4;3;3;4;4,2;4;3;3;2,0.666735;0.394515;0.509855;0.999753;0.989155
0.01,62,lr_only_matched,18,4633,-0.2154,26864313077760,26818727608320,-0.1882,155.725,-0.8999999999999998,-0.8999999999999998,0.8999999999999998,-0.6,4,2,False,False,3;4;3;2;2,4;3;3;4;4,2;4;3;3;2,0.666735;0.394515;0.509855;0.999753;0.989155
0.01,62,permuted_allocation,14,4505,-2.9722,26119750410240,26077782835200,-2.9545,190.096,-0.8999999999999998,-0.8999999999999998,0.8999999999999998,-0.6,4,2,False,False,3;4;3;2;2,4;3;3;4;4,2;4;3;3;2,0.666735;0.394515;0.509855;0.999753;0.989155
0.01,63,epoch_only,15,4503,0.0,26108173148160,26066205573120,0.0,157.907,-0.9999999999999999,-0.7,-0.19999999999999998,-0.49999999999999994,3,2,False,False,3;2;3;3;4,3;3;3;4;3,3;3;2;3;4,0.515684;0.999753;0.830062;0.666495;0.457480
0.01,63,fixed_matched,16,4491,-0.2665,26039614049280,25996742000640,-0.2626,133.751,-0.9999999999999999,-0.7,-0.19999999999999998,-0.49999999999999994,3,2,False,False,3;2;3;3;4,3;3;3;4;3,3;3;2;3;4,0.515684;0.999753;0.830062;0.666495;0.457480
0.01,63,full_fedhad,15,4503,0.0,26108173148160,26066205573120,0.0,158.035,-0.9999999999999999,-0.7,-0.19999999999999998,-0.49999999999999994,3,2,False,False,3;2;3;3;4,3;3;3;4;3,3;3;2;3;4,0.515684;0.999753;0.830062;0.666495;0.457480
0.01,63,lr_only_matched,16,4491,-0.2665,26039614049280,25996742000640,-0.2626,133.354,-0.9999999999999999,-0.7,-0.19999999999999998,-0.49999999999999994,3,2,False,False,3;2;3;3;4,3;3;3;4;3,3;3;2;3;4,0.515684;0.999753;0.830062;0.666495;0.457480
0.01,63,permuted_allocation,15,4474,-0.644,25943197163520,25898335272960,-0.6319,157.478,-0.9999999999999999,-0.7,-0.19999999999999998,-0.49999999999999994,3,2,False,False,3;2;3;3;4,3;3;3;4;3,3;3;2;3;4,0.515684;0.999753;0.830062;0.666495;0.457480
0.01,64,epoch_only,14,4072,0.0,23608569907200,23571305594880,0.0,132.378,-0.9999999999999999,-0.3,,0.3,1,2,True,False,3;3;2;3;3,3;3;3;3;3,2;3;3;3;3,0.666482;0.509122;0.999753;0.666207;0.666672
0.01,64,fixed_matched,15,4212,3.4381,24421872568320,24381713940480,3.4449,135.134,-0.9999999999999999,-0.3,,0.3,1,2,True,False,3;3;2;3;3,3;3;3;3;3,2;3;3;3;3,0.666482;0.509122;0.999753;0.666207;0.666672
0.01,64,full_fedhad,14,4072,0.0,23608569907200,23571305594880,0.0,133.116,-0.9999999999999999,-0.3,,0.3,1,2,True,False,3;3;2;3;3,3;3;3;3;3,2;3;3;3;3,0.666482;0.509122;0.999753;0.666207;0.666672
0.01,64,lr_only_matched,15,4212,3.4381,24421872568320,24381713940480,3.4449,135.076,-0.9999999999999999,-0.3,,0.3,1,2,True,False,3;3;2;3;3,3;3;3;3;3,2;3;3;3;3,0.666482;0.509122;0.999753;0.666207;0.666672
0.01,64,permuted_allocation,14,3931,-3.4627,22793458298880,22755108618240,-3.4526,132.264,-0.9999999999999999,-0.3,,0.3,1,2,True,False,3;3;2;3;3,3;3;3;3;3,2;3;3;3;3,0.666482;0.509122;0.999753;0.666207;0.666672
0.01,65,epoch_only,14,4428,0.0,25664981084160,25632058245120,0.0,179.775,-0.9999999999999999,-0.7999999999999999,0.19999999999999998,-0.8999999999999998,3,2,False,False,3;2;2;4;3,3;4;3;3;3,3;3;2;4;2,0.551487;0.837592;1.000000;0.413303;0.581341
0.01,65,fixed_matched,16,4379,-1.1066,25393096320000,25348415324160,-1.0594,153.091,-0.9999999999999999,-0.7999999999999999,0.19999999999999998,-0.8999999999999998,3,2,False,False,3;2;2;4;3,3;4;3;3;3,3;3;2;4;2,0.551487;0.837592;1.000000;0.413303;0.581341
0.01,65,full_fedhad,14,4428,0.0,25664981084160,25632058245120,0.0,178.593,-0.9999999999999999,-0.7999999999999999,0.19999999999999998,-0.8999999999999998,3,2,False,False,3;2;2;4;3,3;4;3;3;3,3;3;2;4;2,0.551487;0.837592;1.000000;0.413303;0.581341
0.01,65,lr_only_matched,16,4379,-1.1066,25393096320000,25348415324160,-1.0594,155.118,-0.9999999999999999,-0.7999999999999999,0.19999999999999998,-0.8999999999999998,3,2,False,False,3;2;2;4;3,3;4;3;3;3,3;3;2;4;2,0.551487;0.837592;1.000000;0.413303;0.581341
0.01,65,permuted_allocation,14,4329,-2.2358,25093715558400,25058983772160,-2.2259,184.348,-0.9999999999999999,-0.7999999999999999,0.19999999999999998,-0.8999999999999998,3,2,False,False,3;2;2;4;3,3;4;3;3;3,3;3;2;4;2,0.551487;0.837592;1.000000;0.413303;0.581341
0.01,66,epoch_only,15,4643,0.0,26915325388800,26876613918720,0.0,188.103,-0.7,-0.7,0.09999999999999999,-0.7,4,2,False,False,4;2;3;3;3,3;3;4;3;4,4;3;3;3;2,0.408173;0.854648;0.536501;0.596219;0.584232
0.01,66,fixed_matched,17,4643,0.0,26922922967040,26876613918720,0.0282,155.437,-0.7,-0.7,0.09999999999999999,-0.7,4,2,False,False,4;2;3;3;3,3;3;4;3;4,4;3;3;3;2,0.408173;0.854648;0.536501;0.596219;0.584232
0.01,66,full_fedhad,15,4643,0.0,26915325388800,26876613918720,0.0,189.289,-0.7,-0.7,0.09999999999999999,-0.7,4,2,False,False,4;2;3;3;3,3;3;4;3;4,4;3;3;3;2,0.408173;0.854648;0.536501;0.596219;0.584232
0.01,66,lr_only_matched,17,4643,0.0,26922922967040,26876613918720,0.0282,156.21,-0.7,-0.7,0.09999999999999999,-0.7,4,2,False,False,4;2;3;3;3,3;3;4;3;4,4;3;3;3;2,0.408173;0.854648;0.536501;0.596219;0.584232
0.01,66,permuted_allocation,15,4676,0.7107,27107254686720,27067638743040,0.7131,188.616,-0.7,-0.7,0.09999999999999999,-0.7,4,2,False,False,4;2;3;3;3,3;3;4;3;4,4;3;3;3;2,0.408173;0.854648;0.536501;0.596219;0.584232
0.01,67,epoch_only,13,4491,0.0,26031654681600,25996742000640,0.0,225.407,-0.9999999999999999,-0.8999999999999998,-0.7999999999999999,-0.3,5,2,False,False,3;2;2;2;4,4;3;3;3;3,2;2;2;3;4,0.666482;0.993632;1.000000;0.993144;0.333336
0.01,67,fixed_matched,16,4493,0.0445,26050648627200,26008319262720,0.073,186.234,-0.9999999999999999,-0.8999999999999998,-0.7999999999999999,-0.3,5,2,False,False,3;2;2;2;4,4;3;3;3;3,2;2;2;3;4,0.666482;0.993632;1.000000;0.993144;0.333336
0.01,67,full_fedhad,13,4491,0.0,26031654681600,25996742000640,0.0,227.19,-0.9999999999999999,-0.8999999999999998,-0.7999999999999999,-0.3,5,2,False,False,3;2;2;2;4,4;3;3;3;3,2;2;2;3;4,0.666482;0.993632;1.000000;0.993144;0.333336
0.01,67,lr_only_matched,16,4493,0.0445,26050648627200,26008319262720,0.073,185.117,-0.9999999999999999,-0.8999999999999998,-0.7999999999999999,-0.3,5,2,False,False,3;2;2;2;4,4;3;3;3;3,2;2;2;3;4,0.666482;0.993632;1.000000;0.993144;0.333336
0.01,67,permuted_allocation,13,4351,-3.1173,25222331704320,25186333655040,-3.109,227.879,-0.9999999999999999,-0.8999999999999998,-0.7999999999999999,-0.3,5,2,False,False,3;2;2;2;4,4;3;3;3;3,2;2;2;3;4,0.666482;0.993632;1.000000;0.993144;0.333336
0.01,68,epoch_only,14,4072,0.0,23607846328320,23571305594880,0.0,132.944,-0.8999999999999998,-0.3,,0.19999999999999998,1,2,True,False,3;3;2;3;3,3;3;3;3;3,2;3;3;3;3,0.666316;0.666482;0.999753;0.509129;0.666667
0.01,68,fixed_matched,15,4212,3.4381,24421872568320,24381713940480,3.4481,135.073,-0.8999999999999998,-0.3,,0.19999999999999998,1,2,True,False,3;3;2;3;3,3;3;3;3;3,2;3;3;3;3,0.666316;0.666482;0.999753;0.509129;0.666667
0.01,68,full_fedhad,14,4072,0.0,23607846328320,23571305594880,0.0,132.738,-0.8999999999999998,-0.3,,0.19999999999999998,1,2,True,False,3;3;2;3;3,3;3;3;3;3,2;3;3;3;3,0.666316;0.666482;0.999753;0.509129;0.666667
0.01,68,lr_only_matched,15,4212,3.4381,24421872568320,24381713940480,3.4481,134.941,-0.8999999999999998,-0.3,,0.19999999999999998,1,2,True,False,3;3;2;3;3,3;3;3;3;3,2;3;3;3;3,0.666316;0.666482;0.999753;0.509129;0.666667
0.01,68,permuted_allocation,14,3931,-3.4627,22793096509440,22755108618240,-3.4512,131.33,-0.8999999999999998,-0.3,,0.19999999999999998,1,2,True,False,3;3;2;3;3,3;3;3;3;3,2;3;3;3;3,0.666316;0.666482;0.999753;0.509129;0.666667
0.01,69,epoch_only,15,4813,0.0,27889081666560,27860681195520,0.0,199.763,-0.8999999999999998,-0.6,-0.09999999999999999,-0.3,1,2,True,False,4;3;3;2;3,4;3;3;3;3,3;4;3;2;3,0.370609;0.509127;0.671238;1.000000;0.743639
0.01,69,fixed_matched,16,4814,0.0208,27889262561280,27866469826560,0.0006,198.541,-0.8999999999999998,-0.6,-0.09999999999999999,-0.3,1,2,True,False,4;3;3;2;3,4;3;3;3;3,3;4;3;2;3,0.370609;0.509127;0.671238;1.000000;0.743639
0.01,69,full_fedhad,15,4813,0.0,27889081666560,27860681195520,0.0,200.018,-0.8999999999999998,-0.6,-0.09999999999999999,-0.3,1,2,True,False,4;3;3;2;3,4;3;3;3;3,3;4;3;2;3,0.370609;0.509127;0.671238;1.000000;0.743639
0.01,69,lr_only_matched,16,4814,0.0208,27889262561280,27866469826560,0.0006,197.694,-0.8999999999999998,-0.6,-0.09999999999999999,-0.3,1,2,True,False,4;3;3;2;3,4;3;3;3;3,3;4;3;2;3,0.370609;0.509127;0.671238;1.000000;0.743639
0.01,69,permuted_allocation,15,4633,-3.7399,26851650447360,26818727608320,-3.7198,161.668,-0.8999999999999998,-0.6,-0.09999999999999999,-0.3,1,2,True,False,4;3;3;2;3,4;3;3;3;3,3;4;3;2;3,0.370609;0.509127;0.671238;1.000000;0.743639
0.01,70,epoch_only,15,4499,0.0,26099490201600,26043051048960,0.0,161.27,-0.7,-0.8999999999999998,0.19999999999999998,-0.3,3,2,False,False,3;4;3;2;3,3;3;3;3;4,3;4;2;3;3,0.666668;0.494752;0.665291;0.999507;0.666575
0.01,70,fixed_matched,16,4490,-0.2,26049382364160,25990953369600,-0.192,137.983,-0.7,-0.8999999999999998,0.19999999999999998,-0.3,3,2,False,False,3;4;3;2;3,3;3;3;3;4,3;4;2;3;3,0.666668;0.494752;0.665291;0.999507;0.666575
0.01,70,full_fedhad,15,4499,0.0,26099490201600,26043051048960,0.0,162.297,-0.7,-0.8999999999999998,0.19999999999999998,-0.3,3,2,False,False,3;4;3;2;3,3;3;3;3;4,3;4;2;3;3,0.666668;0.494752;0.665291;0.999507;0.666575
0.01,70,lr_only_matched,16,4490,-0.2,26049382364160,25990953369600,-0.192,137.952,-0.7,-0.8999999999999998,0.19999999999999998,-0.3,3,2,False,False,3;4;3;2;3,3;3;3;3;4,3;4;2;3;3,0.666668;0.494752;0.665291;0.999507;0.666575
0.01,70,permuted_allocation,15,4367,-2.934,25333943746560,25278951751680,-2.9332,161.172,-0.7,-0.8999999999999998,0.19999999999999998,-0.3,3,2,False,False,3;4;3;2;3,3;3;3;3;4,3;4;2;3;3,0.666668;0.494752;0.665291;0.999507;0.666575
0.01,71,epoch_only,13,4341,0.0,25162455552000,25128447344640,0.0,190.543,-0.9999999999999999,-0.8999999999999998,0.3,-0.7999999999999999,4,2,False,False,2;3;4;2;2,3;3;3;4;3,2;4;3;2;2,0.993628;0.509827;0.406870;0.999260;0.912453
0.01,71,fixed_matched,16,4352,0.2534,25236441492480,25192122286080,0.294,158.356,-0.9999999999999999,-0.8999999999999998,0.3,-0.7999999999999999,4,2,False,False,2;3;4;2;2,3;3;3;4;3,2;4;3;2;2,0.993628;0.509827;0.406870;0.999260;0.912453
0.01,71,full_fedhad,13,4341,0.0,25162455552000,25128447344640,0.0,188.462,-0.9999999999999999,-0.8999999999999998,0.3,-0.7999999999999999,4,2,False,False,2;3;4;2;2,3;3;3;4;3,2;4;3;2;2,0.993628;0.509827;0.406870;0.999260;0.912453
0.01,71,lr_only_matched,16,4352,0.2534,25236441492480,25192122286080,0.294,158.898,-0.9999999999999999,-0.8999999999999998,0.3,-0.7999999999999999,4,2,False,False,2;3;4;2;2,3;3;3;4;3,2;4;3;2;2,0.993628;0.509827;0.406870;0.999260;0.912453
0.01,71,permuted_allocation,13,4185,-3.5936,24257981952000,24225420902400,-3.5945,152.552,-0.9999999999999999,-0.8999999999999998,0.3,-0.7999999999999999,4,2,False,False,2;3;4;2;2,3;3;3;4;3,2;4;3;2;2,0.993628;0.509827;0.406870;0.999260;0.912453
0.1,42,epoch_only,17,5015,0.0,29078283555840,29029984665600,0.0,183.52,-0.8999999999999998,-0.8999999999999998,-0.09999999999999999,-0.09999999999999999,2,2,False,False,4;4;3;3;3,3;4;3;3;4,3;4;3;3;4,0.421031;0.378984;0.606120;0.815207;0.512557
0.1,42,fixed_matched,17,5018,0.0598,29096373027840,29047350558720,0.0622,184.378,-0.8999999999999998,-0.8999999999999998,-0.09999999999999999,-0.09999999999999999,2,2,False,False,4;4;3;3;3,3;4;3;3;4,3;4;3;3;4,0.421031;0.378984;0.606120;0.815207;0.512557
0.1,42,full_fedhad,17,5015,0.0,29078283555840,29029984665600,0.0,183.414,-0.8999999999999998,-0.8999999999999998,-0.09999999999999999,-0.09999999999999999,2,2,False,False,4;4;3;3;3,3;4;3;3;4,3;4;3;3;4,0.421031;0.378984;0.606120;0.815207;0.512557
0.1,42,lr_only_matched,17,5018,0.0598,29096373027840,29047350558720,0.0622,183.354,-0.8999999999999998,-0.8999999999999998,-0.09999999999999999,-0.09999999999999999,2,2,False,False,4;4;3;3;3,3;4;3;3;4,3;4;3;3;4,0.421031;0.378984;0.606120;0.815207;0.512557
0.1,42,permuted_allocation,17,5018,0.0598,29096373027840,29047350558720,0.0622,182.935,-0.8999999999999998,-0.8999999999999998,-0.09999999999999999,-0.09999999999999999,2,2,False,False,4;4;3;3;3,3;4;3;3;4,3;4;3;3;4,0.421031;0.378984;0.606120;0.815207;0.512557
0.1,43,epoch_only,16,4902,0.0,28398300303360,28375869358080,0.0,162.522,-0.8999999999999998,-0.9999999999999999,-0.09999999999999999,-0.7,3,2,False,False,4;3;4;3;2,4;3;3;4;3,4;2;4;3;3,0.484365;0.615139;0.408595;0.530218;0.906083
0.1,43,fixed_matched,17,4894,-0.1632,28355066465280,28329560309760,-0.1522,145.697,-0.8999999999999998,-0.9999999999999999,-0.09999999999999999,-0.7,3,2,False,False,4;3;4;3;2,4;3;3;4;3,4;2;4;3;3,0.484365;0.615139;0.408595;0.530218;0.906083
0.1,43,full_fedhad,16,4902,0.0,28398300303360,28375869358080,0.0,162.805,-0.8999999999999998,-0.9999999999999999,-0.09999999999999999,-0.7,3,2,False,False,4;3;4;3;2,4;3;3;4;3,4;2;4;3;3,0.484365;0.615139;0.408595;0.530218;0.906083
0.1,43,lr_only_matched,17,4894,-0.1632,28355066465280,28329560309760,-0.1522,147.573,-0.8999999999999998,-0.9999999999999999,-0.09999999999999999,-0.7,3,2,False,False,4;3;4;3;2,4;3;3;4;3,4;2;4;3;3,0.484365;0.615139;0.408595;0.530218;0.906083
0.1,43,permuted_allocation,16,4906,0.0816,28422540195840,28399023882240,0.0854,164.357,-0.8999999999999998,-0.9999999999999999,-0.09999999999999999,-0.7,3,2,False,False,4;3;4;3;2,4;3;3;4;3,4;2;4;3;3,0.484365;0.615139;0.408595;0.530218;0.906083
0.1,44,epoch_only,17,4953,0.0,28697319275520,28671089541120,0.0,164.201,-0.8999999999999998,-0.8999999999999998,-0.3,-0.3,2,2,False,False,4;3;3;3;4,3;3;3;4;4,3;3;3;4;4,0.429345;0.671323;0.517940;0.633786;0.415262
0.1,44,fixed_matched,17,4930,-0.4644,28564542551040,28537951027200,-0.4627,164.771,-0.8999999999999998,-0.8999999999999998,-0.3,-0.3,2,2,False,False,4;3;3;3;4,3;3;3;4;4,3;3;3;4;4,0.429345;0.671323;0.517940;0.633786;0.415262
0.1,44,full_fedhad,17,4953,0.0,28697319275520,28671089541120,0.0,163.884,-0.8999999999999998,-0.8999999999999998,-0.3,-0.3,2,2,False,False,4;3;3;3;4,3;3;3;4;4,3;3;3;4;4,0.429345;0.671323;0.517940;0.633786;0.415262
0.1,44,lr_only_matched,17,4930,-0.4644,28564542551040,28537951027200,-0.4627,164.444,-0.8999999999999998,-0.8999999999999998,-0.3,-0.3,2,2,False,False,4;3;3;3;4,3;3;3;4;4,3;3;3;4;4,0.429345;0.671323;0.517940;0.633786;0.415262
0.1,44,permuted_allocation,17,4930,-0.4644,28564542551040,28537951027200,-0.4627,164.392,-0.8999999999999998,-0.8999999999999998,-0.3,-0.3,2,2,False,False,4;3;3;3;4,3;3;3;4;4,3;3;3;4;4,0.429345;0.671323;0.517940;0.633786;0.415262
0.1,45,epoch_only,17,5179,0.0,30027619046400,29979320156160,0.0,178.917,-0.9999999999999999,-0.7999999999999999,-0.39999999999999997,-0.8999999999999998,4,2,False,False,3;3;3;4;4,4;4;4;4;3,3;4;3;4;3,0.748224;0.638869;0.640641;0.384687;0.428181
0.1,45,fixed_matched,19,5164,-0.2896,29943141212160,29892490690560,-0.2813,180.9,-0.9999999999999999,-0.7999999999999999,-0.39999999999999997,-0.8999999999999998,4,2,False,False,3;3;3;4;4,4;4;4;4;3,3;4;3;4;3,0.748224;0.638869;0.640641;0.384687;0.428181
0.1,45,full_fedhad,17,5179,0.0,30027619046400,29979320156160,0.0,177.913,-0.9999999999999999,-0.7999999999999999,-0.39999999999999997,-0.8999999999999998,4,2,False,False,3;3;3;4;4,4;4;4;4;3,3;4;3;4;3,0.748224;0.638869;0.640641;0.384687;0.428181
0.1,45,lr_only_matched,19,5164,-0.2896,29943141212160,29892490690560,-0.2813,179.817,-0.9999999999999999,-0.7999999999999999,-0.39999999999999997,-0.8999999999999998,4,2,False,False,3;3;3;4;4,4;4;4;4;3,3;4;3;4;3,0.748224;0.638869;0.640641;0.384687;0.428181
0.1,45,permuted_allocation,17,4976,-3.9197,28852888734720,28804228055040,-3.9122,177.84,-0.9999999999999999,-0.7999999999999999,-0.39999999999999997,-0.8999999999999998,4,2,False,False,3;3;3;4;4,4;4;4;4;3,3;4;3;4;3,0.748224;0.638869;0.640641;0.384687;0.428181
0.1,46,epoch_only,16,4734,0.0,27445346918400,27403379343360,0.0,183.225,-0.8999999999999998,-0.8999999999999998,0.6,-0.7,4,2,False,False,3;3;4;3;3,4;4;3;3;4,3;3;3;4;3,0.819906;0.737018;0.371059;0.522364;0.592043
0.1,46,fixed_matched,18,4729,-0.1056,27425448499200,27374436188160,-0.0725,154.191,-0.8999999999999998,-0.8999999999999998,0.6,-0.7,4,2,False,False,3;3;4;3;3,4;4;3;3;4,3;3;3;4;3,0.819906;0.737018;0.371059;0.522364;0.592043
0.1,46,full_fedhad,16,4734,0.0,27445346918400,27403379343360,0.0,181.473,-0.8999999999999998,-0.8999999999999998,0.6,-0.7,4,2,False,False,3;3;4;3;3,4;4;3;3;4,3;3;3;4;3,0.819906;0.737018;0.371059;0.522364;0.592043
0.1,46,lr_only_matched,18,4729,-0.1056,27425448499200,27374436188160,-0.0725,153.129,-0.8999999999999998,-0.8999999999999998,0.6,-0.7,4,2,False,False,3;3;4;3;3,4;4;3;3;4,3;3;3;4;3,0.819906;0.737018;0.371059;0.522364;0.592043
0.1,46,permuted_allocation,16,4577,-3.3164,26537255424000,26494564270080,-3.3087,147.741,-0.8999999999999998,-0.8999999999999998,0.6,-0.7,4,2,False,False,3;3;4;3;3,4;4;3;3;4,3;3;3;4;3,0.819906;0.737018;0.371059;0.522364;0.592043
0.1,47,epoch_only,18,5376,0.0,31170873676800,31119680471040,0.0,159.984,-0.6,-0.7,-0.3,0.09999999999999999,1,2,True,False,3;4;4;3;4,3;4;4;4;4,4;3;4;3;4,0.649796;0.395525;0.411369;0.583410;0.397317
0.1,47,fixed_matched,19,5419,0.7999,31422317337600,31368591605760,0.8067,159.759,-0.6,-0.7,-0.3,0.09999999999999999,1,2,True,False,3;4;4;3;4,3;4;4;4;4,4;3;4;3;4,0.649796;0.395525;0.411369;0.583410;0.397317
0.1,47,full_fedhad,18,5376,0.0,31170873676800,31119680471040,0.0,158.617,-0.6,-0.7,-0.3,0.09999999999999999,1,2,True,False,3;4;4;3;4,3;4;4;4;4,4;3;4;3;4,0.649796;0.395525;0.411369;0.583410;0.397317
0.1,47,lr_only_matched,19,5419,0.7999,31422317337600,31368591605760,0.8067,159.824,-0.6,-0.7,-0.3,0.09999999999999999,1,2,True,False,3;4;4;3;4,3;4;4;4;4,4;3;4;3;4,0.649796;0.395525;0.411369;0.583410;0.397317
0.1,47,permuted_allocation,18,5233,-2.66,30338034385920,30291906232320,-2.6719,160.797,-0.6,-0.7,-0.3,0.09999999999999999,1,2,True,False,3;4;4;3;4,3;4;4;4;4,4;3;4;3;4,0.649796;0.395525;0.411369;0.583410;0.397317
0.1,48,epoch_only,16,4878,0.0,28261363000320,28236942213120,0.0,183.463,-0.7999999999999999,-0.8999999999999998,-0.39999999999999997,-0.7,3,2,False,False,2;3;4;4;3,3;3;3;4;4,2;4;3;4;3,0.878161;0.548986;0.432599;0.314042;0.784629
0.1,48,fixed_matched,17,4856,-0.451,28137088327680,28109592330240,-0.4397,188.509,-0.7999999999999999,-0.8999999999999998,-0.39999999999999997,-0.7,3,2,False,False,2;3;4;4;3,3;3;3;4;4,2;4;3;4;3,0.878161;0.548986;0.432599;0.314042;0.784629
0.1,48,full_fedhad,16,4878,0.0,28261363000320,28236942213120,0.0,183.886,-0.7999999999999999,-0.8999999999999998,-0.39999999999999997,-0.7,3,2,False,False,2;3;4;4;3,3;3;3;4;4,2;4;3;4;3,0.878161;0.548986;0.432599;0.314042;0.784629
0.1,48,lr_only_matched,17,4856,-0.451,28137088327680,28109592330240,-0.4397,188.919,-0.7999999999999999,-0.8999999999999998,-0.39999999999999997,-0.7,3,2,False,False,2;3;4;4;3,3;3;3;4;4,2;4;3;4;3,0.878161;0.548986;0.432599;0.314042;0.784629
0.1,48,permuted_allocation,16,4927,1.0045,28546091289600,28520585134080,1.0075,183.258,-0.7999999999999999,-0.8999999999999998,-0.39999999999999997,-0.7,3,2,False,False,2;3;4;4;3,3;3;3;4;4,2;4;3;4;3,0.878161;0.548986;0.432599;0.314042;0.784629
0.1,49,epoch_only,18,5308,0.0,30776523187200,30726053560320,0.0,163.679,-0.7999999999999999,-0.8999999999999998,-0.3,-0.3,2,2,False,False,3;4;3;4;4,3;4;4;3;4,3;4;4;3;4,0.515585;0.477995;0.602789;0.475833;0.394608
0.1,49,fixed_matched,18,5266,-0.7913,30531953525760,30482931056640,-0.7947,163.164,-0.7999999999999999,-0.8999999999999998,-0.3,-0.3,2,2,False,False,3;4;3;4;4,3;4;4;3;4,3;4;4;3;4,0.515585;0.477995;0.602789;0.475833;0.394608
0.1,49,full_fedhad,18,5308,0.0,30776523187200,30726053560320,0.0,162.76,-0.7999999999999999,-0.8999999999999998,-0.3,-0.3,2,2,False,False,3;4;3;4;4,3;4;4;3;4,3;4;4;3;4,0.515585;0.477995;0.602789;0.475833;0.394608
0.1,49,lr_only_matched,18,5266,-0.7913,30531953525760,30482931056640,-0.7947,164.132,-0.7999999999999999,-0.8999999999999998,-0.3,-0.3,2,2,False,False,3;4;3;4;4,3;4;4;3;4,3;4;4;3;4,0.515585;0.477995;0.602789;0.475833;0.394608
0.1,49,permuted_allocation,18,5266,-0.7913,30531953525760,30482931056640,-0.7947,164.008,-0.7999999999999999,-0.8999999999999998,-0.3,-0.3,2,2,False,False,3;4;3;4;4,3;4;4;3;4,3;4;4;3;4,0.515585;0.477995;0.602789;0.475833;0.394608
0.1,50,epoch_only,16,5102,0.0,29576286720000,29533595566080,0.0,213.172,-0.7,-0.8999999999999998,-0.19999999999999998,-0.49999999999999994,3,2,False,False,3;2;4;3;4,4;4;4;3;3,3;3;4;2;4,0.807339;0.863503;0.260785;0.724999;0.456889
0.1,50,fixed_matched,18,5106,0.0784,29605953454080,29556750090240,0.1003,219.862,-0.7,-0.8999999999999998,-0.19999999999999998,-0.49999999999999994,3,2,False,False,3;2;4;3;4,4;4;4;3;3,3;3;4;2;4,0.807339;0.863503;0.260785;0.724999;0.456889
0.1,50,full_fedhad,16,5102,0.0,29576286720000,29533595566080,0.0,218.316,-0.7,-0.8999999999999998,-0.19999999999999998,-0.49999999999999994,3,2,False,False,3;2;4;3;4,4;4;4;3;3,3;3;4;2;4,0.807339;0.863503;0.260785;0.724999;0.456889
0.1,50,lr_only_matched,18,5106,0.0784,29605953454080,29556750090240,0.1003,216.273,-0.7,-0.8999999999999998,-0.19999999999999998,-0.49999999999999994,3,2,False,False,3;2;4;3;4,4;4;4;3;3,3;3;4;2;4,0.807339;0.863503;0.260785;0.724999;0.456889
0.1,50,permuted_allocation,16,5138,0.7056,29782868490240,29741986283520,0.6985,216.937,-0.7,-0.8999999999999998,-0.19999999999999998,-0.49999999999999994,3,2,False,False,3;2;4;3;4,4;4;4;3;3,3;3;4;2;4,0.807339;0.863503;0.260785;0.724999;0.456889
0.1,51,epoch_only,17,5164,0.0,29958698158080,29892490690560,0.0,186.822,-0.9999999999999999,-0.6,-0.09999999999999999,-0.6,3,2,False,False,3;4;3;3;4,4;4;3;4;3,4;4;3;3;3,0.547120;0.395607;0.830583;0.724508;0.456774
0.1,51,fixed_matched,18,5176,0.2324,30030694256640,29961954263040,0.2403,187.791,-0.9999999999999999,-0.6,-0.09999999999999999,-0.6,3,2,False,False,3;4;3;3;4,4;4;3;4;3,4;4;3;3;3,0.547120;0.395607;0.830583;0.724508;0.456774
0.1,51,full_fedhad,17,5164,0.0,29958698158080,29892490690560,0.0,183.996,-0.9999999999999999,-0.6,-0.09999999999999999,-0.6,3,2,False,False,3;4;3;3;4,4;4;3;4;3,4;4;3;3;3,0.547120;0.395607;0.830583;0.724508;0.456774
0.1,51,lr_only_matched,18,5176,0.2324,30030694256640,29961954263040,0.2403,187.335,-0.9999999999999999,-0.6,-0.09999999999999999,-0.6,3,2,False,False,3;4;3;3;4,4;4;3;4;3,4;4;3;3;3,0.547120;0.395607;0.830583;0.724508;0.456774
0.1,51,permuted_allocation,17,5062,-1.9752,29368619581440,29302050324480,-1.9696,184.927,-0.9999999999999999,-0.6,-0.09999999999999999,-0.6,3,2,False,False,3;4;3;3;4,4;4;3;4;3,4;4;3;3;3,0.547120;0.395607;0.830583;0.724508;0.456774
0.1,52,epoch_only,16,4792,0.0,27781268413440,27739119943680,0.0,201.369,-0.8999999999999998,-0.7,0.3,-0.49999999999999994,4,2,False,False,3;3;3;4;3,4;3;4;3;4,3;3;4;3;3,0.668157;0.533133;0.529009;0.321769;0.624975
0.1,52,fixed_matched,18,4789,-0.0626,27768786677760,27721754050560,-0.0449,171.278,-0.8999999999999998,-0.7,0.3,-0.49999999999999994,4,2,False,False,3;3;3;4;3,4;3;4;3;4,3;3;4;3;3,0.668157;0.533133;0.529009;0.321769;0.624975
0.1,52,full_fedhad,16,4792,0.0,27781268413440,27739119943680,0.0,199.066,-0.8999999999999998,-0.7,0.3,-0.49999999999999994,4,2,False,False,3;3;3;4;3,4;3;4;3;4,3;3;4;3;3,0.668157;0.533133;0.529009;0.321769;0.624975
0.1,52,lr_only_matched,18,4789,-0.0626,27768786677760,27721754050560,-0.0449,170.927,-0.8999999999999998,-0.7,0.3,-0.49999999999999994,4,2,False,False,3;3;3;4;3,4;3;4;3;4,3;3;4;3;3,0.668157;0.533133;0.529009;0.321769;0.624975
0.1,52,permuted_allocation,16,4465,-6.8239,25886758010880,25846237593600,-6.8194,165.403,-0.8999999999999998,-0.7,0.3,-0.49999999999999994,4,2,False,False,3;3;3;4;3,4;3;4;3;4,3;3;4;3;3,0.668157;0.533133;0.529009;0.321769;0.624975
0.1,53,epoch_only,17,5148,0.0,29868974376960,29799872593920,0.0,155.006,-0.8999999999999998,-0.6,0.09999999999999999,-0.19999999999999998,3,2,False,False,4;2;3;4;4,3;3;4;4;4,4;2;4;3;4,0.383321;0.940409;0.528233;0.470761;0.490582
0.1,53,fixed_matched,18,5114,-0.6605,29674512552960,29603059138560,-0.651,142.023,-0.8999999999999998,-0.6,0.09999999999999999,-0.19999999999999998,3,2,False,False,4;2;3;4;4,3;3;4;4;4,4;2;4;3;4,0.383321;0.940409;0.528233;0.470761;0.490582
0.1,53,full_fedhad,17,5148,0.0,29868974376960,29799872593920,0.0,154.197,-0.8999999999999998,-0.6,0.09999999999999999,-0.19999999999999998,3,2,False,False,4;2;3;4;4,3;3;4;4;4,4;2;4;3;4,0.383321;0.940409;0.528233;0.470761;0.490582
0.1,53,lr_only_matched,18,5114,-0.6605,29674512552960,29603059138560,-0.651,142.081,-0.8999999999999998,-0.6,0.09999999999999999,-0.19999999999999998,3,2,False,False,4;2;3;4;4,3;3;4;4;4,4;2;4;3;4,0.383321;0.940409;0.528233;0.470761;0.490582
0.1,53,permuted_allocation,17,5109,-0.7576,29640685240320,29574115983360,-0.7643,155.593,-0.8999999999999998,-0.6,0.09999999999999999,-0.19999999999999998,3,2,False,False,4;2;3;4;4,3;3;4;4;4,4;2;4;3;4,0.383321;0.940409;0.528233;0.470761;0.490582
0.1,54,epoch_only,17,5237,0.0,30363178752000,30315060756480,0.0,156.295,-0.8999999999999998,-0.8999999999999998,-0.49999999999999994,-0.7999999999999999,3,2,False,False,3;2;4;4;4,4;4;3;4;4,2;3;4;4;4,0.746663;0.942484;0.480246;0.478014;0.479011
0.1,54,fixed_matched,19,5257,0.3819,30480398530560,30430833377280,0.3861,161.686,-0.8999999999999998,-0.8999999999999998,-0.49999999999999994,-0.7999999999999999,3,2,False,False,3;2;4;4;4,4;4;3;4;4,2;3;4;4;4,0.746663;0.942484;0.480246;0.478014;0.479011
0.1,54,full_fedhad,17,5237,0.0,30363178752000,30315060756480,0.0,157.029,-0.8999999999999998,-0.8999999999999998,-0.49999999999999994,-0.7999999999999999,3,2,False,False,3;2;4;4;4,4;4;3;4;4,2;3;4;4;4,0.746663;0.942484;0.480246;0.478014;0.479011
0.1,54,lr_only_matched,19,5257,0.3819,30480398530560,30430833377280,0.3861,162.062,-0.8999999999999998,-0.8999999999999998,-0.49999999999999994,-0.7999999999999999,3,2,False,False,3;2;4;4;4,4;4;3;4;4,2;3;4;4;4,0.746663;0.942484;0.480246;0.478014;0.479011
0.1,54,permuted_allocation,17,5158,-1.5085,29902620794880,29857758904320,-1.5168,155.759,-0.8999999999999998,-0.8999999999999998,-0.49999999999999994,-0.7999999999999999,3,2,False,False,3;2;4;4;4,4;4;3;4;4,2;3;4;4;4,0.746663;0.942484;0.480246;0.478014;0.479011
0.1,55,epoch_only,16,4883,0.0,28293924049920,28265885368320,0.0,220.592,-0.49999999999999994,-0.8999999999999998,0.09999999999999999,-0.3,4,2,False,False,3;3;4;3;3,4;3;3;4;4,3;3;3;4;3,0.746278;0.614851;0.264136;0.636438;0.565940
0.1,55,fixed_matched,18,4854,-0.5939,28123521223680,28098015068160,-0.6023,179.352,-0.49999999999999994,-0.8999999999999998,0.09999999999999999,-0.3,4,2,False,False,3;3;4;3;3,4;3;3;4;4,3;3;3;4;3,0.746278;0.614851;0.264136;0.636438;0.565940
0.1,55,full_fedhad,16,4883,0.0,28293924049920,28265885368320,0.0,221.387,-0.49999999999999994,-0.8999999999999998,0.09999999999999999,-0.3,4,2,False,False,3;3;4;3;3,4;3;3;4;4,3;3;3;4;3,0.746278;0.614851;0.264136;0.636438;0.565940
0.1,55,lr_only_matched,18,4854,-0.5939,28123521223680,28098015068160,-0.6023,179.012,-0.49999999999999994,-0.8999999999999998,0.09999999999999999,-0.3,4,2,False,False,3;3;4;3;3,4;3;3;4;4,3;3;3;4;3,0.746278;0.614851;0.264136;0.636438;0.565940
0.1,55,permuted_allocation,16,4474,-8.376,25921670691840,25898335272960,-8.3843,178.054,-0.49999999999999994,-0.8999999999999998,0.09999999999999999,-0.3,4,2,False,False,3;3;4;3;3,4;3;3;4;4,3;3;3;4;3,0.746278;0.614851;0.264136;0.636438;0.565940
0.1,56,epoch_only,16,4757,0.0,27579932590080,27536517857280,0.0,141.694,-0.6,-0.8999999999999998,0.49999999999999994,-0.7,4,2,False,False,4;3;3;2;4,3;4;3;4;3,4;3;2;3;4,0.487905;0.502512;0.682998;0.833700;0.427408
0.1,56,fixed_matched,17,4746,-0.2312,27520056437760,27472842915840,-0.2171,149.422,-0.6,-0.8999999999999998,0.49999999999999994,-0.7,4,2,False,False,4;3;3;2;4,3;4;3;4;3,4;3;2;3;4,0.487905;0.502512;0.682998;0.833700;0.427408
0.1,56,full_fedhad,16,4757,0.0,27579932590080,27536517857280,0.0,141.181,-0.6,-0.8999999999999998,0.49999999999999994,-0.7,4,2,False,False,4;3;3;2;4,3;4;3;4;3,4;3;2;3;4,0.487905;0.502512;0.682998;0.833700;0.427408
0.1,56,lr_only_matched,17,4746,-0.2312,27520056437760,27472842915840,-0.2171,149.166,-0.6,-0.8999999999999998,0.49999999999999994,-0.7,4,2,False,False,4;3;3;2;4,3;4;3;4;3,4;3;2;3;4,0.487905;0.502512;0.682998;0.833700;0.427408
0.1,56,permuted_allocation,16,4758,0.021,27585359431680,27542306488320,0.0197,142.142,-0.6,-0.8999999999999998,0.49999999999999994,-0.7,4,2,False,False,4;3;3;2;4,3;4;3;4;3,4;3;2;3;4,0.487905;0.502512;0.682998;0.833700;0.427408
0.1,57,epoch_only,17,4996,0.0,28966309724160,28920000675840,0.0,189.768,-0.6,-0.8999999999999998,-0.6,-0.19999999999999998,1,2,True,False,4;3;4;3;3,4;4;4;3;3,3;3;4;4;3,0.449177;0.600054;0.318572;0.512381;0.520490
0.1,57,fixed_matched,18,5010,0.2802,29049340400640,29001041510400,0.2866,192.852,-0.6,-0.8999999999999998,-0.6,-0.19999999999999998,1,2,True,False,4;3;4;3;3,4;4;4;3;3,3;3;4;4;3,0.449177;0.600054;0.318572;0.512381;0.520490
0.1,57,full_fedhad,17,4996,0.0,28966309724160,28920000675840,0.0,190.718,-0.6,-0.8999999999999998,-0.6,-0.19999999999999998,1,2,True,False,4;3;4;3;3,4;4;4;3;3,3;3;4;4;3,0.449177;0.600054;0.318572;0.512381;0.520490
0.1,57,lr_only_matched,18,5010,0.2802,29049340400640,29001041510400,0.2866,191.395,-0.6,-0.8999999999999998,-0.6,-0.19999999999999998,1,2,True,False,4;3;4;3;3,4;4;4;3;3,3;3;4;4;3,0.449177;0.600054;0.318572;0.512381;0.520490
0.1,57,permuted_allocation,17,5039,0.8607,29215944437760,29168911810560,0.8618,187.677,-0.6,-0.8999999999999998,-0.6,-0.19999999999999998,1,2,True,False,4;3;4;3;3,4;4;4;3;3,3;3;4;4;3,0.449177;0.600054;0.318572;0.512381;0.520490
0.1,58,epoch_only,17,4984,0.0,28899016888320,28850537103360,0.0,166.453,-0.7,-0.9999999999999999,0.0,-0.39999999999999997,3,2,False,False,3;3;3;4;4,4;3;4;4;3,4;3;3;3;4,0.625528;0.521932;0.519651;0.467927;0.410972
0.1,58,fixed_matched,18,4988,0.0803,28922352307200,28873691627520,0.0807,147.374,-0.7,-0.9999999999999999,0.0,-0.39999999999999997,3,2,False,False,3;3;3;4;4,4;3;4;4;3,4;3;3;3;4,0.625528;0.521932;0.519651;0.467927;0.410972
0.1,58,full_fedhad,17,4984,0.0,28899016888320,28850537103360,0.0,165.768,-0.7,-0.9999999999999999,0.0,-0.39999999999999997,3,2,False,False,3;3;3;4;4,4;3;4;4;3,4;3;3;3;4,0.625528;0.521932;0.519651;0.467927;0.410972
0.1,58,lr_only_matched,18,4988,0.0803,28922352307200,28873691627520,0.0807,147.449,-0.7,-0.9999999999999999,0.0,-0.39999999999999997,3,2,False,False,3;3;3;4;4,4;3;4;4;3,4;3;3;3;4,0.625528;0.521932;0.519651;0.467927;0.410972
0.1,58,permuted_allocation,17,4868,-2.3274,28225907635200,28179055902720,-2.3292,167.161,-0.7,-0.9999999999999999,0.0,-0.39999999999999997,3,2,False,False,3;3;3;4;4,4;3;4;4;3,4;3;3;3;4,0.625528;0.521932;0.519651;0.467927;0.410972
0.1,59,epoch_only,16,4770,0.0,27674721423360,27611770060800,0.0,149.847,-0.8999999999999998,-0.9999999999999999,0.49999999999999994,-0.6,5,2,False,False,4;3;4;3;2,3;4;3;4;3,4;3;3;4;2,0.472788;0.591800;0.466679;0.517006;0.953837
0.1,59,fixed_matched,17,4791,0.4403,27799176990720,27733331312640,0.4497,146.708,-0.8999999999999998,-0.9999999999999999,0.49999999999999994,-0.6,5,2,False,False,4;3;4;3;2,3;4;3;4;3,4;3;3;4;2,0.472788;0.591800;0.466679;0.517006;0.953837
0.1,59,full_fedhad,16,4770,0.0,27674721423360,27611770060800,0.0,150.587,-0.8999999999999998,-0.9999999999999999,0.49999999999999994,-0.6,5,2,False,False,4;3;4;3;2,3;4;3;4;3,4;3;3;4;2,0.472788;0.591800;0.466679;0.517006;0.953837
0.1,59,lr_only_matched,17,4791,0.4403,27799176990720,27733331312640,0.4497,146.286,-0.8999999999999998,-0.9999999999999999,0.49999999999999994,-0.6,5,2,False,False,4;3;4;3;2,3;4;3;4;3,4;3;3;4;2,0.472788;0.591800;0.466679;0.517006;0.953837
0.1,59,permuted_allocation,16,4736,-0.7128,27475737231360,27414956605440,-0.719,141.293,-0.8999999999999998,-0.9999999999999999,0.49999999999999994,-0.6,5,2,False,False,4;3;4;3;2,3;4;3;4;3,4;3;3;4;2,0.472788;0.591800;0.466679;0.517006;0.953837
0.1,60,epoch_only,16,4678,0.0,27141081999360,27079216005120,0.0,167.392,-0.7,-0.19999999999999998,0.0,0.3,3,2,False,False,4;3;3;3;3,3;4;4;3;3,3;3;4;3;3,0.405707;0.521761;0.504643;0.664918;0.577129
0.1,60,fixed_matched,17,4683,0.1069,27175451996160,27108159160320,0.1266,147.871,-0.7,-0.19999999999999998,0.0,0.3,3,2,False,False,4;3;3;3;3,3;4;4;3;3,3;3;4;3;3,0.405707;0.521761;0.504643;0.664918;0.577129
0.1,60,full_fedhad,16,4678,0.0,27141081999360,27079216005120,0.0,168.016,-0.7,-0.19999999999999998,0.0,0.3,3,2,False,False,4;3;3;3;3,3;4;4;3;3,3;3;4;3;3,0.405707;0.521761;0.504643;0.664918;0.577129
0.1,60,lr_only_matched,17,4683,0.1069,27175451996160,27108159160320,0.1266,146.757,-0.7,-0.19999999999999998,0.0,0.3,3,2,False,False,4;3;3;3;3,3;4;4;3;3,3;3;4;3;3,0.405707;0.521761;0.504643;0.664918;0.577129
0.1,60,permuted_allocation,16,4588,-1.9239,26620466995200,26558239211520,-1.9182,145.736,-0.7,-0.19999999999999998,0.0,0.3,3,2,False,False,4;3;3;3;3,3;4;4;3;3,3;3;4;3;3,0.405707;0.521761;0.504643;0.664918;0.577129
0.1,61,epoch_only,19,5469,0.0,31731104624640,31658023157760,0.0,158.945,-0.3,-0.8999999999999998,0.8999999999999998,0.8999999999999998,2,2,False,False,4;4;4;4;3,4;4;4;3;4,4;4;4;3;4,0.402307;0.397648;0.478348;0.389635;0.761631
0.1,61,fixed_matched,19,5461,-0.1463,31684976471040,31611714109440,-0.1454,158.656,-0.3,-0.8999999999999998,0.8999999999999998,0.8999999999999998,2,2,False,False,4;4;4;4;3,4;4;4;3;4,4;4;4;3;4,0.402307;0.397648;0.478348;0.389635;0.761631
0.1,61,full_fedhad,19,5469,0.0,31731104624640,31658023157760,0.0,158.429,-0.3,-0.8999999999999998,0.8999999999999998,0.8999999999999998,2,2,False,False,4;4;4;4;3,4;4;4;3;4,4;4;4;3;4,0.402307;0.397648;0.478348;0.389635;0.761631
0.1,61,lr_only_matched,19,5461,-0.1463,31684976471040,31611714109440,-0.1454,159.099,-0.3,-0.8999999999999998,0.8999999999999998,0.8999999999999998,2,2,False,False,4;4;4;4;3,4;4;4;3;4,4;4;4;3;4,0.402307;0.397648;0.478348;0.389635;0.761631
0.1,61,permuted_allocation,19,5461,-0.1463,31684976471040,31611714109440,-0.1454,158.386,-0.3,-0.8999999999999998,0.8999999999999998,0.8999999999999998,2,2,False,False,4;4;4;4;3,4;4;4;3;4,4;4;4;3;4,0.402307;0.397648;0.478348;0.389635;0.761631
0.1,62,epoch_only,16,4575,0.0,26524954583040,26482987008000,0.0,150.783,-0.8999999999999998,-0.3,-0.09999999999999999,-0.09999999999999999,2,2,False,False,3;3;4;3;3,3;3;3;4;3,3;3;3;4;3,0.550875;0.572569;0.495117;0.501433;0.634575
0.1,62,fixed_matched,16,4508,-1.4645,26139287040000,26095148728320,-1.454,135.294,-0.8999999999999998,-0.3,-0.09999999999999999,-0.09999999999999999,2,2,False,False,3;3;4;3;3,3;3;3;4;3,3;3;3;4;3,0.550875;0.572569;0.495117;0.501433;0.634575
0.1,62,full_fedhad,16,4575,0.0,26524954583040,26482987008000,0.0,149.944,-0.8999999999999998,-0.3,-0.09999999999999999,-0.09999999999999999,2,2,False,False,3;3;4;3;3,3;3;3;4;3,3;3;3;4;3,0.550875;0.572569;0.495117;0.501433;0.634575
0.1,62,lr_only_matched,16,4508,-1.4645,26139287040000,26095148728320,-1.454,134.866,-0.8999999999999998,-0.3,-0.09999999999999999,-0.09999999999999999,2,2,False,False,3;3;4;3;3,3;3;3;4;3,3;3;3;4;3,0.550875;0.572569;0.495117;0.501433;0.634575
0.1,62,permuted_allocation,16,4508,-1.4645,26139287040000,26095148728320,-1.454,134.455,-0.8999999999999998,-0.3,-0.09999999999999999,-0.09999999999999999,2,2,False,False,3;3;4;3;3,3;3;3;4;3,3;3;3;4;3,0.550875;0.572569;0.495117;0.501433;0.634575
0.1,63,epoch_only,18,5379,0.0,31163276098560,31137046364160,0.0,200.029,-0.7,-0.49999999999999994,0.0,0.0,2,2,False,False,4;3;4;3;4,4;3;4;4;3,4;3;4;4;3,0.345493;0.586150;0.394698;0.757513;0.485762
0.1,63,fixed_matched,18,5387,0.1487,31206509936640,31183355412480,0.1387,201.677,-0.7,-0.49999999999999994,0.0,0.0,2,2,False,False,4;3;4;3;4,4;3;4;4;3,4;3;4;4;3,0.345493;0.586150;0.394698;0.757513;0.485762
0.1,63,full_fedhad,18,5379,0.0,31163276098560,31137046364160,0.0,200.687,-0.7,-0.49999999999999994,0.0,0.0,2,2,False,False,4;3;4;3;4,4;3;4;4;3,4;3;4;4;3,0.345493;0.586150;0.394698;0.757513;0.485762
0.1,63,lr_only_matched,18,5387,0.1487,31206509936640,31183355412480,0.1387,203.055,-0.7,-0.49999999999999994,0.0,0.0,2,2,False,False,4;3;4;3;4,4;3;4;4;3,4;3;4;4;3,0.345493;0.586150;0.394698;0.757513;0.485762
0.1,63,permuted_allocation,18,5387,0.1487,31206509936640,31183355412480,0.1387,202.096,-0.7,-0.49999999999999994,0.0,0.0,2,2,False,False,4;3;4;3;4,4;3;4;4;3,4;3;4;4;3,0.345493;0.586150;0.394698;0.757513;0.485762
0.1,64,epoch_only,16,5134,0.0,29781059543040,29718831759360,0.0,191.427,-0.9999999999999999,-0.8999999999999998,-0.6,-0.6,1,2,True,False,4;3;4;3;2,4;3;4;3;3,4;2;4;3;3,0.364865;0.708504;0.490251;0.642713;0.885831
0.1,64,fixed_matched,17,5169,0.6817,29986375050240,29921433845760,0.6894,193.158,-0.9999999999999999,-0.8999999999999998,-0.6,-0.6,1,2,True,False,4;3;4;3;2,4;3;4;3;3,4;2;4;3;3,0.364865;0.708504;0.490251;0.642713;0.885831
0.1,64,full_fedhad,16,5134,0.0,29781059543040,29718831759360,0.0,193.097,-0.9999999999999999,-0.8999999999999998,-0.6,-0.6,1,2,True,False,4;3;4;3;2,4;3;4;3;3,4;2;4;3;3,0.364865;0.708504;0.490251;0.642713;0.885831
0.1,64,lr_only_matched,17,5169,0.6817,29986375050240,29921433845760,0.6894,191.145,-0.9999999999999999,-0.8999999999999998,-0.6,-0.6,1,2,True,False,4;3;4;3;2,4;3;4;3;3,4;2;4;3;3,0.364865;0.708504;0.490251;0.642713;0.885831
0.1,64,permuted_allocation,16,5031,-2.0062,29184830545920,29122602762240,-2.002,190.835,-0.9999999999999999,-0.8999999999999998,-0.6,-0.6,1,2,True,False,4;3;4;3;2,4;3;4;3;3,4;2;4;3;3,0.364865;0.708504;0.490251;0.642713;0.885831
0.1,65,epoch_only,16,4986,0.0,28923075886080,28862114365440,0.0,160.671,-0.8999999999999998,-0.7999999999999999,0.49999999999999994,-0.39999999999999997,3,2,False,False,3;4;2;4;3,4;4;4;3;3,4;3;2;4;3,0.505734;0.443148;0.962810;0.462764;0.675082
0.1,65,fixed_matched,18,4986,0.0,28932120622080,28862114365440,0.0313,152.261,-0.8999999999999998,-0.7999999999999999,0.49999999999999994,-0.39999999999999997,3,2,False,False,3;4;2;4;3,4;4;4;3;3,4;3;2;4;3,0.505734;0.443148;0.962810;0.462764;0.675082
0.1,65,full_fedhad,16,4986,0.0,28923075886080,28862114365440,0.0,161.405,-0.8999999999999998,-0.7999999999999999,0.49999999999999994,-0.39999999999999997,3,2,False,False,3;4;2;4;3,4;4;4;3;3,4;3;2;4;3,0.505734;0.443148;0.962810;0.462764;0.675082
0.1,65,lr_only_matched,18,4986,0.0,28932120622080,28862114365440,0.0313,152.438,-0.8999999999999998,-0.7999999999999999,0.49999999999999994,-0.39999999999999997,3,2,False,False,3;4;2;4;3,4;4;4;3;3,4;3;2;4;3,0.505734;0.443148;0.962810;0.462764;0.675082
0.1,65,permuted_allocation,16,4887,-1.9856,28347830676480,28289039892480,-1.9889,159.087,-0.8999999999999998,-0.7999999999999999,0.49999999999999994,-0.39999999999999997,3,2,False,False,3;4;2;4;3,4;4;4;3;3,4;3;2;4;3,0.505734;0.443148;0.962810;0.462764;0.675082
0.1,66,epoch_only,16,4918,0.0,28509912345600,28468487454720,0.0,165.465,-0.9999999999999999,-0.7999999999999999,0.09999999999999999,-0.7,3,2,False,False,4;2;3;3;4,3;4;4;3;4,4;2;4;3;3,0.434287;0.846377;0.503679;0.602543;0.445216
0.1,66,fixed_matched,18,4922,0.0813,28542654289920,28491641978880,0.1148,139.936,-0.9999999999999999,-0.7999999999999999,0.09999999999999999,-0.7,3,2,False,False,4;2;3;3;4,3;4;4;3;4,4;2;4;3;3,0.434287;0.846377;0.503679;0.602543;0.445216
0.1,66,full_fedhad,16,4918,0.0,28509912345600,28468487454720,0.0,164.888,-0.9999999999999999,-0.7999999999999999,0.09999999999999999,-0.7,3,2,False,False,4;2;3;3;4,3;4;4;3;4,4;2;4;3;3,0.434287;0.846377;0.503679;0.602543;0.445216
0.1,66,lr_only_matched,18,4922,0.0813,28542654289920,28491641978880,0.1148,139.273,-0.9999999999999999,-0.7999999999999999,0.09999999999999999,-0.7,3,2,False,False,4;2;3;3;4,3;4;4;3;4,4;2;4;3;3,0.434287;0.846377;0.503679;0.602543;0.445216
0.1,66,permuted_allocation,16,4874,-0.8947,28255936158720,28213787688960,-0.8908,164.797,-0.9999999999999999,-0.7999999999999999,0.09999999999999999,-0.7,3,2,False,False,4;2;3;3;4,3;4;4;3;4,4;2;4;3;3,0.434287;0.846377;0.503679;0.602543;0.445216
0.1,67,epoch_only,15,4685,0.0,27141624683520,27119736422400,0.0,205.73,-0.7,-0.7,0.19999999999999998,-0.09999999999999999,4,2,False,False,3;3;2;3;4,4;3;3;4;3,3;2;3;3;4,0.651148;0.583841;0.848555;0.657262;0.314043
0.1,67,fixed_matched,17,4691,0.1281,27181059732480,27154468208640,0.1453,170.179,-0.7,-0.7,0.19999999999999998,-0.09999999999999999,4,2,False,False,3;3;2;3;4,4;3;3;4;3,3;2;3;3;4,0.651148;0.583841;0.848555;0.657262;0.314043
0.1,67,full_fedhad,15,4685,0.0,27141624683520,27119736422400,0.0,207.113,-0.7,-0.7,0.19999999999999998,-0.09999999999999999,4,2,False,False,3;3;2;3;4,4;3;3;4;3,3;2;3;3;4,0.651148;0.583841;0.848555;0.657262;0.314043
0.1,67,lr_only_matched,17,4691,0.1281,27181059732480,27154468208640,0.1453,171.245,-0.7,-0.7,0.19999999999999998,-0.09999999999999999,4,2,False,False,3;3;2;3;4,4;3;3;4;3,3;2;3;3;4,0.651148;0.583841;0.848555;0.657262;0.314043
0.1,67,permuted_allocation,15,4643,-0.8965,26899768442880,26876613918720,-0.8911,206.938,-0.7,-0.7,0.19999999999999998,-0.09999999999999999,4,2,False,False,3;3;2;3;4,4;3;3;4;3,3;2;3;3;4,0.651148;0.583841;0.848555;0.657262;0.314043
0.1,68,epoch_only,16,4823,0.0,27978986342400,27918567505920,0.0,160.24,-0.8999999999999998,-0.9999999999999999,-0.49999999999999994,-0.7,3,2,False,False,3;2;3;4;4,4;3;3;4;3,4;2;3;3;4,0.620376;0.949518;0.504927;0.468735;0.413115
0.1,68,fixed_matched,17,4807,-0.3317,27888719877120,27825949409280,-0.3226,139.058,-0.8999999999999998,-0.9999999999999999,-0.49999999999999994,-0.7,3,2,False,False,3;2;3;4;4,4;3;3;4;3,4;2;3;3;4,0.620376;0.949518;0.504927;0.468735;0.413115
0.1,68,full_fedhad,16,4823,0.0,27978986342400,27918567505920,0.0,159.793,-0.8999999999999998,-0.9999999999999999,-0.49999999999999994,-0.7,3,2,False,False,3;2;3;4;4,4;3;3;4;3,4;2;3;3;4,0.620376;0.949518;0.504927;0.468735;0.413115
0.1,68,lr_only_matched,17,4807,-0.3317,27888719877120,27825949409280,-0.3226,138.98,-0.8999999999999998,-0.9999999999999999,-0.49999999999999994,-0.7,3,2,False,False,3;2;3;4;4,4;3;3;4;3,4;2;3;3;4,0.620376;0.949518;0.504927;0.468735;0.413115
0.1,68,permuted_allocation,16,4761,-1.2855,27622261954560,27559672381440,-1.275,160.166,-0.8999999999999998,-0.9999999999999999,-0.49999999999999994,-0.7,3,2,False,False,3;2;3;4;4,4;3;3;4;3,4;2;3;3;4,0.620376;0.949518;0.504927;0.468735;0.413115
0.1,69,epoch_only,17,5038,0.0,29207804175360,29163123179520,0.0,205.387,-0.7,-0.6,0.09999999999999999,0.09999999999999999,2,2,False,False,4;3;4;3;3,4;3;3;3;4,4;3;3;3;4,0.312059;0.510731;0.466304;0.717627;0.607827
0.1,69,fixed_matched,17,5042,0.0794,29229511541760,29186277703680,0.0743,206.629,-0.7,-0.6,0.09999999999999999,0.09999999999999999,2,2,False,False,4;3;4;3;3,4;3;3;3;4,4;3;3;3;4,0.312059;0.510731;0.466304;0.717627;0.607827
0.1,69,full_fedhad,17,5038,0.0,29207804175360,29163123179520,0.0,207.401,-0.7,-0.6,0.09999999999999999,0.09999999999999999,2,2,False,False,4;3;4;3;3,4;3;3;3;4,4;3;3;3;4,0.312059;0.510731;0.466304;0.717627;0.607827
0.1,69,lr_only_matched,17,5042,0.0794,29229511541760,29186277703680,0.0743,205.728,-0.7,-0.6,0.09999999999999999,0.09999999999999999,2,2,False,False,4;3;4;3;3,4;3;3;3;4,4;3;3;3;4,0.312059;0.510731;0.466304;0.717627;0.607827
0.1,69,permuted_allocation,17,5042,0.0794,29229511541760,29186277703680,0.0743,205.799,-0.7,-0.6,0.09999999999999999,0.09999999999999999,2,2,False,False,4;3;4;3;3,4;3;3;3;4,4;3;3;3;4,0.312059;0.510731;0.466304;0.717627;0.607827
0.1,70,epoch_only,16,4630,0.0,26842967500800,26801361715200,0.0,162.232,-0.7,-0.3,0.6,0.6,3,2,False,False,3;4;3;3;3,3;3;3;4;4,3;3;4;3;3,0.579941;0.483392;0.656085;0.709083;0.642870
0.1,70,fixed_matched,17,4645,0.324,26935042913280,26888191180800,0.343,139.47,-0.7,-0.3,0.6,0.6,3,2,False,False,3;4;3;3;3,3;3;3;4;4,3;3;4;3;3,0.579941;0.483392;0.656085;0.709083;0.642870
0.1,70,full_fedhad,16,4630,0.0,26842967500800,26801361715200,0.0,163.349,-0.7,-0.3,0.6,0.6,3,2,False,False,3;4;3;3;3,3;3;3;4;4,3;3;4;3;3,0.579941;0.483392;0.656085;0.709083;0.642870
0.1,70,lr_only_matched,17,4645,0.324,26935042913280,26888191180800,0.343,139.713,-0.7,-0.3,0.6,0.6,3,2,False,False,3;4;3;3;3,3;3;3;4;4,3;3;4;3;3,0.579941;0.483392;0.656085;0.709083;0.642870
0.1,70,permuted_allocation,16,4494,-2.9374,26057341731840,26014107893760,-2.9267,136.676,-0.7,-0.3,0.6,0.6,3,2,False,False,3;4;3;3;3,3;3;3;4;4,3;3;4;3;3,0.579941;0.483392;0.656085;0.709083;0.642870
0.1,71,epoch_only,16,4893,0.0,28372432358400,28323771678720,0.0,195.489,-0.9999999999999999,-0.8999999999999998,0.0,-0.7,4,2,False,False,3;4;4;2;3,4;4;3;3;4,3;4;4;3;2,0.543082;0.432995;0.300187;0.901359;0.722372
0.1,71,fixed_matched,18,4896,0.0613,28390883619840,28341137571840,0.065,163.978,-0.9999999999999999,-0.8999999999999998,0.0,-0.7,4,2,False,False,3;4;4;2;3,4;4;3;3;4,3;4;4;3;2,0.543082;0.432995;0.300187;0.901359;0.722372
0.1,71,full_fedhad,16,4893,0.0,28372432358400,28323771678720,0.0,194.174,-0.9999999999999999,-0.8999999999999998,0.0,-0.7,4,2,False,False,3;4;4;2;3,4;4;3;3;4,3;4;4;3;2,0.543082;0.432995;0.300187;0.901359;0.722372
0.1,71,lr_only_matched,18,4896,0.0613,28390883619840,28341137571840,0.065,163.811,-0.9999999999999999,-0.8999999999999998,0.0,-0.7,4,2,False,False,3;4;4;2;3,4;4;3;3;4,3;4;4;3;2,0.543082;0.432995;0.300187;0.901359;0.722372
0.1,71,permuted_allocation,16,4856,-0.7562,28158433904640,28109592330240,-0.7542,194.834,-0.9999999999999999,-0.8999999999999998,0.0,-0.7,4,2,False,False,3;4;4;2;3,4;4;3;3;4,3;4;4;3;2,0.543082;0.432995;0.300187;0.901359;0.722372
