alpha,seed,n_samples,n_batches,H,E_full,E_fixed,E_perm,rho_n_vs_H,rho_E_full_vs_H,rho_E_fixed_vs_H,rho_E_perm_vs_H,hamming_fixed_vs_full,hamming_perm_vs_full,U_full,updates_pct_fixed,updates_pct_perm,perm_n_unique_nontrivial
0.01,42,11304;14626;8059;2109;8903,353;457;251;65;278,0.514017;0.457278;0.671928;0.999473;0.650641,3;4;3;2;3,4;3;3;4;3,4;3;3;2;3,-0.9999999999999999,-0.7,0.6,-0.39999999999999997,3,2,4604,0.5647,-2.2589,19
0.1,42,9233;16505;7680;2252;9333,288;515;240;70;291,0.421031;0.378984;0.606120;0.815207;0.512557,4;4;3;3;3,3;4;3;3;4,3;4;3;3;4,-0.8999999999999998,-0.8999999999999998,-0.09999999999999999,-0.09999999999999999,2,2,5015,0.0598,0.0598,9
0.01,43,16940;4502;10046;8976;4537,529;140;313;280;141,0.412296;0.999260;0.587810;0.665647;0.990729,4;2;3;3;2,3;3;3;4;3,4;2;3;2;3,-0.9999999999999999,-0.9999999999999999,0.3,-0.7,4,2,4457,0.718,-3.1187,29
0.1,43,12077;4362;14401;9666;4496,377;136;450;302;140,0.484365;0.615139;0.408595;0.530218;0.906083,4;3;4;3;2,4;3;3;4;3,4;2;4;3;3,-0.8999999999999998,-0.9999999999999999,-0.09999999999999999,-0.7,3,2,4902,-0.1632,0.0816,29
0.01,44,12866;2367;5468;8675;15627,402;73;170;271;488,0.510882;1.000000;0.822153;0.615459;0.430943,3;2;3;3;4,4;3;3;3;3,4;2;3;3;3,-0.9999999999999999,-0.7,-0.8999999999999998,-0.8999999999999998,3,2,4627,-0.281,-1.8587,19
0.1,44,9574;1633;10898;8840;14058,299;51;340;276;439,0.429345;0.671323;0.517940;0.633786;0.415262,4;3;3;3;4,3;3;3;4;4,3;3;3;4;4,-0.8999999999999998,-0.8999999999999998,-0.3,-0.3,2,2,4953,-0.4644,-0.4644,9
0.01,45,4500;3813;13469;14342;8878,140;119;420;448;277,1.000000;0.961185;0.509025;0.468713;0.666666,2;2;3;4;3,4;3;3;3;3,2;2;4;3;3,-0.8999999999999998,-0.8999999999999998,0.3,-0.7,3,2,4401,-1.1134,-0.6362,29
0.1,45,550;7986;5477;16509;14480,17;249;171;515;452,0.748224;0.638869;0.640641;0.384687;0.428181,3;3;3;4;4,4;4;4;4;3,3;4;3;4;3,-0.9999999999999999,-0.7999999999999999,-0.39999999999999997,-0.8999999999999998,4,2,5179,-0.2896,-3.9197,9
0.01,46,4500;0;4501;22501;13498,140;0;140;703;421,0.999753;0.000000;1.000000;0.333307;0.509184,2;5;2;4;3,3;3;3;3;4,2;3;5;4;2,0.09999999999999999,-0.8999999999999998,-0.09999999999999999,0.09999999999999999,5,3,4635,-0.0431,-0.0216,59
0.1,46,4602;4383;16711;11691;7616,143;136;522;365;238,0.819906;0.737018;0.371059;0.522364;0.592043,3;3;4;3;3,4;4;3;3;4,3;3;3;4;3,-0.8999999999999998,-0.8999999999999998,0.6,-0.7,4,2,4734,-0.1056,-3.3164,4
0.01,47,17998;8609;4721;6009;7666,562;269;147;187;239,0.407909;0.667416;0.948620;0.761314;0.664085,4;3;2;3;3,3;4;4;3;3,4;3;3;2;3,-0.8999999999999998,-0.8999999999999998,0.7,-0.7,3,2,4627,0.0216,-0.8645,19
0.1,47,6307;10911;12554;1390;13841,197;340;392;43;432,0.649796;0.395525;0.411369;0.583410;0.397317,3;4;4;3;4,3;4;4;4;4,4;3;4;3;4,-0.6,-0.7,-0.3,0.09999999999999999,1,2,5376,0.7999,-2.66,9
0.01,48,9001;13653;8847;13500;0,281;426;276;421;0,0.666482;0.501090;0.666504;0.509017;0.000000,3;3;3;3;5,3;3;3;3;3,3;3;5;3;3,0.0,-0.49999999999999994,,0.09999999999999999,1,2,4212,0.0,13.1054,4
0.1,48,5024;10507;8933;17316;3222,157;328;279;541;100,0.878161;0.548986;0.432599;0.314042;0.784629,2;3;4;4;3,3;3;3;4;4,2;4;3;4;3,-0.7999999999999999,-0.8999999999999998,-0.39999999999999997,-0.7,3,2,4878,-0.451,1.0045,29
0.01,49,12497;14666;9000;5276;3564,390;458;281;164;111,0.510836;0.454752;0.666574;0.847880;0.903456,3;4;3;2;2,3;3;3;4;3,4;3;3;2;2,-0.9999999999999999,-0.8999999999999998,0.7999999999999999,-0.7999999999999999,3,2,4395,-0.4323,-1.5472,29
0.1,49,2726;12672;7151;8503;13951,85;396;223;265;435,0.515585;0.477995;0.602789;0.475833;0.394608,3;4;3;4;4,3;4;4;3;4,3;4;4;3;4,-0.7999999999999999,-0.8999999999999998,-0.3,-0.3,2,2,5308,-0.7913,-0.7913,9
0.01,50,3025;4501;21852;4496;11128,94;140;682;140;347,0.998898;0.999753;0.307530;0.999753;0.538505,2;2;4;2;3,3;4;3;4;3,2;2;4;3;2,-0.6,-0.7,0.6,-0.49999999999999994,4,2,4517,-0.6199,-4.5827,19
0.1,50,2726;4976;20953;3834;12514,85;155;654;119;391,0.807339;0.863503;0.260785;0.724999;0.456889,3;2;4;3;4,4;4;4;3;3,3;3;4;2;4,-0.7,-0.8999999999999998,-0.19999999999999998,-0.49999999999999994,3,2,5102,0.0784,0.7056,29
0.01,51,13526;18000;0;8974;4501,422;562;0;280;140,0.507727;0.408211;0.000000;0.666410;0.999753,3;4;5;3;2,4;3;3;3;3,4;3;3;2;5,0.0,-0.8999999999999998,0.6,0.3,4,5,4634,0.0,0.0,59
0.1,51,9686;17657;1052;3660;12948,302;551;32;114;404,0.547120;0.395607;0.830583;0.724508;0.456774,3;4;3;3;4,4;4;3;4;3,4;4;3;3;3,-0.9999999999999999,-0.6,-0.09999999999999999,-0.6,3,2,5164,0.2324,-1.9752,9
0.01,52,15545;0;4515;6954;17987,485;0;141;217;562,0.430245;0.000000;0.996313;0.692396;0.408217,4;5;2;3;4,3;3;4;4;4,5;4;4;2;3,0.0,-0.9999999999999999,0.09999999999999999,-0.3,4,5,5121,0.2734,-0.2343,59
0.1,52,5232;7929;8098;18571;5172,163;247;253;580;161,0.668157;0.533133;0.529009;0.321769;0.624975,3;3;3;4;3,4;3;4;3;4,3;3;4;3;3,-0.8999999999999998,-0.7,0.3,-0.49999999999999994,4,2,4792,-0.0626,-6.8239,4
0.01,53,13086;171;13015;4915;13815,408;5;406;153;431,0.509853;1.000000;0.509417;0.908552;0.492842,3;2;3;2;4,3;4;3;4;3,4;2;3;2;3,-0.8999999999999998,-0.9999999999999999,0.49999999999999994,-0.7,3,2,4482,-2.5658,-0.5132,29
0.1,53,12850;3119;8656;9918;10460,401;97;270;309;326,0.383321;0.940409;0.528233;0.470761;0.490582,4;2;3;4;4,3;3;4;4;4,4;2;4;3;4,-0.8999999999999998,-0.6,0.09999999999999999,-0.19999999999999998,3,2,5148,-0.6605,-0.7576,19
0.01,54,2313;4500;14054;9001;15134,72;140;439;281;472,0.999520;0.999753;0.436194;0.666398;0.443391,2;2;4;3;4,4;4;3;3;4,2;3;4;2;4,-0.7999999999999999,-0.7999999999999999,0.09999999999999999,-0.6,3,2,4911,-0.3054,-2.8711,29
0.1,54,5750;3204;11510;13441;11097,179;100;359;420;346,0.746663;0.942484;0.480246;0.478014;0.479011,3;2;4;4;4,4;4;3;4;4,2;3;4;4;4,-0.8999999999999998,-0.8999999999999998,-0.49999999999999994,-0.7999999999999999,3,2,5237,0.3819,-1.5085,19
0.01,55,4520;4500;1;18895;17085,141;140;1;590;533,0.995090;1.000000;1.000000;0.378185;0.410889,2;2;2;4;4,4;4;4;3;4,4;2;2;4;2,-0.9999999999999999,-0.49999999999999994,0.39999999999999997,-0.7999999999999999,4,2,5056,-0.5142,-15.5063,9
0.1,55,4199;3141;21402;8288;7973,131;98;668;259;249,0.746278;0.614851;0.264136;0.636438;0.565940,3;3;4;3;3,4;3;3;4;4,3;3;3;4;3,-0.49999999999999994,-0.8999999999999998,0.09999999999999999,-0.3,4,2,4883,-0.5939,-8.376,4
0.01,56,13499;9541;8738;4225;9000,421;298;273;132;281,0.509122;0.616705;0.664885;0.912235;0.666574,3;3;3;2;3,3;3;3;3;3,3;3;2;3;3,-0.8999999999999998,0.0,,0.6,1,2,4083,3.2329,-3.4533,4
0.1,56,11114;11897;5197;5227;11568,347;371;162;163;361,0.487905;0.502512;0.682998;0.833700;0.427408,4;3;3;2;4,3;4;3;4;3,4;3;2;3;4,-0.6,-0.8999999999999998,0.49999999999999994,-0.7,4,2,4757,-0.2312,0.021,29
0.01,57,9000;0;9107;9001;17893,281;0;284;281;559,0.666668;0.000000;0.656890;0.666580;0.408252,3;5;3;3;4,3;3;3;3;4,3;4;3;5;3,0.0,-0.8999999999999998,-0.3,-0.39999999999999997,1,3,4774,0.0,0.0628,19
0.1,57,7595;459;17527;8975;10446,237;14;547;280;326,0.449177;0.600054;0.318572;0.512381;0.520490,4;3;4;3;3,4;4;4;3;3,3;3;4;4;3,-0.6,-0.8999999999999998,-0.6,-0.19999999999999998,1,2,4996,0.2802,0.8607,9
0.01,58,7911;4500;10091;13494;9006,247;140;315;421;281,0.674340;0.999753;0.586767;0.509069;0.666113,3;2;3;3;3,2;3;3;3;3,2;3;3;3;3,-0.9999999999999999,-0.7,-0.6,-0.6,2,2,4072,-2.6277,-2.6277,4
0.1,58,7247;6341;6664;10968;13782,226;198;208;342;430,0.625528;0.521932;0.519651;0.467927;0.410972,3;3;3;4;4,4;3;4;4;3,4;3;3;3;4,-0.7,-0.9999999999999999,0.0,-0.39999999999999997,3,2,4984,0.0803,-2.3274,9
0.01,59,17880;4483;8783;357;13500,558;140;274;11;421,0.408310;0.998266;0.666717;0.649259;0.509125,4;2;3;3;3,3;3;3;3;4,3;3;3;2;4,-0.7,-0.9999999999999999,0.0,0.09999999999999999,3,4,4630,0.0648,-0.1728,19
0.1,59,9806;7419;12351;11251;4175,306;231;385;351;130,0.472788;0.591800;0.466679;0.517006;0.953837,4;3;4;3;2,3;4;3;4;3,4;3;3;4;2,-0.8999999999999998,-0.9999999999999999,0.49999999999999994,-0.6,5,2,4770,0.4403,-0.7128,29
0.01,60,9277;4500;4502;9000;17723,289;140;140;281;553,0.642540;1.000000;0.999753;0.666575;0.408504,3;2;2;3;4,3;4;4;3;3,3;2;3;2;4,-0.9999999999999999,-0.8999999999999998,0.6,-0.7,3,2,4482,0.1562,-3.1459,29
0.1,60,15029;3068;12151;5369;9386,469;95;379;167;293,0.405707;0.521761;0.504643;0.664918;0.577129,4;3;3;3;3,3;4;4;3;3,3;3;4;3;3,-0.7,-0.19999999999999998,0.0,0.3,3,2,4678,0.1069,-1.9239,4
0.01,61,17825;9027;9077;74;9000,557;282;283;2;281,0.408197;0.664015;0.650439;0.955167;0.666591,4;3;3;2;3,4;3;3;3;3,3;3;4;2;3,-0.9999999999999999,-0.7,-0.19999999999999998,-0.3,1,2,4770,0.0419,-5.7442,19
0.1,61,11024;13077;11454;4851;4596,344;408;357;151;143,0.402307;0.397648;0.478348;0.389635;0.761631,4;4;4;4;3,4;4;4;3;4,4;4;4;3;4,-0.3,-0.8999999999999998,0.8999999999999998,0.8999999999999998,2,2,5469,-0.1463,-0.1463,4
0.01,62,8898;18386;13114;4502;102,278;574;409;140;3,0.666735;0.394515;0.509855;0.999753;0.989155,3;4;3;2;2,4;3;3;4;4,2;4;3;3;2,-0.8999999999999998,-0.8999999999999998,0.8999999999999998,-0.6,4,2,4643,-0.2154,-2.9722,29
0.1,62,9045;6986;11626;9494;7851,282;218;363;296;245,0.550875;0.572569;0.495117;0.501433;0.634575,3;3;4;3;3,3;3;3;4;3,3;3;3;4;3,-0.8999999999999998,-0.3,-0.09999999999999999,-0.09999999999999999,2,2,4575,-1.4645,-1.4645,4
0.01,63,12322;4501;5413;8943;13823,385;140;169;279;431,0.515684;0.999753;0.830062;0.666495;0.457480,3;2;3;3;4,3;3;3;4;3,3;3;2;3;4,-0.9999999999999999,-0.7,-0.19999999999999998,-0.49999999999999994,3,2,4503,-0.2665,-0.644,19
0.1,63,19104;1879;12546;5856;5617,597;58;392;183;175,0.345493;0.586150;0.394698;0.757513;0.485762,4;3;4;3;4,4;3;4;4;3,4;3;4;4;3,-0.7,-0.49999999999999994,0.0,0.0,2,2,5379,0.1487,0.1487,9
0.01,64,9002;13500;4496;9004;9000,281;421;140;281;281,0.666482;0.509122;0.999753;0.666207;0.666672,3;3;2;3;3,3;3;3;3;3,2;3;3;3;3,-0.9999999999999999,-0.3,,0.3,1,2,4072,3.4381,-3.4627,4
0.1,64,18389;4431;12375;8671;1135,574;138;386;270;35,0.364865;0.708504;0.490251;0.642713;0.885831,4;3;4;3;2,4;3;4;3;3,4;2;4;3;3,-0.9999999999999999,-0.8999999999999998,-0.6,-0.6,1,2,5134,0.6817,-2.0062,29
0.01,65,9865;5369;4500;16741;8527,308;167;140;523;266,0.551487;0.837592;1.000000;0.413303;0.581341,3;2;2;4;3,3;4;3;3;3,3;3;2;4;2,-0.9999999999999999,-0.7999999999999999,0.19999999999999998,-0.8999999999999998,3,2,4428,-1.1066,-2.2358,29
0.1,65,9810;12990;2133;14026;6043,306;405;66;438;188,0.505734;0.443148;0.962810;0.462764;0.675082,3;4;2;4;3,4;4;4;3;3,4;3;2;4;3,-0.8999999999999998,-0.7999999999999999,0.49999999999999994,-0.39999999999999997,3,2,4986,0.0,-1.9856,29
0.01,66,18000;4219;10665;8961;3158,562;131;333;280;98,0.408173;0.854648;0.536501;0.596219;0.584232,4;2;3;3;3,3;3;4;3;4,4;3;3;3;2,-0.7,-0.7,0.09999999999999999,-0.7,4,2,4643,0.0,0.7107,19
0.1,66,14569;2709;9332;7657;10736,455;84;291;239;335,0.434287;0.846377;0.503679;0.602543;0.445216,4;2;3;3;4,3;4;4;3;4,4;2;4;3;3,-0.9999999999999999,-0.7999999999999999,0.09999999999999999,-0.7,3,2,4918,0.0813,-0.8947,29
0.01,67,9001;4526;4500;4527;22449,281;141;140;141;701,0.666482;0.993632;1.000000;0.993144;0.333336,3;2;2;2;4,4;3;3;3;3,2;2;2;3;4,-0.9999999999999999,-0.8999999999999998,-0.7999999999999999,-0.3,5,2,4491,0.0445,-3.1173,19
0.1,67,9058;5796;4459;6195;19494,283;181;139;193;609,0.651148;0.583841;0.848555;0.657262;0.314043,3;3;2;3;4,4;3;3;4;3,3;2;3;3;4,-0.7,-0.7,0.19999999999999998,-0.09999999999999999,4,2,4685,0.1281,-0.8965,19
0.01,68,9004;8998;4500;13501;8999,281;281;140;421;281,0.666316;0.666482;0.999753;0.509129;0.666667,3;3;2;3;3,3;3;3;3;3,2;3;3;3;3,-0.8999999999999998,-0.3,,0.19999999999999998,1,2,4072,3.4381,-3.4627,4
0.1,68,8598;4277;8182;10570;13374,268;133;255;330;417,0.620376;0.949518;0.504927;0.468735;0.413115,3;2;3;4;4,4;3;3;4;3,4;2;3;3;4,-0.8999999999999998,-0.9999999999999999,-0.49999999999999994,-0.7,3,2,4823,-0.3317,-1.2855,29
0.01,69,19171;13436;6143;1;6250,599;419;191;1;195,0.370609;0.509127;0.671238;1.000000;0.743639,4;3;3;2;3,4;3;3;3;3,3;4;3;2;3,-0.8999999999999998,-0.6,-0.09999999999999999,-0.3,1,2,4813,0.0208,-3.7399,19
0.1,69,19877;11143;6580;702;6700,621;348;205;21;209,0.312059;0.510731;0.466304;0.717627;0.607827,4;3;4;3;3,4;3;3;3;4,4;3;3;3;4,-0.7,-0.6,0.09999999999999999,0.09999999999999999,2,2,5038,0.0794,0.0794,9
0.01,70,8983;13780;8735;4503;9000,280;430;272;140;281,0.666668;0.494752;0.665291;0.999507;0.666575,3;4;3;2;3,3;3;3;3;4,3;4;2;3;3,-0.7,-0.8999999999999998,0.19999999999999998,-0.3,3,2,4499,-0.2,-2.934,19
0.1,70,8694;13381;9038;5259;8631,271;418;282;164;269,0.579941;0.483392;0.656085;0.709083;0.642870,3;4;3;3;3,3;3;3;4;4,3;3;4;3;3,-0.7,-0.3,0.6,0.6,3,2,4630,0.324,-2.9374,4
0.01,71,4524;13032;18032;4503;4911,141;407;563;140;153,0.993628;0.509827;0.406870;0.999260;0.912453,2;3;4;2;2,3;3;3;4;3,2;4;3;2;2,-0.9999999999999999,-0.8999999999999998,0.3,-0.7999999999999999,4,2,4341,0.2534,-3.5936,19
0.1,71,7101;8693;18104;4961;6144,221;271;565;155;192,0.543082;0.432995;0.300187;0.901359;0.722372,3;4;4;2;3,4;4;3;3;4,3;4;4;3;2,-0.9999999999999999,-0.8999999999999998,0.0,-0.7,4,2,4893,0.0613,-0.7562,29
