run_id,metodo,dataset,alpha,seed,num_rounds,client_setup,status,timestamp,output_path,duration_s,error
FedAVG__CIFAR10__a1.0__s42,FedAVG,CIFAR10,1.0,42,10,5,done,2026-09-04 11:26:56,/home/tiago/GitHubProjects/fedhad-thesis-2/results_revision_drift/1.1_diagnostico_drift/raw/FedAVG__CIFAR10__a1.0__s42.txt,167.6,
FedAVG__CIFAR10__a1.0__s43,FedAVG,CIFAR10,1.0,43,10,5,done,2026-09-04 11:29:43,/home/tiago/GitHubProjects/fedhad-thesis-2/results_revision_drift/1.1_diagnostico_drift/raw/FedAVG__CIFAR10__a1.0__s43.txt,167.5,
FedAVG__CIFAR10__a1.0__s44,FedAVG,CIFAR10,1.0,44,10,5,done,2026-09-04 11:32:43,/home/tiago/GitHubProjects/fedhad-thesis-2/results_revision_drift/1.1_diagnostico_drift/raw/FedAVG__CIFAR10__a1.0__s44.txt,179.5,
FedAVG__CIFAR10__a1.0__s45,FedAVG,CIFAR10,1.0,45,10,5,done,2026-09-04 11:35:30,/home/tiago/GitHubProjects/fedhad-thesis-2/results_revision_drift/1.1_diagnostico_drift/raw/FedAVG__CIFAR10__a1.0__s45.txt,167.6,
FedAVG__CIFAR10__a1.0__s46,FedAVG,CIFAR10,1.0,46,10,5,done,2026-09-04 11:38:08,/home/tiago/GitHubProjects/fedhad-thesis-2/results_revision_drift/1.1_diagnostico_drift/raw/FedAVG__CIFAR10__a1.0__s46.txt,157.4,
FedAVG__CIFAR10__a1.0__s47,FedAVG,CIFAR10,1.0,47,10,5,done,2026-09-04 11:40:45,/home/tiago/GitHubProjects/fedhad-thesis-2/results_revision_drift/1.1_diagnostico_drift/raw/FedAVG__CIFAR10__a1.0__s47.txt,157.5,
FedAVG__CIFAR10__a1.0__s48,FedAVG,CIFAR10,1.0,48,10,5,done,2026-09-04 11:43:23,/home/tiago/GitHubProjects/fedhad-thesis-2/results_revision_drift/1.1_diagnostico_drift/raw/FedAVG__CIFAR10__a1.0__s48.txt,157.5,
FedAVG__CIFAR10__a1.0__s49,FedAVG,CIFAR10,1.0,49,10,5,done,2026-09-04 11:46:10,/home/tiago/GitHubProjects/fedhad-thesis-2/results_revision_drift/1.1_diagnostico_drift/raw/FedAVG__CIFAR10__a1.0__s49.txt,167.6,
FedAVG__CIFAR10__a1.0__s50,FedAVG,CIFAR10,1.0,50,10,5,done,2026-09-04 11:48:48,/home/tiago/GitHubProjects/fedhad-thesis-2/results_revision_drift/1.1_diagnostico_drift/raw/FedAVG__CIFAR10__a1.0__s50.txt,157.5,
FedAVG__CIFAR10__a1.0__s51,FedAVG,CIFAR10,1.0,51,10,5,done,2026-09-04 11:51:25,/home/tiago/GitHubProjects/fedhad-thesis-2/results_revision_drift/1.1_diagnostico_drift/raw/FedAVG__CIFAR10__a1.0__s51.txt,157.4,
FedAVG__CIFAR10__a0.1__s42,FedAVG,CIFAR10,0.1,42,10,5,done,2026-09-04 11:54:35,/home/tiago/GitHubProjects/fedhad-thesis-2/results_revision_drift/1.1_diagnostico_drift/raw/FedAVG__CIFAR10__a0.1__s42.txt,189.3,
FedAVG__CIFAR10__a0.1__s43,FedAVG,CIFAR10,0.1,43,10,5,done,2026-09-04 11:57:22,/home/tiago/GitHubProjects/fedhad-thesis-2/results_revision_drift/1.1_diagnostico_drift/raw/FedAVG__CIFAR10__a0.1__s43.txt,167.5,
FedAVG__CIFAR10__a0.1__s44,FedAVG,CIFAR10,0.1,44,10,5,done,2026-09-04 12:00:11,/home/tiago/GitHubProjects/fedhad-thesis-2/results_revision_drift/1.1_diagnostico_drift/raw/FedAVG__CIFAR10__a0.1__s44.txt,169.1,
FedAVG__CIFAR10__a0.1__s45,FedAVG,CIFAR10,0.1,45,10,5,done,2026-09-04 12:03:09,/home/tiago/GitHubProjects/fedhad-thesis-2/results_revision_drift/1.1_diagnostico_drift/raw/FedAVG__CIFAR10__a0.1__s45.txt,177.5,
FedAVG__CIFAR10__a0.1__s46,FedAVG,CIFAR10,0.1,46,10,5,done,2026-09-04 12:06:17,/home/tiago/GitHubProjects/fedhad-thesis-2/results_revision_drift/1.1_diagnostico_drift/raw/FedAVG__CIFAR10__a0.1__s46.txt,187.7,
FedAVG__CIFAR10__a0.1__s47,FedAVG,CIFAR10,0.1,47,10,5,done,2026-09-04 12:09:04,/home/tiago/GitHubProjects/fedhad-thesis-2/results_revision_drift/1.1_diagnostico_drift/raw/FedAVG__CIFAR10__a0.1__s47.txt,167.5,
FedAVG__CIFAR10__a0.1__s48,FedAVG,CIFAR10,0.1,48,10,5,done,2026-09-04 12:12:12,/home/tiago/GitHubProjects/fedhad-thesis-2/results_revision_drift/1.1_diagnostico_drift/raw/FedAVG__CIFAR10__a0.1__s48.txt,187.5,
FedAVG__CIFAR10__a0.1__s49,FedAVG,CIFAR10,0.1,49,10,5,done,2026-09-04 12:15:01,/home/tiago/GitHubProjects/fedhad-thesis-2/results_revision_drift/1.1_diagnostico_drift/raw/FedAVG__CIFAR10__a0.1__s49.txt,169.2,
FedAVG__CIFAR10__a0.1__s50,FedAVG,CIFAR10,0.1,50,10,5,done,2026-09-04 12:18:28,/home/tiago/GitHubProjects/fedhad-thesis-2/results_revision_drift/1.1_diagnostico_drift/raw/FedAVG__CIFAR10__a0.1__s50.txt,207.6,
FedAVG__CIFAR10__a0.1__s51,FedAVG,CIFAR10,0.1,51,10,5,done,2026-09-04 12:21:36,/home/tiago/GitHubProjects/fedhad-thesis-2/results_revision_drift/1.1_diagnostico_drift/raw/FedAVG__CIFAR10__a0.1__s51.txt,187.7,
FedAVG__CIFAR10__a0.01__s42,FedAVG,CIFAR10,0.01,42,10,5,done,2026-09-04 12:24:24,/home/tiago/GitHubProjects/fedhad-thesis-2/results_revision_drift/1.1_diagnostico_drift/raw/FedAVG__CIFAR10__a0.01__s42.txt,167.4,
FedAVG__CIFAR10__a0.01__s43,FedAVG,CIFAR10,0.01,43,10,5,done,2026-09-04 12:27:33,/home/tiago/GitHubProjects/fedhad-thesis-2/results_revision_drift/1.1_diagnostico_drift/raw/FedAVG__CIFAR10__a0.01__s43.txt,189.3,
FedAVG__CIFAR10__a0.01__s44,FedAVG,CIFAR10,0.01,44,10,5,done,2026-09-04 12:30:31,/home/tiago/GitHubProjects/fedhad-thesis-2/results_revision_drift/1.1_diagnostico_drift/raw/FedAVG__CIFAR10__a0.01__s44.txt,177.7,
FedAVG__CIFAR10__a0.01__s45,FedAVG,CIFAR10,0.01,45,10,5,done,2026-09-04 12:33:20,/home/tiago/GitHubProjects/fedhad-thesis-2/results_revision_drift/1.1_diagnostico_drift/raw/FedAVG__CIFAR10__a0.01__s45.txt,169.2,
FedAVG__CIFAR10__a0.01__s46,FedAVG,CIFAR10,0.01,46,10,5,done,2026-09-04 12:36:57,/home/tiago/GitHubProjects/fedhad-thesis-2/results_revision_drift/1.1_diagnostico_drift/raw/FedAVG__CIFAR10__a0.01__s46.txt,217.5,
FedAVG__CIFAR10__a0.01__s47,FedAVG,CIFAR10,0.01,47,10,5,done,2026-09-04 12:40:15,/home/tiago/GitHubProjects/fedhad-thesis-2/results_revision_drift/1.1_diagnostico_drift/raw/FedAVG__CIFAR10__a0.01__s47.txt,197.6,
FedAVG__CIFAR10__a0.01__s48,FedAVG,CIFAR10,0.01,48,10,5,done,2026-09-04 12:43:02,/home/tiago/GitHubProjects/fedhad-thesis-2/results_revision_drift/1.1_diagnostico_drift/raw/FedAVG__CIFAR10__a0.01__s48.txt,167.4,
FedAVG__CIFAR10__a0.01__s49,FedAVG,CIFAR10,0.01,49,10,5,done,2026-09-04 12:45:52,/home/tiago/GitHubProjects/fedhad-thesis-2/results_revision_drift/1.1_diagnostico_drift/raw/FedAVG__CIFAR10__a0.01__s49.txt,169.6,
FedAVG__CIFAR10__a0.01__s50,FedAVG,CIFAR10,0.01,50,10,5,done,2026-09-04 12:49:30,/home/tiago/GitHubProjects/fedhad-thesis-2/results_revision_drift/1.1_diagnostico_drift/raw/FedAVG__CIFAR10__a0.01__s50.txt,217.5,
FedAVG__CIFAR10__a0.01__s51,FedAVG,CIFAR10,0.01,51,10,5,done,2026-09-04 12:52:37,/home/tiago/GitHubProjects/fedhad-thesis-2/results_revision_drift/1.1_diagnostico_drift/raw/FedAVG__CIFAR10__a0.01__s51.txt,187.5,
FedAvgM__CIFAR10__a1.0__s42,FedAvgM,CIFAR10,1.0,42,10,5,done,2026-09-04 12:55:14,/home/tiago/GitHubProjects/fedhad-thesis-2/results_revision_drift/1.1_diagnostico_drift/raw/FedAvgM__CIFAR10__a1.0__s42.txt,157.4,
FedAvgM__CIFAR10__a1.0__s43,FedAvgM,CIFAR10,1.0,43,10,5,done,2026-09-04 12:58:02,/home/tiago/GitHubProjects/fedhad-thesis-2/results_revision_drift/1.1_diagnostico_drift/raw/FedAvgM__CIFAR10__a1.0__s43.txt,167.3,
FedAvgM__CIFAR10__a1.0__s44,FedAvgM,CIFAR10,1.0,44,10,5,done,2026-09-04 13:01:01,/home/tiago/GitHubProjects/fedhad-thesis-2/results_revision_drift/1.1_diagnostico_drift/raw/FedAvgM__CIFAR10__a1.0__s44.txt,179.2,
FedAvgM__CIFAR10__a1.0__s45,FedAvgM,CIFAR10,1.0,45,10,5,done,2026-09-04 13:03:49,/home/tiago/GitHubProjects/fedhad-thesis-2/results_revision_drift/1.1_diagnostico_drift/raw/FedAvgM__CIFAR10__a1.0__s45.txt,167.5,
FedAvgM__CIFAR10__a1.0__s46,FedAvgM,CIFAR10,1.0,46,10,5,done,2026-09-04 13:06:26,/home/tiago/GitHubProjects/fedhad-thesis-2/results_revision_drift/1.1_diagnostico_drift/raw/FedAvgM__CIFAR10__a1.0__s46.txt,157.5,
FedAvgM__CIFAR10__a1.0__s47,FedAvgM,CIFAR10,1.0,47,10,5,done,2026-09-04 13:09:04,/home/tiago/GitHubProjects/fedhad-thesis-2/results_revision_drift/1.1_diagnostico_drift/raw/FedAvgM__CIFAR10__a1.0__s47.txt,157.5,
FedAvgM__CIFAR10__a1.0__s48,FedAvgM,CIFAR10,1.0,48,10,5,done,2026-09-04 13:11:33,/home/tiago/GitHubProjects/fedhad-thesis-2/results_revision_drift/1.1_diagnostico_drift/raw/FedAvgM__CIFAR10__a1.0__s48.txt,149.2,
FedAvgM__CIFAR10__a1.0__s49,FedAvgM,CIFAR10,1.0,49,10,5,done,2026-09-04 13:14:10,/home/tiago/GitHubProjects/fedhad-thesis-2/results_revision_drift/1.1_diagnostico_drift/raw/FedAvgM__CIFAR10__a1.0__s49.txt,157.4,
FedAvgM__CIFAR10__a1.0__s50,FedAvgM,CIFAR10,1.0,50,10,5,done,2026-09-04 13:16:48,/home/tiago/GitHubProjects/fedhad-thesis-2/results_revision_drift/1.1_diagnostico_drift/raw/FedAvgM__CIFAR10__a1.0__s50.txt,157.6,
FedAvgM__CIFAR10__a1.0__s51,FedAvgM,CIFAR10,1.0,51,10,5,done,2026-09-04 13:19:25,/home/tiago/GitHubProjects/fedhad-thesis-2/results_revision_drift/1.1_diagnostico_drift/raw/FedAvgM__CIFAR10__a1.0__s51.txt,157.5,
FedAvgM__CIFAR10__a0.1__s42,FedAvgM,CIFAR10,0.1,42,10,5,done,2026-09-04 13:22:23,/home/tiago/GitHubProjects/fedhad-thesis-2/results_revision_drift/1.1_diagnostico_drift/raw/FedAvgM__CIFAR10__a0.1__s42.txt,177.4,
FedAvgM__CIFAR10__a0.1__s43,FedAvgM,CIFAR10,0.1,43,10,5,done,2026-09-04 13:25:10,/home/tiago/GitHubProjects/fedhad-thesis-2/results_revision_drift/1.1_diagnostico_drift/raw/FedAvgM__CIFAR10__a0.1__s43.txt,167.5,
FedAvgM__CIFAR10__a0.1__s44,FedAvgM,CIFAR10,0.1,44,10,5,done,2026-09-04 13:27:58,/home/tiago/GitHubProjects/fedhad-thesis-2/results_revision_drift/1.1_diagnostico_drift/raw/FedAvgM__CIFAR10__a0.1__s44.txt,167.5,
FedAvgM__CIFAR10__a0.1__s45,FedAvgM,CIFAR10,0.1,45,10,5,done,2026-09-04 13:30:55,/home/tiago/GitHubProjects/fedhad-thesis-2/results_revision_drift/1.1_diagnostico_drift/raw/FedAvgM__CIFAR10__a0.1__s45.txt,177.4,
FedAvgM__CIFAR10__a0.1__s46,FedAvgM,CIFAR10,0.1,46,10,5,done,2026-09-04 13:34:03,/home/tiago/GitHubProjects/fedhad-thesis-2/results_revision_drift/1.1_diagnostico_drift/raw/FedAvgM__CIFAR10__a0.1__s46.txt,187.6,
FedAvgM__CIFAR10__a0.1__s47,FedAvgM,CIFAR10,0.1,47,10,5,done,2026-09-04 13:36:40,/home/tiago/GitHubProjects/fedhad-thesis-2/results_revision_drift/1.1_diagnostico_drift/raw/FedAvgM__CIFAR10__a0.1__s47.txt,157.5,
FedAvgM__CIFAR10__a0.1__s48,FedAvgM,CIFAR10,0.1,48,10,5,done,2026-09-04 13:39:48,/home/tiago/GitHubProjects/fedhad-thesis-2/results_revision_drift/1.1_diagnostico_drift/raw/FedAvgM__CIFAR10__a0.1__s48.txt,187.9,
FedAvgM__CIFAR10__a0.1__s49,FedAvgM,CIFAR10,0.1,49,10,5,done,2026-09-04 13:42:38,/home/tiago/GitHubProjects/fedhad-thesis-2/results_revision_drift/1.1_diagnostico_drift/raw/FedAvgM__CIFAR10__a0.1__s49.txt,169.1,
FedAvgM__CIFAR10__a0.1__s50,FedAvgM,CIFAR10,0.1,50,10,5,done,2026-09-04 13:46:05,/home/tiago/GitHubProjects/fedhad-thesis-2/results_revision_drift/1.1_diagnostico_drift/raw/FedAvgM__CIFAR10__a0.1__s50.txt,207.5,
FedAvgM__CIFAR10__a0.1__s51,FedAvgM,CIFAR10,0.1,51,10,5,done,2026-09-04 13:49:13,/home/tiago/GitHubProjects/fedhad-thesis-2/results_revision_drift/1.1_diagnostico_drift/raw/FedAvgM__CIFAR10__a0.1__s51.txt,187.6,
FedAvgM__CIFAR10__a0.01__s42,FedAvgM,CIFAR10,0.01,42,10,5,done,2026-09-04 13:52:00,/home/tiago/GitHubProjects/fedhad-thesis-2/results_revision_drift/1.1_diagnostico_drift/raw/FedAvgM__CIFAR10__a0.01__s42.txt,167.7,
FedAvgM__CIFAR10__a0.01__s43,FedAvgM,CIFAR10,0.01,43,10,5,done,2026-09-04 13:55:09,/home/tiago/GitHubProjects/fedhad-thesis-2/results_revision_drift/1.1_diagnostico_drift/raw/FedAvgM__CIFAR10__a0.01__s43.txt,188.2,
FedAvgM__CIFAR10__a0.01__s44,FedAvgM,CIFAR10,0.01,44,10,5,done,2026-09-04 13:58:08,/home/tiago/GitHubProjects/fedhad-thesis-2/results_revision_drift/1.1_diagnostico_drift/raw/FedAvgM__CIFAR10__a0.01__s44.txt,179.2,
FedAvgM__CIFAR10__a0.01__s45,FedAvgM,CIFAR10,0.01,45,10,5,done,2026-09-04 14:00:55,/home/tiago/GitHubProjects/fedhad-thesis-2/results_revision_drift/1.1_diagnostico_drift/raw/FedAvgM__CIFAR10__a0.01__s45.txt,167.6,
FedAvgM__CIFAR10__a0.01__s46,FedAvgM,CIFAR10,0.01,46,10,5,done,2026-09-04 14:04:33,/home/tiago/GitHubProjects/fedhad-thesis-2/results_revision_drift/1.1_diagnostico_drift/raw/FedAvgM__CIFAR10__a0.01__s46.txt,217.6,
FedAvgM__CIFAR10__a0.01__s47,FedAvgM,CIFAR10,0.01,47,10,5,done,2026-09-04 14:07:50,/home/tiago/GitHubProjects/fedhad-thesis-2/results_revision_drift/1.1_diagnostico_drift/raw/FedAvgM__CIFAR10__a0.01__s47.txt,197.4,
FedAvgM__CIFAR10__a0.01__s48,FedAvgM,CIFAR10,0.01,48,10,5,done,2026-09-04 14:10:28,/home/tiago/GitHubProjects/fedhad-thesis-2/results_revision_drift/1.1_diagnostico_drift/raw/FedAvgM__CIFAR10__a0.01__s48.txt,157.4,
FedAvgM__CIFAR10__a0.01__s49,FedAvgM,CIFAR10,0.01,49,10,5,done,2026-09-04 14:13:17,/home/tiago/GitHubProjects/fedhad-thesis-2/results_revision_drift/1.1_diagnostico_drift/raw/FedAvgM__CIFAR10__a0.01__s49.txt,169.4,
FedAvgM__CIFAR10__a0.01__s50,FedAvgM,CIFAR10,0.01,50,10,5,done,2026-09-04 14:16:55,/home/tiago/GitHubProjects/fedhad-thesis-2/results_revision_drift/1.1_diagnostico_drift/raw/FedAvgM__CIFAR10__a0.01__s50.txt,217.4,
FedAvgM__CIFAR10__a0.01__s51,FedAvgM,CIFAR10,0.01,51,10,5,done,2026-09-04 14:20:03,/home/tiago/GitHubProjects/fedhad-thesis-2/results_revision_drift/1.1_diagnostico_drift/raw/FedAvgM__CIFAR10__a0.01__s51.txt,188.5,
FedProx__CIFAR10__a1.0__s42,FedProx,CIFAR10,1.0,42,10,5,done,2026-09-04 14:23:42,/home/tiago/GitHubProjects/fedhad-thesis-2/results_revision_drift/1.1_diagnostico_drift/raw/FedProx__CIFAR10__a1.0__s42.txt,219.4,
FedProx__CIFAR10__a1.0__s43,FedProx,CIFAR10,1.0,43,10,5,done,2026-09-04 14:27:33,/home/tiago/GitHubProjects/fedhad-thesis-2/results_revision_drift/1.1_diagnostico_drift/raw/FedProx__CIFAR10__a1.0__s43.txt,230.6,
FedProx__CIFAR10__a1.0__s44,FedProx,CIFAR10,1.0,44,10,5,done,2026-09-04 14:31:33,/home/tiago/GitHubProjects/fedhad-thesis-2/results_revision_drift/1.1_diagnostico_drift/raw/FedProx__CIFAR10__a1.0__s44.txt,239.4,
FedProx__CIFAR10__a1.0__s45,FedProx,CIFAR10,1.0,45,10,5,done,2026-09-04 14:35:20,/home/tiago/GitHubProjects/fedhad-thesis-2/results_revision_drift/1.1_diagnostico_drift/raw/FedProx__CIFAR10__a1.0__s45.txt,227.5,
FedProx__CIFAR10__a1.0__s46,FedProx,CIFAR10,1.0,46,10,5,done,2026-09-04 14:38:58,/home/tiago/GitHubProjects/fedhad-thesis-2/results_revision_drift/1.1_diagnostico_drift/raw/FedProx__CIFAR10__a1.0__s46.txt,217.6,
FedProx__CIFAR10__a1.0__s47,FedProx,CIFAR10,1.0,47,10,5,done,2026-09-04 14:42:25,/home/tiago/GitHubProjects/fedhad-thesis-2/results_revision_drift/1.1_diagnostico_drift/raw/FedProx__CIFAR10__a1.0__s47.txt,207.5,
FedProx__CIFAR10__a1.0__s48,FedProx,CIFAR10,1.0,48,10,5,done,2026-09-04 14:45:53,/home/tiago/GitHubProjects/fedhad-thesis-2/results_revision_drift/1.1_diagnostico_drift/raw/FedProx__CIFAR10__a1.0__s48.txt,207.6,
FedProx__CIFAR10__a1.0__s49,FedProx,CIFAR10,1.0,49,10,5,done,2026-09-04 14:49:32,/home/tiago/GitHubProjects/fedhad-thesis-2/results_revision_drift/1.1_diagnostico_drift/raw/FedProx__CIFAR10__a1.0__s49.txt,218.7,
FedProx__CIFAR10__a1.0__s50,FedProx,CIFAR10,1.0,50,10,5,done,2026-09-04 14:52:59,/home/tiago/GitHubProjects/fedhad-thesis-2/results_revision_drift/1.1_diagnostico_drift/raw/FedProx__CIFAR10__a1.0__s50.txt,207.6,
FedProx__CIFAR10__a1.0__s51,FedProx,CIFAR10,1.0,51,10,5,done,2026-09-04 14:56:38,/home/tiago/GitHubProjects/fedhad-thesis-2/results_revision_drift/1.1_diagnostico_drift/raw/FedProx__CIFAR10__a1.0__s51.txt,218.8,
FedProx__CIFAR10__a0.1__s42,FedProx,CIFAR10,0.1,42,10,5,done,2026-09-04 15:00:46,/home/tiago/GitHubProjects/fedhad-thesis-2/results_revision_drift/1.1_diagnostico_drift/raw/FedProx__CIFAR10__a0.1__s42.txt,247.7,
FedProx__CIFAR10__a0.1__s43,FedProx,CIFAR10,0.1,43,10,5,done,2026-09-04 15:04:33,/home/tiago/GitHubProjects/fedhad-thesis-2/results_revision_drift/1.1_diagnostico_drift/raw/FedProx__CIFAR10__a0.1__s43.txt,227.6,
FedProx__CIFAR10__a0.1__s44,FedProx,CIFAR10,0.1,44,10,5,done,2026-09-04 15:08:22,/home/tiago/GitHubProjects/fedhad-thesis-2/results_revision_drift/1.1_diagnostico_drift/raw/FedProx__CIFAR10__a0.1__s44.txt,228.4,
FedProx__CIFAR10__a0.1__s45,FedProx,CIFAR10,0.1,45,10,5,done,2026-09-04 15:12:19,/home/tiago/GitHubProjects/fedhad-thesis-2/results_revision_drift/1.1_diagnostico_drift/raw/FedProx__CIFAR10__a0.1__s45.txt,237.6,
FedProx__CIFAR10__a0.1__s46,FedProx,CIFAR10,0.1,46,10,5,done,2026-09-04 15:16:27,/home/tiago/GitHubProjects/fedhad-thesis-2/results_revision_drift/1.1_diagnostico_drift/raw/FedProx__CIFAR10__a0.1__s46.txt,247.7,
FedProx__CIFAR10__a0.1__s47,FedProx,CIFAR10,0.1,47,10,5,done,2026-09-04 15:20:05,/home/tiago/GitHubProjects/fedhad-thesis-2/results_revision_drift/1.1_diagnostico_drift/raw/FedProx__CIFAR10__a0.1__s47.txt,217.6,
FedProx__CIFAR10__a0.1__s48,FedProx,CIFAR10,0.1,48,10,5,done,2026-09-04 15:24:22,/home/tiago/GitHubProjects/fedhad-thesis-2/results_revision_drift/1.1_diagnostico_drift/raw/FedProx__CIFAR10__a0.1__s48.txt,257.6,
FedProx__CIFAR10__a0.1__s49,FedProx,CIFAR10,0.1,49,10,5,done,2026-09-04 15:28:00,/home/tiago/GitHubProjects/fedhad-thesis-2/results_revision_drift/1.1_diagnostico_drift/raw/FedProx__CIFAR10__a0.1__s49.txt,217.6,
FedProx__CIFAR10__a0.1__s50,FedProx,CIFAR10,0.1,50,10,5,done,2026-09-04 15:32:40,/home/tiago/GitHubProjects/fedhad-thesis-2/results_revision_drift/1.1_diagnostico_drift/raw/FedProx__CIFAR10__a0.1__s50.txt,279.9,
FedProx__CIFAR10__a0.1__s51,FedProx,CIFAR10,0.1,51,10,5,done,2026-09-04 15:36:48,/home/tiago/GitHubProjects/fedhad-thesis-2/results_revision_drift/1.1_diagnostico_drift/raw/FedProx__CIFAR10__a0.1__s51.txt,247.6,
FedProx__CIFAR10__a0.01__s42,FedProx,CIFAR10,0.01,42,10,5,done,2026-09-04 15:40:37,/home/tiago/GitHubProjects/fedhad-thesis-2/results_revision_drift/1.1_diagnostico_drift/raw/FedProx__CIFAR10__a0.01__s42.txt,229.7,
FedProx__CIFAR10__a0.01__s43,FedProx,CIFAR10,0.01,43,10,5,done,2026-09-04 15:44:47,/home/tiago/GitHubProjects/fedhad-thesis-2/results_revision_drift/1.1_diagnostico_drift/raw/FedProx__CIFAR10__a0.01__s43.txt,249.3,
FedProx__CIFAR10__a0.01__s44,FedProx,CIFAR10,0.01,44,10,5,done,2026-09-04 15:48:44,/home/tiago/GitHubProjects/fedhad-thesis-2/results_revision_drift/1.1_diagnostico_drift/raw/FedProx__CIFAR10__a0.01__s44.txt,237.6,
FedProx__CIFAR10__a0.01__s45,FedProx,CIFAR10,0.01,45,10,5,done,2026-09-04 15:52:32,/home/tiago/GitHubProjects/fedhad-thesis-2/results_revision_drift/1.1_diagnostico_drift/raw/FedProx__CIFAR10__a0.01__s45.txt,227.5,
FedProx__CIFAR10__a0.01__s46,FedProx,CIFAR10,0.01,46,10,5,done,2026-09-04 15:57:31,/home/tiago/GitHubProjects/fedhad-thesis-2/results_revision_drift/1.1_diagnostico_drift/raw/FedProx__CIFAR10__a0.01__s46.txt,299.5,
FedProx__CIFAR10__a0.01__s47,FedProx,CIFAR10,0.01,47,10,5,done,2026-09-04 16:01:59,/home/tiago/GitHubProjects/fedhad-thesis-2/results_revision_drift/1.1_diagnostico_drift/raw/FedProx__CIFAR10__a0.01__s47.txt,267.5,
FedProx__CIFAR10__a0.01__s48,FedProx,CIFAR10,0.01,48,10,5,done,2026-09-04 16:05:36,/home/tiago/GitHubProjects/fedhad-thesis-2/results_revision_drift/1.1_diagnostico_drift/raw/FedProx__CIFAR10__a0.01__s48.txt,217.5,
FedProx__CIFAR10__a0.01__s49,FedProx,CIFAR10,0.01,49,10,5,done,2026-09-04 16:09:26,/home/tiago/GitHubProjects/fedhad-thesis-2/results_revision_drift/1.1_diagnostico_drift/raw/FedProx__CIFAR10__a0.01__s49.txt,229.2,
FedProx__CIFAR10__a0.01__s50,FedProx,CIFAR10,0.01,50,10,5,done,2026-09-04 16:14:23,/home/tiago/GitHubProjects/fedhad-thesis-2/results_revision_drift/1.1_diagnostico_drift/raw/FedProx__CIFAR10__a0.01__s50.txt,297.6,
FedProx__CIFAR10__a0.01__s51,FedProx,CIFAR10,0.01,51,10,5,done,2026-09-04 16:18:31,/home/tiago/GitHubProjects/fedhad-thesis-2/results_revision_drift/1.1_diagnostico_drift/raw/FedProx__CIFAR10__a0.01__s51.txt,247.6,
FedHAD__CIFAR10__a1.0__s42,FedHAD,CIFAR10,1.0,42,10,5,done,2026-09-04 16:21:40,/home/tiago/GitHubProjects/fedhad-thesis-2/results_revision_drift/1.1_diagnostico_drift/raw/FedHAD__CIFAR10__a1.0__s42.txt,189.0,
FedHAD__CIFAR10__a1.0__s43,FedHAD,CIFAR10,1.0,43,10,5,done,2026-09-04 16:24:47,/home/tiago/GitHubProjects/fedhad-thesis-2/results_revision_drift/1.1_diagnostico_drift/raw/FedHAD__CIFAR10__a1.0__s43.txt,187.4,
FedHAD__CIFAR10__a1.0__s44,FedHAD,CIFAR10,1.0,44,10,5,done,2026-09-04 16:28:07,/home/tiago/GitHubProjects/fedhad-thesis-2/results_revision_drift/1.1_diagnostico_drift/raw/FedHAD__CIFAR10__a1.0__s44.txt,199.2,
FedHAD__CIFAR10__a1.0__s45,FedHAD,CIFAR10,1.0,45,10,5,done,2026-09-04 16:31:14,/home/tiago/GitHubProjects/fedhad-thesis-2/results_revision_drift/1.1_diagnostico_drift/raw/FedHAD__CIFAR10__a1.0__s45.txt,187.5,
FedHAD__CIFAR10__a1.0__s46,FedHAD,CIFAR10,1.0,46,10,5,done,2026-09-04 16:34:11,/home/tiago/GitHubProjects/fedhad-thesis-2/results_revision_drift/1.1_diagnostico_drift/raw/FedHAD__CIFAR10__a1.0__s46.txt,177.4,
FedHAD__CIFAR10__a1.0__s47,FedHAD,CIFAR10,1.0,47,10,5,done,2026-09-04 16:37:09,/home/tiago/GitHubProjects/fedhad-thesis-2/results_revision_drift/1.1_diagnostico_drift/raw/FedHAD__CIFAR10__a1.0__s47.txt,177.2,
FedHAD__CIFAR10__a1.0__s48,FedHAD,CIFAR10,1.0,48,10,5,done,2026-09-04 16:40:06,/home/tiago/GitHubProjects/fedhad-thesis-2/results_revision_drift/1.1_diagnostico_drift/raw/FedHAD__CIFAR10__a1.0__s48.txt,177.2,
FedHAD__CIFAR10__a1.0__s49,FedHAD,CIFAR10,1.0,49,10,5,done,2026-09-04 16:43:13,/home/tiago/GitHubProjects/fedhad-thesis-2/results_revision_drift/1.1_diagnostico_drift/raw/FedHAD__CIFAR10__a1.0__s49.txt,187.3,
FedHAD__CIFAR10__a1.0__s50,FedHAD,CIFAR10,1.0,50,10,5,done,2026-09-04 16:46:10,/home/tiago/GitHubProjects/fedhad-thesis-2/results_revision_drift/1.1_diagnostico_drift/raw/FedHAD__CIFAR10__a1.0__s50.txt,177.2,
FedHAD__CIFAR10__a1.0__s51,FedHAD,CIFAR10,1.0,51,10,5,done,2026-09-04 16:49:18,/home/tiago/GitHubProjects/fedhad-thesis-2/results_revision_drift/1.1_diagnostico_drift/raw/FedHAD__CIFAR10__a1.0__s51.txt,187.3,
FedHAD__CIFAR10__a0.1__s42,FedHAD,CIFAR10,0.1,42,10,5,done,2026-09-04 16:52:45,/home/tiago/GitHubProjects/fedhad-thesis-2/results_revision_drift/1.1_diagnostico_drift/raw/FedHAD__CIFAR10__a0.1__s42.txt,207.2,
FedHAD__CIFAR10__a0.1__s43,FedHAD,CIFAR10,0.1,43,10,5,done,2026-09-04 16:55:52,/home/tiago/GitHubProjects/fedhad-thesis-2/results_revision_drift/1.1_diagnostico_drift/raw/FedHAD__CIFAR10__a0.1__s43.txt,187.3,
FedHAD__CIFAR10__a0.1__s44,FedHAD,CIFAR10,0.1,44,10,5,done,2026-09-04 16:59:00,/home/tiago/GitHubProjects/fedhad-thesis-2/results_revision_drift/1.1_diagnostico_drift/raw/FedHAD__CIFAR10__a0.1__s44.txt,187.3,
FedHAD__CIFAR10__a0.1__s45,FedHAD,CIFAR10,0.1,45,10,5,done,2026-09-04 17:02:19,/home/tiago/GitHubProjects/fedhad-thesis-2/results_revision_drift/1.1_diagnostico_drift/raw/FedHAD__CIFAR10__a0.1__s45.txt,199.1,
FedHAD__CIFAR10__a0.1__s46,FedHAD,CIFAR10,0.1,46,10,5,done,2026-09-04 17:05:46,/home/tiago/GitHubProjects/fedhad-thesis-2/results_revision_drift/1.1_diagnostico_drift/raw/FedHAD__CIFAR10__a0.1__s46.txt,207.1,
FedHAD__CIFAR10__a0.1__s47,FedHAD,CIFAR10,0.1,47,10,5,done,2026-09-04 17:08:43,/home/tiago/GitHubProjects/fedhad-thesis-2/results_revision_drift/1.1_diagnostico_drift/raw/FedHAD__CIFAR10__a0.1__s47.txt,177.1,
FedHAD__CIFAR10__a0.1__s48,FedHAD,CIFAR10,0.1,48,10,5,done,2026-09-04 17:12:12,/home/tiago/GitHubProjects/fedhad-thesis-2/results_revision_drift/1.1_diagnostico_drift/raw/FedHAD__CIFAR10__a0.1__s48.txt,208.9,
FedHAD__CIFAR10__a0.1__s49,FedHAD,CIFAR10,0.1,49,10,5,done,2026-09-04 17:15:19,/home/tiago/GitHubProjects/fedhad-thesis-2/results_revision_drift/1.1_diagnostico_drift/raw/FedHAD__CIFAR10__a0.1__s49.txt,187.3,
FedHAD__CIFAR10__a0.1__s50,FedHAD,CIFAR10,0.1,50,10,5,done,2026-09-04 17:19:18,/home/tiago/GitHubProjects/fedhad-thesis-2/results_revision_drift/1.1_diagnostico_drift/raw/FedHAD__CIFAR10__a0.1__s50.txt,238.9,
FedHAD__CIFAR10__a0.1__s51,FedHAD,CIFAR10,0.1,51,10,5,done,2026-09-04 17:22:46,/home/tiago/GitHubProjects/fedhad-thesis-2/results_revision_drift/1.1_diagnostico_drift/raw/FedHAD__CIFAR10__a0.1__s51.txt,207.4,
FedHAD__CIFAR10__a0.01__s42,FedHAD,CIFAR10,0.01,42,10,5,done,2026-09-04 17:25:53,/home/tiago/GitHubProjects/fedhad-thesis-2/results_revision_drift/1.1_diagnostico_drift/raw/FedHAD__CIFAR10__a0.01__s42.txt,187.2,
FedHAD__CIFAR10__a0.01__s43,FedHAD,CIFAR10,0.01,43,10,5,done,2026-09-04 17:29:10,/home/tiago/GitHubProjects/fedhad-thesis-2/results_revision_drift/1.1_diagnostico_drift/raw/FedHAD__CIFAR10__a0.01__s43.txt,197.5,
FedHAD__CIFAR10__a0.01__s44,FedHAD,CIFAR10,0.01,44,10,5,done,2026-09-04 17:32:28,/home/tiago/GitHubProjects/fedhad-thesis-2/results_revision_drift/1.1_diagnostico_drift/raw/FedHAD__CIFAR10__a0.01__s44.txt,197.3,
FedHAD__CIFAR10__a0.01__s45,FedHAD,CIFAR10,0.01,45,10,5,done,2026-09-04 17:35:25,/home/tiago/GitHubProjects/fedhad-thesis-2/results_revision_drift/1.1_diagnostico_drift/raw/FedHAD__CIFAR10__a0.01__s45.txt,177.4,
FedHAD__CIFAR10__a0.01__s46,FedHAD,CIFAR10,0.01,46,10,5,done,2026-09-04 17:39:24,/home/tiago/GitHubProjects/fedhad-thesis-2/results_revision_drift/1.1_diagnostico_drift/raw/FedHAD__CIFAR10__a0.01__s46.txt,238.9,
FedHAD__CIFAR10__a0.01__s47,FedHAD,CIFAR10,0.01,47,10,5,done,2026-09-04 17:43:01,/home/tiago/GitHubProjects/fedhad-thesis-2/results_revision_drift/1.1_diagnostico_drift/raw/FedHAD__CIFAR10__a0.01__s47.txt,217.1,
FedHAD__CIFAR10__a0.01__s48,FedHAD,CIFAR10,0.01,48,10,5,done,2026-09-04 17:45:38,/home/tiago/GitHubProjects/fedhad-thesis-2/results_revision_drift/1.1_diagnostico_drift/raw/FedHAD__CIFAR10__a0.01__s48.txt,157.2,
FedHAD__CIFAR10__a0.01__s49,FedHAD,CIFAR10,0.01,49,10,5,done,2026-09-04 17:48:46,/home/tiago/GitHubProjects/fedhad-thesis-2/results_revision_drift/1.1_diagnostico_drift/raw/FedHAD__CIFAR10__a0.01__s49.txt,187.3,
FedHAD__CIFAR10__a0.01__s50,FedHAD,CIFAR10,0.01,50,10,5,done,2026-09-04 17:52:43,/home/tiago/GitHubProjects/fedhad-thesis-2/results_revision_drift/1.1_diagnostico_drift/raw/FedHAD__CIFAR10__a0.01__s50.txt,237.1,
FedHAD__CIFAR10__a0.01__s51,FedHAD,CIFAR10,0.01,51,10,5,done,2026-09-04 17:56:10,/home/tiago/GitHubProjects/fedhad-thesis-2/results_revision_drift/1.1_diagnostico_drift/raw/FedHAD__CIFAR10__a0.01__s51.txt,207.2,
