metodo,dataset,alpha,seed,round,client_id,H_k,E_k,lr_k,update_norm,update_norm_per_step,cos_sim,n_samples,minibatch_updates
FedAVG,CIFAR10,1.0,49,1,0,0.21312912305196127,5,0.01,10.582318781219525,0.007986655683939265,0.5540352543952098,8483,1325
FedAVG,CIFAR10,1.0,49,1,2,0.2265722950299581,5,0.01,11.031585341386641,0.007555880370812768,0.5881528391848799,9362,1460
FedAVG,CIFAR10,1.0,49,1,1,0.28165485461552936,5,0.01,11.747004147526436,0.006281820399746757,0.6850619848952756,11999,1870
FedAVG,CIFAR10,1.0,49,1,3,0.1574380894502004,5,0.01,9.946551730589741,0.008220290686437802,0.5377683570493123,7774,1210
FedAVG,CIFAR10,1.0,49,1,4,0.31873313585917157,5,0.01,9.943693386073393,0.008646689900933386,0.48671990192649006,7384,1150
FedAVG,CIFAR10,1.0,49,2,1,0.28165485461552936,5,0.01,11.702608633551083,0.0062580794831823975,0.7518319378379176,11999,1870
FedAVG,CIFAR10,1.0,49,2,0,0.21312912305196127,5,0.01,9.941013558669992,0.007502651742392447,0.6615139653163267,8483,1325
FedAVG,CIFAR10,1.0,49,2,2,0.2265722950299581,5,0.01,10.888237413832789,0.007457696858789581,0.6992785363888769,9362,1460
FedAVG,CIFAR10,1.0,49,2,4,0.31873313585917157,5,0.01,8.709365214084594,0.007573361055725734,0.5817549921213161,7384,1150
FedAVG,CIFAR10,1.0,49,2,3,0.1574380894502004,5,0.01,9.947561713905353,0.008221125383392853,0.6616328582575242,7774,1210
FedAVG,CIFAR10,1.0,49,3,1,0.28165485461552936,5,0.01,11.337515734756165,0.00606284263890704,0.7344599241274341,11999,1870
FedAVG,CIFAR10,1.0,49,3,2,0.2265722950299581,5,0.01,9.866976639118864,0.006758203177478674,0.6357269617028274,9362,1460
FedAVG,CIFAR10,1.0,49,3,4,0.31873313585917157,5,0.01,8.288139314753765,0.007207077665003274,0.5012432751140828,7384,1150
FedAVG,CIFAR10,1.0,49,3,0,0.21312912305196127,5,0.01,9.322583256018923,0.007035911891335037,0.6097026131228374,8483,1325
FedAVG,CIFAR10,1.0,49,3,3,0.1574380894502004,5,0.01,9.211526832310398,0.007612832092818511,0.5932298420296261,7774,1210
FedAVG,CIFAR10,1.0,49,4,4,0.31873313585917157,5,0.01,8.124950519280086,0.007065174364591379,0.42615507831271493,7384,1150
FedAVG,CIFAR10,1.0,49,4,2,0.2265722950299581,5,0.01,9.415571550337678,0.006449021609820327,0.5508711237673295,9362,1460
FedAVG,CIFAR10,1.0,49,4,1,0.28165485461552936,5,0.01,11.219143447916407,0.005999541950757437,0.7126143783858444,11999,1870
FedAVG,CIFAR10,1.0,49,4,3,0.1574380894502004,5,0.01,8.976870361503675,0.0074189011252096485,0.5070162539064356,7774,1210
FedAVG,CIFAR10,1.0,49,4,0,0.21312912305196127,5,0.01,8.911829389738584,0.00672590897338761,0.5235065051047599,8483,1325
FedAVG,CIFAR10,1.0,49,5,4,0.31873313585917157,5,0.01,8.110120765328213,0.007052278926372359,0.37187329596373464,7384,1150
FedAVG,CIFAR10,1.0,49,5,0,0.21312912305196127,5,0.01,8.995981640902592,0.006789420106341579,0.465012326021084,8483,1325
FedAVG,CIFAR10,1.0,49,5,3,0.1574380894502004,5,0.01,9.028625019665949,0.007461673569971858,0.4462880272242416,7774,1210
FedAVG,CIFAR10,1.0,49,5,2,0.2265722950299581,5,0.01,9.285373743095162,0.006359845029517234,0.5005022620152162,9362,1460
FedAVG,CIFAR10,1.0,49,5,1,0.28165485461552936,5,0.01,11.297821045560246,0.006041615532385159,0.6882076033823465,11999,1870
FedAVG,CIFAR10,1.0,49,6,3,0.1574380894502004,5,0.01,9.064703919498145,0.00749149084256045,0.41275407854166773,7774,1210
FedAVG,CIFAR10,1.0,49,6,2,0.2265722950299581,5,0.01,9.275117300002742,0.0063528200684950294,0.4617356997084875,9362,1460
FedAVG,CIFAR10,1.0,49,6,4,0.31873313585917157,5,0.01,8.172563743659305,0.007106577168399395,0.33794057230405206,7384,1150
FedAVG,CIFAR10,1.0,49,6,0,0.21312912305196127,5,0.01,9.02266217376252,0.0068095563575566185,0.4258988596516561,8483,1325
FedAVG,CIFAR10,1.0,49,6,1,0.28165485461552936,5,0.01,11.39418080040077,0.00609314481304854,0.6785084491406419,11999,1870
FedAVG,CIFAR10,1.0,49,7,0,0.21312912305196127,5,0.01,9.05684885830171,0.00683535762890695,0.40762094281171835,8483,1325
FedAVG,CIFAR10,1.0,49,7,2,0.2265722950299581,5,0.01,9.247615562987553,0.0063339832623202415,0.4437873349238908,9362,1460
FedAVG,CIFAR10,1.0,49,7,1,0.28165485461552936,5,0.01,11.285543037686207,0.006035049752773373,0.6671248714215917,11999,1870
FedAVG,CIFAR10,1.0,49,7,4,0.31873313585917157,5,0.01,8.041261477104163,0.006992401284438402,0.30970840089387824,7384,1150
FedAVG,CIFAR10,1.0,49,7,3,0.1574380894502004,5,0.01,9.161371576237183,0.007571381467964614,0.38968398858849934,7774,1210
FedAVG,CIFAR10,1.0,49,8,2,0.2265722950299581,5,0.01,9.285409912163665,0.006359869802851826,0.4342564360708305,9362,1460
FedAVG,CIFAR10,1.0,49,8,1,0.28165485461552936,5,0.01,11.116599096355213,0.005944705399120434,0.6585111322477873,11999,1870
FedAVG,CIFAR10,1.0,49,8,4,0.31873313585917157,5,0.01,8.119978777048564,0.007060851110477012,0.31167392787574855,7384,1150
FedAVG,CIFAR10,1.0,49,8,0,0.21312912305196127,5,0.01,9.032536702876326,0.0068170088323594915,0.3928299339793146,8483,1325
FedAVG,CIFAR10,1.0,49,8,3,0.1574380894502004,5,0.01,8.863760985539177,0.007325422302098493,0.3613635763456363,7774,1210
FedAVG,CIFAR10,1.0,49,9,3,0.1574380894502004,5,0.01,9.169081109663692,0.007577752983193134,0.36906375433604,7774,1210
FedAVG,CIFAR10,1.0,49,9,0,0.21312912305196127,5,0.01,9.012315517432008,0.006801747560326044,0.3807627509326216,8483,1325
FedAVG,CIFAR10,1.0,49,9,2,0.2265722950299581,5,0.01,9.050734018111523,0.0061991328891174815,0.41887947796248326,9362,1460
FedAVG,CIFAR10,1.0,49,9,4,0.31873313585917157,5,0.01,8.129492020163356,0.007069123495794223,0.2991163369396784,7384,1150
FedAVG,CIFAR10,1.0,49,9,1,0.28165485461552936,5,0.01,11.097809263063843,0.005934657359927188,0.6520321957138822,11999,1870
FedAVG,CIFAR10,1.0,49,10,2,0.2265722950299581,5,0.01,9.26685263928248,0.006347159341974301,0.4270422510848674,9362,1460
FedAVG,CIFAR10,1.0,49,10,1,0.28165485461552936,5,0.01,10.704356694759234,0.005724254916983548,0.6330933115499262,11999,1870
FedAVG,CIFAR10,1.0,49,10,3,0.1574380894502004,5,0.01,9.000288193841744,0.007438254705654334,0.35641610490418363,7774,1210
FedAVG,CIFAR10,1.0,49,10,0,0.21312912305196127,5,0.01,8.892514188704304,0.00671133146317306,0.376802179952688,8483,1325
FedAVG,CIFAR10,1.0,49,10,4,0.31873313585917157,5,0.01,8.40598965886505,0.007309556225100043,0.31249581102596696,7384,1150
