campaign,tag,dataset,alpha,method,n,train_samples,reported_TF,nominal_TF,executed_TF,max_abs_rep_minus_nom,overcount_pct,overcount_pct_max,steps,partial
main_campaign_default_alpha_0_01,test7_plato,CIFAR10,0.01,FedAVG,30,45001.9,2035.151524992,2035.2109275,2031.823575,0.05940396000005421,0.16672999454025414,0.23610121168924358,350991.6666666667,0
main_campaign_default_alpha_0_01,test7_plato,CIFAR10,0.01,FedAvgM,30,45001.9,2035.151524992,2035.2109275,2031.823575,0.05940396000005421,0.16672999454025414,0.23610121168924358,350991.6666666667,0
main_campaign_default_alpha_0_01,test7_plato,CIFAR10,0.01,FedHAD,30,45001.9,1313.936336,1313.9746874999998,1312.042374,0.04330127999992328,0.1478297101039742,0.21683958054439234,226651.66666666666,0
main_campaign_default_alpha_0_01,test7_plato,CIFAR10,0.01,FedProx,30,45001.9,2035.151524992,2035.2109275,2031.823575,0.05940396000005421,0.16672999454025414,0.23610121168924358,350991.6666666667,0
main_campaign_default_alpha_0_01,test8_femnist,FEMNIST,,FedAVG,30,2126.0,61.974158592,61.9729,56.9008,0.0012585919999992257,8.91393442622952,8.91393442622952,15250.0,0
main_campaign_default_alpha_0_01,test8_femnist,FEMNIST,,FedAvgM,30,2126.0,61.974158592,61.9729,56.9008,0.0012585919999992257,8.91393442622952,8.91393442622952,15250.0,0
main_campaign_default_alpha_0_01,test8_femnist,FEMNIST,,FedHAD,30,2126.0,55.666572928768,55.665442433333325,51.49105749333334,0.001130850240002701,8.107009498577026,8.11064727615185,13800.133333333333,0
main_campaign_default_alpha_0_01,test8_femnist,FEMNIST,,FedProx,30,2126.0,61.974158592,61.9729,56.9008,0.0012585919999992257,8.91393442622952,8.91393442622952,15250.0,0
main_campaign_default_alpha_0_5,test1_convergencia,CIFAR10,0.5,FedAVG,30,45002.166666666664,407.032716928,407.0445975,406.344816,0.011880791999999474,0.17223526259568134,0.307596291012846,70195.0,0
main_campaign_default_alpha_0_5,test1_convergencia,CIFAR10,0.5,FedAvgM,30,45002.166666666664,407.032716928,407.0445975,406.344816,0.011880791999999474,0.17223526259568134,0.307596291012846,70195.0,0
main_campaign_default_alpha_0_5,test1_convergencia,CIFAR10,0.5,FedHAD,30,45002.166666666664,325.25527906816,325.26477270000004,324.713088,0.011132352000004175,0.1702724212844283,0.3058708596948456,56093.333333333336,0
main_campaign_default_alpha_0_5,test1_convergencia,CIFAR10,0.5,FedNova,30,45002.166666666664,407.032716928,407.0445975,406.344816,0.011880791999999474,0.17223526259568134,0.307596291012846,70195.0,0
main_campaign_default_alpha_0_5,test1_convergencia,CIFAR10,0.5,FedProx,30,45002.166666666664,407.032716928,407.0445975,406.344816,0.011880791999999474,0.17223526259568134,0.307596291012846,70195.0,0
main_campaign_default_alpha_0_5,test1_convergencia,FashionMNIST,0.5,FedAVG,30,54002.13333333333,4.5627482496,4.5631802666666665,4.5566906666666664,0.0004320319999999711,0.14243806753937438,0.21154988123515128,84258.33333333333,0
main_campaign_default_alpha_0_5,test1_convergencia,FashionMNIST,0.5,FedAvgM,30,54002.13333333333,4.5627482496,4.5631802666666665,4.5566906666666664,0.0004320319999999711,0.14243806753937438,0.21154988123515128,84258.33333333333,0
main_campaign_default_alpha_0_5,test1_convergencia,FashionMNIST,0.5,FedHAD,30,54002.13333333333,3.6460494792,3.6463947,3.6412604799999997,0.0004048240000003034,0.1409510675064348,0.21154988123515128,67331.0,0
main_campaign_default_alpha_0_5,test1_convergencia,FashionMNIST,0.5,FedNova,30,54002.13333333333,4.5627482496,4.5631802666666665,4.5566906666666664,0.0004320319999999711,0.14243806753937438,0.21154988123515128,84258.33333333333,0
main_campaign_default_alpha_0_5,test1_convergencia,FashionMNIST,0.5,FedProx,30,54002.13333333333,4.5627482496,4.5631802666666665,4.5566906666666664,0.0004320319999999711,0.14243806753937438,0.21154988123515128,84258.33333333333,0
main_campaign_default_alpha_0_5,test1_convergencia,MNIST,0.5,FedAVG,30,54002.333333333336,4.5627651479999995,4.563197166666667,4.556420266666667,0.00043202400000019736,0.14874685393307643,0.2134055819477343,84253.33333333333,0
main_campaign_default_alpha_0_5,test1_convergencia,MNIST,0.5,FedAvgM,30,54002.333333333336,4.5627651479999995,4.563197166666667,4.556420266666667,0.00043202400000019736,0.14874685393307643,0.2134055819477343,84253.33333333333,0
main_campaign_default_alpha_0_5,test1_convergencia,MNIST,0.5,FedHAD,30,54002.333333333336,3.64913287392,3.6494783866666665,3.6440906666666666,0.0004050352000000146,0.14785796542198915,0.2134055819477343,67383.33333333333,0
main_campaign_default_alpha_0_5,test1_convergencia,MNIST,0.5,FedNova,30,54002.333333333336,4.5627651479999995,4.563197166666667,4.556420266666667,0.00043202400000019736,0.14874685393307643,0.2134055819477343,84253.33333333333,0
main_campaign_default_alpha_0_5,test1_convergencia,MNIST,0.5,FedProx,30,54002.333333333336,4.5627651479999995,4.563197166666667,4.556420266666667,0.00043202400000019736,0.14874685393307643,0.2134055819477343,84253.33333333333,0
main_campaign_default_alpha_0_5,test2_robustez_alpha,CIFAR10,0.01,FedAVG,30,45001.9,407.0303049984,407.0421855,406.364715,0.011880791999999474,0.16672999454025486,0.23610121168924358,70198.33333333333,0
main_campaign_default_alpha_0_5,test2_robustez_alpha,CIFAR10,0.01,FedAvgM,30,45001.9,407.0303049984,407.0421855,406.364715,0.011880791999999474,0.16672999454025486,0.23610121168924358,70198.33333333333,0
main_campaign_default_alpha_0_5,test2_robustez_alpha,CIFAR10,0.01,FedHAD,30,45001.9,262.78726720000003,262.7949375,262.40847479999996,0.008660255999984656,0.1478297101039764,0.21683958054439234,45330.333333333336,0
main_campaign_default_alpha_0_5,test2_robustez_alpha,CIFAR10,0.01,FedNova,30,45001.9,407.0303049984,407.0421855,406.364715,0.011880791999999474,0.16672999454025486,0.23610121168924358,70198.33333333333,0
main_campaign_default_alpha_0_5,test2_robustez_alpha,CIFAR10,0.01,FedProx,30,45001.9,407.0303049984,407.0421855,406.364715,0.011880791999999474,0.16672999454025486,0.23610121168924358,70198.33333333333,0
main_campaign_default_alpha_0_5,test2_robustez_alpha,CIFAR10,0.1,FedAVG,30,45002.4,407.0348273664,407.046708,406.354464,0.011880791999999474,0.17037811230874741,0.23832858161083603,70196.66666666667,0
main_campaign_default_alpha_0_5,test2_robustez_alpha,CIFAR10,0.1,FedAvgM,30,45002.4,407.0348273664,407.046708,406.354464,0.011880791999999474,0.17037811230874741,0.23832858161083603,70196.66666666667,0
main_campaign_default_alpha_0_5,test2_robustez_alpha,CIFAR10,0.1,FedHAD,30,45002.4,288.71207340032004,288.7205004,288.2552256,0.0092617536000148,0.16111746078524503,0.23188616938616402,49795.333333333336,0
main_campaign_default_alpha_0_5,test2_robustez_alpha,CIFAR10,0.1,FedNova,30,45002.4,407.0348273664,407.046708,406.354464,0.011880791999999474,0.17037811230874741,0.23832858161083603,70196.66666666667,0
main_campaign_default_alpha_0_5,test2_robustez_alpha,CIFAR10,0.1,FedProx,30,45002.4,407.0348273664,407.046708,406.354464,0.011880791999999474,0.17037811230874741,0.23832858161083603,70196.66666666667,0
main_campaign_default_alpha_0_5,test2_robustez_alpha,CIFAR10,1.0,FedAVG,30,45002.2,407.0330184192,407.04489900000004,406.354464,0.011880791999999474,0.16993300841983952,0.23832858161083603,70196.66666666667,0
main_campaign_default_alpha_0_5,test2_robustez_alpha,CIFAR10,1.0,FedAvgM,30,45002.2,407.0330184192,407.04489900000004,406.354464,0.011880791999999474,0.16993300841983952,0.23832858161083603,70196.66666666667,0
main_campaign_default_alpha_0_5,test2_robustez_alpha,CIFAR10,1.0,FedHAD,30,45002.2,330.00732306432,330.01695540000003,329.45990400000005,0.010389772800010633,0.1692077483171084,0.24235565425350103,56913.333333333336,0
main_campaign_default_alpha_0_5,test2_robustez_alpha,CIFAR10,1.0,FedNova,30,45002.2,407.0330184192,407.04489900000004,406.354464,0.011880791999999474,0.16993300841983952,0.23832858161083603,70196.66666666667,0
main_campaign_default_alpha_0_5,test2_robustez_alpha,CIFAR10,1.0,FedProx,30,45002.2,407.0330184192,407.04489900000004,406.354464,0.011880791999999474,0.16993300841983952,0.23832858161083603,70196.66666666667,0
main_campaign_default_alpha_0_5,test2_robustez_alpha,FashionMNIST,0.01,FedAVG,30,54001.833333333336,4.562722902,4.563154916666667,4.556068183333334,0.00043202400000019736,0.15556391876772416,0.2134055819477343,84246.66666666667,0
main_campaign_default_alpha_0_5,test2_robustez_alpha,FashionMNIST,0.01,FedAvgM,30,54001.833333333336,4.562722902,4.563154916666667,4.556068183333334,0.00043202400000019736,0.15556391876772416,0.2134055819477343,84246.66666666667,0
main_campaign_default_alpha_0_5,test2_robustez_alpha,FashionMNIST,0.01,FedHAD,30,54001.833333333336,2.94579724488,2.946076163333333,2.9420455133333334,0.00031492000000010734,0.1378740944548699,0.20283067158066714,54401.666666666664,0
main_campaign_default_alpha_0_5,test2_robustez_alpha,FashionMNIST,0.01,FedNova,30,54001.833333333336,4.562722902,4.563154916666667,4.556068183333334,0.00043202400000019736,0.15556391876772416,0.2134055819477343,84246.66666666667,0
main_campaign_default_alpha_0_5,test2_robustez_alpha,FashionMNIST,0.01,FedProx,30,54001.833333333336,4.562722902,4.563154916666667,4.556068183333334,0.00043202400000019736,0.15556391876772416,0.2134055819477343,84246.66666666667,0
main_campaign_default_alpha_0_5,test2_robustez_alpha,FashionMNIST,0.1,FedAVG,30,54002.2,4.5627538824,4.5631859,4.556420266666667,0.0004320319999999711,0.14849725904857594,0.2134055819477343,84253.33333333333,0
main_campaign_default_alpha_0_5,test2_robustez_alpha,FashionMNIST,0.1,FedAvgM,30,54002.2,4.5627538824,4.5631859,4.556420266666667,0.0004320319999999711,0.14849725904857594,0.2134055819477343,84253.33333333333,0
main_campaign_default_alpha_0_5,test2_robustez_alpha,FashionMNIST,0.1,FedHAD,30,54002.2,3.23640297264,3.236709406666667,3.232217386666667,0.00033679999999991495,0.13920943139622258,0.20537592008411654,59767.333333333336,0
main_campaign_default_alpha_0_5,test2_robustez_alpha,FashionMNIST,0.1,FedNova,30,54002.2,4.5627538824,4.5631859,4.556420266666667,0.0004320319999999711,0.14849725904857594,0.2134055819477343,84253.33333333333,0
main_campaign_default_alpha_0_5,test2_robustez_alpha,FashionMNIST,0.1,FedProx,30,54002.2,4.5627538824,4.5631859,4.556420266666667,0.0004320319999999711,0.14849725904857594,0.2134055819477343,84253.33333333333,0
main_campaign_default_alpha_0_5,test2_robustez_alpha,FashionMNIST,1.0,FedAVG,30,54002.4,4.562770780799999,4.5632028,4.556870933333333,0.00043202400000019736,0.13896314888096395,0.2134055819477343,84261.66666666667,0
main_campaign_default_alpha_0_5,test2_robustez_alpha,FashionMNIST,1.0,FedAvgM,30,54002.4,4.562770780799999,4.5632028,4.556870933333333,0.00043202400000019736,0.13896314888096395,0.2134055819477343,84261.66666666667,0
main_campaign_default_alpha_0_5,test2_robustez_alpha,FashionMNIST,1.0,FedHAD,30,54002.4,3.69931661568,3.69966688,3.69452928,0.0003778080000000905,0.13899552459158007,0.21456789260243525,68316.0,0
main_campaign_default_alpha_0_5,test2_robustez_alpha,FashionMNIST,1.0,FedNova,30,54002.4,4.562770780799999,4.5632028,4.556870933333333,0.00043202400000019736,0.13896314888096395,0.2134055819477343,84261.66666666667,0
main_campaign_default_alpha_0_5,test2_robustez_alpha,FashionMNIST,1.0,FedProx,30,54002.4,4.562770780799999,4.5632028,4.556870933333333,0.00043202400000019736,0.13896314888096395,0.2134055819477343,84261.66666666667,0
main_campaign_default_alpha_0_5,test2_robustez_alpha,MNIST,0.01,FedAVG,30,54001.96666666667,4.5627341675999995,4.563166183333334,4.556513216666667,0.0004320319999999711,0.14602279154071343,0.2134055819477343,84255.0,0
main_campaign_default_alpha_0_5,test2_robustez_alpha,MNIST,0.01,FedAvgM,30,54001.96666666667,4.5627341675999995,4.563166183333334,4.556513216666667,0.0004320319999999711,0.14602279154071343,0.2134055819477343,84255.0,0
main_campaign_default_alpha_0_5,test2_robustez_alpha,MNIST,0.01,FedHAD,30,54001.96666666667,2.94423470616,2.9445134766666663,2.940655206666667,0.0003141503999999351,0.13158103372347796,0.21003054989816583,54376.0,0
main_campaign_default_alpha_0_5,test2_robustez_alpha,MNIST,0.01,FedNova,30,54001.96666666667,4.5627341675999995,4.563166183333334,4.556513216666667,0.0004320319999999711,0.14602279154071343,0.2134055819477343,84255.0,0
main_campaign_default_alpha_0_5,test2_robustez_alpha,MNIST,0.01,FedProx,30,54001.96666666667,4.5627341675999995,4.563166183333334,4.556513216666667,0.0004320319999999711,0.14602279154071343,0.2134055819477343,84255.0,0
main_campaign_default_alpha_0_5,test2_robustez_alpha,MNIST,0.1,FedAVG,30,54002.03333333333,4.562739800399999,4.563171816666667,4.5567808,0.00043202400000019736,0.14026808839212293,0.2134055819477343,84260.0,0
main_campaign_default_alpha_0_5,test2_robustez_alpha,MNIST,0.1,FedAvgM,30,54002.03333333333,4.562739800399999,4.563171816666667,4.5567808,0.00043202400000019736,0.14026808839212293,0.2134055819477343,84260.0,0
main_campaign_default_alpha_0_5,test2_robustez_alpha,MNIST,0.1,FedHAD,30,54002.03333333333,3.22943576232,3.2297415366666664,3.2254573866666667,0.0003369632000000955,0.13265441760630528,0.20414837947333453,59642.333333333336,0
main_campaign_default_alpha_0_5,test2_robustez_alpha,MNIST,0.1,FedNova,30,54002.03333333333,4.562739800399999,4.563171816666667,4.5567808,0.00043202400000019736,0.14026808839212293,0.2134055819477343,84260.0,0
main_campaign_default_alpha_0_5,test2_robustez_alpha,MNIST,0.1,FedProx,30,54002.03333333333,4.562739800399999,4.563171816666667,4.5567808,0.00043202400000019736,0.14026808839212293,0.2134055819477343,84260.0,0
main_campaign_default_alpha_0_5,test2_robustez_alpha,MNIST,1.0,FedAVG,30,54002.4,4.562770780799999,4.5632028,4.557231466666667,0.00043202400000019736,0.13104509544343537,0.21154988123515128,84268.33333333333,0
main_campaign_default_alpha_0_5,test2_robustez_alpha,MNIST,1.0,FedAvgM,30,54002.4,4.562770780799999,4.5632028,4.557231466666667,0.00043202400000019736,0.13104509544343537,0.21154988123515128,84268.33333333333,0
main_campaign_default_alpha_0_5,test2_robustez_alpha,MNIST,1.0,FedHAD,30,54002.4,3.69947715048,3.69982743,3.6949979733333334,0.0003781520000001315,0.13088271079883862,0.21154988123515128,68324.66666666667,0
main_campaign_default_alpha_0_5,test2_robustez_alpha,MNIST,1.0,FedNova,30,54002.4,4.562770780799999,4.5632028,4.557231466666667,0.00043202400000019736,0.13104509544343537,0.21154988123515128,84268.33333333333,0
main_campaign_default_alpha_0_5,test2_robustez_alpha,MNIST,1.0,FedProx,30,54002.4,4.562770780799999,4.5632028,4.557231466666667,0.00043202400000019736,0.13104509544343537,0.21154988123515128,84268.33333333333,0
main_campaign_default_alpha_0_5,test7_plato,CIFAR10,0.5,FedAVG,30,45002.166666666664,2035.16358464,2035.2229875,2031.72408,0.05940396000005421,0.17223526259567765,0.3075962910128238,350975.0,0
main_campaign_default_alpha_0_5,test7_plato,CIFAR10,0.5,FedAvgM,30,45002.166666666664,2035.16358464,2035.2229875,2031.72408,0.05940396000005421,0.17223526259567765,0.3075962910128238,350975.0,0
main_campaign_default_alpha_0_5,test7_plato,CIFAR10,0.5,FedHAD,30,45002.166666666664,1626.2763953408,1626.3238635,1623.5654399999999,0.05566176000002088,0.1702724212844231,0.3058708596948234,280466.6666666667,0
main_campaign_default_alpha_0_5,test7_plato,CIFAR10,0.5,FedProx,30,45002.166666666664,2035.16358464,2035.2229875,2031.72408,0.05940396000005421,0.17223526259567765,0.3075962910128238,350975.0,0
main_campaign_default_alpha_0_5,test8_femnist,FEMNIST,,FedAVG,30,2126.0,12.3948317184,12.39458,11.38016,0.0002517184000012662,8.913934426229497,8.913934426229497,3050.0,0
main_campaign_default_alpha_0_5,test8_femnist,FEMNIST,,FedAvgM,30,2126.0,12.3948317184,12.39458,11.38016,0.0002517184000012662,8.913934426229497,8.913934426229497,3050.0,0
main_campaign_default_alpha_0_5,test8_femnist,FEMNIST,,FedHAD,30,2126.0,11.13319409664,11.132968,10.298112,0.000226096640000506,8.106884057971019,8.106884057971019,2760.0,0
main_campaign_default_alpha_0_5,test8_femnist,FEMNIST,,FedNova,30,2126.0,12.3948317184,12.39458,11.38016,0.0002517184000012662,8.913934426229497,8.913934426229497,3050.0,0
main_campaign_default_alpha_0_5,test8_femnist,FEMNIST,,FedProx,30,2126.0,12.3948317184,12.39458,11.38016,0.0002517184000012662,8.913934426229497,8.913934426229497,3050.0,0
