model,layer,type,out_shape,macs
Net_MNIST_Fashion,conv1,Conv2d,6x24x24,86400
Net_MNIST_Fashion,pool,MaxPool2d,6x12x12,0
Net_MNIST_Fashion,conv2,Conv2d,16x8x8,153600
Net_MNIST_Fashion,pool,MaxPool2d,16x4x4,0
Net_MNIST_Fashion,fc1,Linear,120,30720
Net_MNIST_Fashion,fc2,Linear,84,10080
Net_MNIST_Fashion,fc3,Linear,10,840
Net_FEMNIST,conv1,Conv2d,32x28x28,225792
Net_FEMNIST,bn1,BatchNorm2d,32x28x28,50176
Net_FEMNIST,conv2,Conv2d,32x28x28,7225344
Net_FEMNIST,bn2,BatchNorm2d,32x28x28,50176
Net_FEMNIST,pool1,MaxPool2d,32x14x14,0
Net_FEMNIST,conv3,Conv2d,64x14x14,3612672
Net_FEMNIST,bn3,BatchNorm2d,64x14x14,25088
Net_FEMNIST,conv4,Conv2d,64x14x14,7225344
Net_FEMNIST,bn4,BatchNorm2d,64x14x14,25088
Net_FEMNIST,pool2,MaxPool2d,64x7x7,0
Net_FEMNIST,fc1,Linear,256,802816
Net_FEMNIST,dropout1,Dropout,256,0
Net_FEMNIST,fc2,Linear,128,32768
Net_FEMNIST,dropout2,Dropout,128,0
Net_FEMNIST,fc3,Linear,62,7936
Net_CIFAR10,conv1,Conv2d,32x32x32,884736
Net_CIFAR10,bn1,BatchNorm2d,32x32x32,65536
Net_CIFAR10,conv2,Conv2d,32x32x32,9437184
Net_CIFAR10,bn2,BatchNorm2d,32x32x32,65536
Net_CIFAR10,pool1,MaxPool2d,32x16x16,0
Net_CIFAR10,conv3,Conv2d,64x16x16,4718592
Net_CIFAR10,bn3,BatchNorm2d,64x16x16,32768
Net_CIFAR10,conv4,Conv2d,64x16x16,9437184
Net_CIFAR10,bn4,BatchNorm2d,64x16x16,32768
Net_CIFAR10,pool2,MaxPool2d,64x8x8,0
Net_CIFAR10,conv5,Conv2d,128x8x8,4718592
Net_CIFAR10,bn5,BatchNorm2d,128x8x8,16384
Net_CIFAR10,pool3,MaxPool2d,128x4x4,0
Net_CIFAR10,fc1,Linear,256,524288
Net_CIFAR10,dropout,Dropout,256,0
Net_CIFAR10,fc2,Linear,10,2560
