seed,client,n_train,batches,dropped_per_epoch,dropped_pct
42,0,325,10,5,1.5384615384615385
42,1,384,12,0,0.0
42,2,335,10,15,4.477611940298507
42,3,148,4,20,13.513513513513514
42,4,158,4,30,18.9873417721519
42,5,164,5,4,2.4390243902439024
42,6,146,4,18,12.32876712328767
42,7,157,4,29,18.471337579617835
42,8,154,4,26,16.883116883116884
42,9,155,4,27,17.419354838709676
43,0,325,10,5,1.5384615384615385
43,1,384,12,0,0.0
43,2,335,10,15,4.477611940298507
43,3,148,4,20,13.513513513513514
43,4,158,4,30,18.9873417721519
43,5,164,5,4,2.4390243902439024
43,6,146,4,18,12.32876712328767
43,7,157,4,29,18.471337579617835
43,8,154,4,26,16.883116883116884
43,9,155,4,27,17.419354838709676
44,0,325,10,5,1.5384615384615385
44,1,384,12,0,0.0
44,2,335,10,15,4.477611940298507
44,3,148,4,20,13.513513513513514
44,4,158,4,30,18.9873417721519
44,5,164,5,4,2.4390243902439024
44,6,146,4,18,12.32876712328767
44,7,157,4,29,18.471337579617835
44,8,154,4,26,16.883116883116884
44,9,155,4,27,17.419354838709676
45,0,325,10,5,1.5384615384615385
45,1,384,12,0,0.0
45,2,335,10,15,4.477611940298507
45,3,148,4,20,13.513513513513514
45,4,158,4,30,18.9873417721519
45,5,164,5,4,2.4390243902439024
45,6,146,4,18,12.32876712328767
45,7,157,4,29,18.471337579617835
45,8,154,4,26,16.883116883116884
45,9,155,4,27,17.419354838709676
46,0,325,10,5,1.5384615384615385
46,1,384,12,0,0.0
46,2,335,10,15,4.477611940298507
46,3,148,4,20,13.513513513513514
46,4,158,4,30,18.9873417721519
46,5,164,5,4,2.4390243902439024
46,6,146,4,18,12.32876712328767
46,7,157,4,29,18.471337579617835
46,8,154,4,26,16.883116883116884
46,9,155,4,27,17.419354838709676
47,0,325,10,5,1.5384615384615385
47,1,384,12,0,0.0
47,2,335,10,15,4.477611940298507
47,3,148,4,20,13.513513513513514
47,4,158,4,30,18.9873417721519
47,5,164,5,4,2.4390243902439024
47,6,146,4,18,12.32876712328767
47,7,157,4,29,18.471337579617835
47,8,154,4,26,16.883116883116884
47,9,155,4,27,17.419354838709676
48,0,325,10,5,1.5384615384615385
48,1,384,12,0,0.0
48,2,335,10,15,4.477611940298507
48,3,148,4,20,13.513513513513514
48,4,158,4,30,18.9873417721519
48,5,164,5,4,2.4390243902439024
48,6,146,4,18,12.32876712328767
48,7,157,4,29,18.471337579617835
48,8,154,4,26,16.883116883116884
48,9,155,4,27,17.419354838709676
49,0,325,10,5,1.5384615384615385
49,1,384,12,0,0.0
49,2,335,10,15,4.477611940298507
49,3,148,4,20,13.513513513513514
49,4,158,4,30,18.9873417721519
49,5,164,5,4,2.4390243902439024
49,6,146,4,18,12.32876712328767
49,7,157,4,29,18.471337579617835
49,8,154,4,26,16.883116883116884
49,9,155,4,27,17.419354838709676
50,0,325,10,5,1.5384615384615385
50,1,384,12,0,0.0
50,2,335,10,15,4.477611940298507
50,3,148,4,20,13.513513513513514
50,4,158,4,30,18.9873417721519
50,5,164,5,4,2.4390243902439024
50,6,146,4,18,12.32876712328767
50,7,157,4,29,18.471337579617835
50,8,154,4,26,16.883116883116884
50,9,155,4,27,17.419354838709676
51,0,325,10,5,1.5384615384615385
51,1,384,12,0,0.0
51,2,335,10,15,4.477611940298507
51,3,148,4,20,13.513513513513514
51,4,158,4,30,18.9873417721519
51,5,164,5,4,2.4390243902439024
51,6,146,4,18,12.32876712328767
51,7,157,4,29,18.471337579617835
51,8,154,4,26,16.883116883116884
51,9,155,4,27,17.419354838709676
52,0,325,10,5,1.5384615384615385
52,1,384,12,0,0.0
52,2,335,10,15,4.477611940298507
52,3,148,4,20,13.513513513513514
52,4,158,4,30,18.9873417721519
52,5,164,5,4,2.4390243902439024
52,6,146,4,18,12.32876712328767
52,7,157,4,29,18.471337579617835
52,8,154,4,26,16.883116883116884
52,9,155,4,27,17.419354838709676
53,0,325,10,5,1.5384615384615385
53,1,384,12,0,0.0
53,2,335,10,15,4.477611940298507
53,3,148,4,20,13.513513513513514
53,4,158,4,30,18.9873417721519
53,5,164,5,4,2.4390243902439024
53,6,146,4,18,12.32876712328767
53,7,157,4,29,18.471337579617835
53,8,154,4,26,16.883116883116884
53,9,155,4,27,17.419354838709676
54,0,325,10,5,1.5384615384615385
54,1,384,12,0,0.0
54,2,335,10,15,4.477611940298507
54,3,148,4,20,13.513513513513514
54,4,158,4,30,18.9873417721519
54,5,164,5,4,2.4390243902439024
54,6,146,4,18,12.32876712328767
54,7,157,4,29,18.471337579617835
54,8,154,4,26,16.883116883116884
54,9,155,4,27,17.419354838709676
55,0,325,10,5,1.5384615384615385
55,1,384,12,0,0.0
55,2,335,10,15,4.477611940298507
55,3,148,4,20,13.513513513513514
55,4,158,4,30,18.9873417721519
55,5,164,5,4,2.4390243902439024
55,6,146,4,18,12.32876712328767
55,7,157,4,29,18.471337579617835
55,8,154,4,26,16.883116883116884
55,9,155,4,27,17.419354838709676
56,0,325,10,5,1.5384615384615385
56,1,384,12,0,0.0
56,2,335,10,15,4.477611940298507
56,3,148,4,20,13.513513513513514
56,4,158,4,30,18.9873417721519
56,5,164,5,4,2.4390243902439024
56,6,146,4,18,12.32876712328767
56,7,157,4,29,18.471337579617835
56,8,154,4,26,16.883116883116884
56,9,155,4,27,17.419354838709676
57,0,325,10,5,1.5384615384615385
57,1,384,12,0,0.0
57,2,335,10,15,4.477611940298507
57,3,148,4,20,13.513513513513514
57,4,158,4,30,18.9873417721519
57,5,164,5,4,2.4390243902439024
57,6,146,4,18,12.32876712328767
57,7,157,4,29,18.471337579617835
57,8,154,4,26,16.883116883116884
57,9,155,4,27,17.419354838709676
58,0,325,10,5,1.5384615384615385
58,1,384,12,0,0.0
58,2,335,10,15,4.477611940298507
58,3,148,4,20,13.513513513513514
58,4,158,4,30,18.9873417721519
58,5,164,5,4,2.4390243902439024
58,6,146,4,18,12.32876712328767
58,7,157,4,29,18.471337579617835
58,8,154,4,26,16.883116883116884
58,9,155,4,27,17.419354838709676
59,0,325,10,5,1.5384615384615385
59,1,384,12,0,0.0
59,2,335,10,15,4.477611940298507
59,3,148,4,20,13.513513513513514
59,4,158,4,30,18.9873417721519
59,5,164,5,4,2.4390243902439024
59,6,146,4,18,12.32876712328767
59,7,157,4,29,18.471337579617835
59,8,154,4,26,16.883116883116884
59,9,155,4,27,17.419354838709676
60,0,325,10,5,1.5384615384615385
60,1,384,12,0,0.0
60,2,335,10,15,4.477611940298507
60,3,148,4,20,13.513513513513514
60,4,158,4,30,18.9873417721519
60,5,164,5,4,2.4390243902439024
60,6,146,4,18,12.32876712328767
60,7,157,4,29,18.471337579617835
60,8,154,4,26,16.883116883116884
60,9,155,4,27,17.419354838709676
61,0,325,10,5,1.5384615384615385
61,1,384,12,0,0.0
61,2,335,10,15,4.477611940298507
61,3,148,4,20,13.513513513513514
61,4,158,4,30,18.9873417721519
61,5,164,5,4,2.4390243902439024
61,6,146,4,18,12.32876712328767
61,7,157,4,29,18.471337579617835
61,8,154,4,26,16.883116883116884
61,9,155,4,27,17.419354838709676
62,0,325,10,5,1.5384615384615385
62,1,384,12,0,0.0
62,2,335,10,15,4.477611940298507
62,3,148,4,20,13.513513513513514
62,4,158,4,30,18.9873417721519
62,5,164,5,4,2.4390243902439024
62,6,146,4,18,12.32876712328767
62,7,157,4,29,18.471337579617835
62,8,154,4,26,16.883116883116884
62,9,155,4,27,17.419354838709676
63,0,325,10,5,1.5384615384615385
63,1,384,12,0,0.0
63,2,335,10,15,4.477611940298507
63,3,148,4,20,13.513513513513514
63,4,158,4,30,18.9873417721519
63,5,164,5,4,2.4390243902439024
63,6,146,4,18,12.32876712328767
63,7,157,4,29,18.471337579617835
63,8,154,4,26,16.883116883116884
63,9,155,4,27,17.419354838709676
64,0,325,10,5,1.5384615384615385
64,1,384,12,0,0.0
64,2,335,10,15,4.477611940298507
64,3,148,4,20,13.513513513513514
64,4,158,4,30,18.9873417721519
64,5,164,5,4,2.4390243902439024
64,6,146,4,18,12.32876712328767
64,7,157,4,29,18.471337579617835
64,8,154,4,26,16.883116883116884
64,9,155,4,27,17.419354838709676
65,0,325,10,5,1.5384615384615385
65,1,384,12,0,0.0
65,2,335,10,15,4.477611940298507
65,3,148,4,20,13.513513513513514
65,4,158,4,30,18.9873417721519
65,5,164,5,4,2.4390243902439024
65,6,146,4,18,12.32876712328767
65,7,157,4,29,18.471337579617835
65,8,154,4,26,16.883116883116884
65,9,155,4,27,17.419354838709676
66,0,325,10,5,1.5384615384615385
66,1,384,12,0,0.0
66,2,335,10,15,4.477611940298507
66,3,148,4,20,13.513513513513514
66,4,158,4,30,18.9873417721519
66,5,164,5,4,2.4390243902439024
66,6,146,4,18,12.32876712328767
66,7,157,4,29,18.471337579617835
66,8,154,4,26,16.883116883116884
66,9,155,4,27,17.419354838709676
67,0,325,10,5,1.5384615384615385
67,1,384,12,0,0.0
67,2,335,10,15,4.477611940298507
67,3,148,4,20,13.513513513513514
67,4,158,4,30,18.9873417721519
67,5,164,5,4,2.4390243902439024
67,6,146,4,18,12.32876712328767
67,7,157,4,29,18.471337579617835
67,8,154,4,26,16.883116883116884
67,9,155,4,27,17.419354838709676
68,0,325,10,5,1.5384615384615385
68,1,384,12,0,0.0
68,2,335,10,15,4.477611940298507
68,3,148,4,20,13.513513513513514
68,4,158,4,30,18.9873417721519
68,5,164,5,4,2.4390243902439024
68,6,146,4,18,12.32876712328767
68,7,157,4,29,18.471337579617835
68,8,154,4,26,16.883116883116884
68,9,155,4,27,17.419354838709676
69,0,325,10,5,1.5384615384615385
69,1,384,12,0,0.0
69,2,335,10,15,4.477611940298507
69,3,148,4,20,13.513513513513514
69,4,158,4,30,18.9873417721519
69,5,164,5,4,2.4390243902439024
69,6,146,4,18,12.32876712328767
69,7,157,4,29,18.471337579617835
69,8,154,4,26,16.883116883116884
69,9,155,4,27,17.419354838709676
70,0,325,10,5,1.5384615384615385
70,1,384,12,0,0.0
70,2,335,10,15,4.477611940298507
70,3,148,4,20,13.513513513513514
70,4,158,4,30,18.9873417721519
70,5,164,5,4,2.4390243902439024
70,6,146,4,18,12.32876712328767
70,7,157,4,29,18.471337579617835
70,8,154,4,26,16.883116883116884
70,9,155,4,27,17.419354838709676
71,0,325,10,5,1.5384615384615385
71,1,384,12,0,0.0
71,2,335,10,15,4.477611940298507
71,3,148,4,20,13.513513513513514
71,4,158,4,30,18.9873417721519
71,5,164,5,4,2.4390243902439024
71,6,146,4,18,12.32876712328767
71,7,157,4,29,18.471337579617835
71,8,154,4,26,16.883116883116884
71,9,155,4,27,17.419354838709676
