method,alpha,partial_rho_H_cos_given_n,partial_rho_H_cosLOO_given_n
FedAVG,0.01,-0.6500890330850249,-0.457269008308498
FedAVG,0.1,-0.645745832203666,-0.6240124975732568
FedAVG,1.0,-0.41806956266797224,-0.738471837130269
FedAvgM,0.01,-0.6109421181537514,-0.36500151624710625
FedAvgM,0.1,-0.7292991958739801,-0.6725173781846369
FedAvgM,1.0,-0.578708135119073,-0.7260461189159021
FedHAD,0.01,-0.6821823961545687,-0.49072392199493425
FedHAD,0.1,-0.7547546637387534,-0.6380294843741812
FedHAD,1.0,-0.7132137098379918,-0.9220735160072031
FedProx,0.01,-0.7533710343315394,-0.5074935258060855
FedProx,0.1,-0.6724361492445764,-0.6356431833584157
FedProx,1.0,-0.5620206286477865,-0.8567093865795641
