method,alpha,records,seeds,client_units,rho_pooled_H_cos,rho_pooled_H_normstep,seedboot95_H_cos,rho_perseed_mean,rho_perseed_median,rho_perseed_min,rho_perseed_max,seeds_rho_neg,rho_client_level_H_cos,rho_pooled_H_cosLOO,seedboot95_H_cosLOO,rho_perseed_mean_LOO,rho_client_n_H,rho_client_n_w,rho_client_n_cos,rho_client_n_cosLOO,rho_client_n_E,rho_client_n_lr,rho_client_n_updnorm,rho_client_n_updnorm_step,mean_weight_largest_client,mean_cos_minus_cosLOO,rho_H_cos_sizerank1,rho_H_cosLOO_sizerank1,rho_H_cos_sizerank2,rho_H_cosLOO_sizerank2,rho_H_cos_sizerank3,rho_H_cosLOO_sizerank3,rho_H_cos_sizerank4,rho_H_cosLOO_sizerank4,rho_H_cos_sizerank5,rho_H_cosLOO_sizerank5
FedAVG,0.01,470,10,47,-0.9617911392689408,0.40767291115091286,"[-0.972,-0.934]",-0.9103694978989723,-0.9349122870054483,-0.9799919151000506,-0.7614537180327393,10,-0.9744390730289231,0.20415040325247938,"[0.130,0.276]",0.21809670353571878,-0.9643425236558733,0.999855447461625,0.9613438675640227,-0.43287941008025704,,,0.9563709007904584,-0.603232434672354,0.3782194831742959,0.36834503321546247,-0.9057792600832962,-0.7659609850368815,-0.8997002046464956,-0.5835893219328621,-0.6848484848484848,0.28484848484848485,-0.8545454545454544,0.8424242424242423,-0.9285714285714288,-0.25
FedAVG,0.1,500,10,50,-0.9083607866881969,0.655516747234977,"[-0.941,-0.853]",-0.8616088917559646,-0.9162924406185472,-0.9741119636094502,-0.620334882258332,10,-0.924705882352941,0.21428360949035305,"[0.139,0.292]",0.2287301129843518,-0.8716655864598051,1.0,0.9630003124099235,-0.7457081804833801,,,0.938125765594907,-0.906624409010639,0.35976061960593825,0.3547128514951701,-0.4666666666666666,-0.8303030303030302,-0.9515151515151514,-0.32121212121212117,-0.9515151515151514,-0.6606060606060605,-0.3939393939393939,-0.006060606060606061,-0.6484848484848483,-0.17575757575757575
FedAVG,1.0,500,10,50,-0.4449750136769254,0.31987902183394595,"[-0.629,-0.207]",-0.4230625097486918,-0.6154349226828317,-0.8486729984766437,0.3968967256155205,8,-0.5473709483793516,-0.033557819337439454,"[-0.063,-0.001]",-0.021461822940691107,-0.474765906362545,0.9999999999999999,0.9725330132052822,-0.02895558223289316,,,0.9467947178871549,-0.9603361344537814,0.2739867210093099,0.3534481063691453,-0.5878787878787878,-0.7454545454545454,-0.5151515151515151,-0.9393939393939393,0.09090909090909088,-0.7818181818181817,-0.6121212121212121,0.006060606060606061,-0.7454545454545454,-0.6484848484848483
FedAvgM,0.01,470,10,47,-0.9679290187151206,0.6963590745376094,"[-0.976,-0.940]",-0.9119260416033148,-0.949612165731949,-0.9799919151000506,-0.7516537988817388,10,-0.9753643564217103,0.21295481434954294,"[0.078,0.332]",0.21764790367351164,-0.9643425236558733,0.999855447461625,0.9720993538417315,-0.42929424798768756,,,0.9437650082714234,-0.8959435719721486,0.3782194831742959,0.37331943138410395,-0.8510677611520904,-0.8449887057152897,-0.9422535927041001,-0.6322217654272672,-0.8303030303030302,0.2727272727272727,-0.9030303030303028,0.9393939393939393,-0.9285714285714288,0.10714285714285716
FedAvgM,0.1,500,10,50,-0.9234992049454879,0.7476867273780469,"[-0.950,-0.875]",-0.890910650017456,-0.9432422182837986,-0.9770519393547503,-0.6575745750321339,10,-0.9339255702280912,0.19744756827994178,"[0.090,0.308]",0.2351980596240121,-0.8716655864598051,1.0,0.9670820430648972,-0.6975917791153365,,,0.9357247475625695,-0.9597349278859445,0.35976061960593825,0.34731988336389885,-0.5878787878787878,-0.6121212121212121,-0.9757575757575757,-0.406060606060606,-0.9515151515151514,-0.6606060606060605,-0.5878787878787878,-0.19999999999999998,-0.7575757575757575,-0.2606060606060606
FedAvgM,1.0,500,10,50,-0.4690720417490413,0.3268260252648417,"[-0.643,-0.226]",-0.43452841515536245,-0.6056350035318312,-0.8584729176276442,0.39101677412492014,8,-0.5818487394957984,-0.040255172334052805,"[-0.079,0.002]",-0.025577788984111317,-0.474765906362545,0.9999999999999999,0.9715726290516206,-0.3123649459783914,,,0.9513085234093637,-0.9825210084033614,0.2739867210093099,0.3341825802801795,-0.5757575757575757,-0.8909090909090909,-0.5515151515151515,-0.7333333333333332,-0.06666666666666665,-0.8303030303030302,-0.6727272727272726,-0.2121212121212121,-0.7939393939393938,-0.6242424242424242
FedHAD,0.01,470,10,47,-0.9704567889617955,0.8316017208049147,"[-0.979,-0.942]",-0.9109391836723242,-0.9579420970102994,-0.9799919151000506,-0.6859943405700353,10,-0.9781402066000716,0.11442727929091437,"[-0.011,0.234]",0.1288362881796892,-0.9643425236558733,0.999855447461625,0.9656807571921312,-0.2224535253244388,0.9186442374378312,0.9643425236558733,0.9576430550813702,-0.8787694890448393,0.3782194831742959,0.3646027998514264,-0.8753839828992931,-0.7841981513472833,-0.9483326481409007,-0.7416447632896789,-0.8303030303030302,0.18787878787878787,-0.9030303030303028,0.7575757575757575,-0.9285714285714288,-0.3214285714285715
FedHAD,0.1,500,10,50,-0.9276808497197175,0.8030601538958526,"[-0.955,-0.879]",-0.8920866403155759,-0.9407922384960485,-0.9799919151000506,-0.6693344780133345,10,-0.9405522208883553,0.14980082270317507,"[0.036,0.252]",0.17169458352552885,-0.8716655864598051,1.0,0.9595428464433575,-0.5943960240854709,0.7628711310896588,0.8716655864598051,0.8990371920284527,-0.9662656969339025,0.35976061960593825,0.3490108304786613,-0.5757575757575757,-0.6969696969696969,-0.9878787878787878,-0.43030303030303024,-0.9515151515151514,-0.709090909090909,-0.6242424242424242,-0.06666666666666665,-0.7575757575757575,-0.17575757575757575
FedHAD,1.0,500,10,50,-0.5274211094046973,0.2631219557938291,"[-0.687,-0.310]",-0.4872519801877452,-0.6556145912019338,-0.8672928448635446,0.3478971298605179,9,-0.6402400960384154,-0.10745242749706248,"[-0.125,-0.084]",-0.08859126912504456,-0.474765906362545,0.9999999999999999,0.9545738295318127,0.2797118847539015,-0.09404442603449646,0.474765906362545,0.779015606242497,-0.9481392557022807,0.2739867210093099,0.3408455691532032,-0.6848484848484848,-0.8909090909090909,-0.7212121212121211,-0.8666666666666665,-0.05454545454545454,-0.8545454545454544,-0.7696969696969697,-0.8909090909090909,-0.8545454545454544,-0.8909090909090909
FedProx,0.01,470,10,47,-0.9705458275294961,0.32125115226448786,"[-0.978,-0.945]",-0.9189842720639987,-0.9334422991327981,-0.9799919151000506,-0.8182932491085422,10,-0.9810317172025315,0.0020698576127848407,"[-0.133,0.131]",0.031038913505391997,-0.9643425236558733,0.999855447461625,0.9580478314466604,0.004047763652901148,,,0.9071616598101888,-0.4336889628108373,0.3782194831742959,0.3655365757364732,-0.9665698144513026,-0.8389096502784892,-0.8997002046464956,-0.6808542089216723,-0.8545454545454544,0.07878787878787878,-0.8303030303030302,0.8545454545454544,-0.8214285714285715,-0.14285714285714288
FedProx,0.1,500,10,50,-0.9114833375046825,0.728356102212768,"[-0.945,-0.856]",-0.8691548295022347,-0.9236423799817977,-0.9770519393547503,-0.638954728645233,10,-0.9280672268907562,0.09851398175577591,"[0.002,0.184]",0.12788894492055658,-0.8716655864598051,1.0,0.9635285363770377,-0.5560277559287177,,,0.802756368931719,-0.9475377562816699,0.35976061960593825,0.35377739119845625,-0.5515151515151515,-0.7454545454545454,-0.9878787878787878,-0.5636363636363636,-0.9515151515151514,-0.6606060606060605,-0.5636363636363636,-0.16363636363636364,-0.6484848484848483,-0.28484848484848485
FedProx,1.0,500,10,50,-0.45516171158962365,0.37498647461984325,"[-0.632,-0.228]",-0.43688039575160253,-0.6061249994893813,-0.8369130954954431,0.3459371460303178,8,-0.5824249699879952,-0.08302893347242343,"[-0.101,-0.063]",-0.07575337503723391,-0.474765906362545,0.9999999999999999,0.9688835534213686,0.19951980792316923,,,0.7492436974789916,-0.9861704681872748,0.2739867210093099,0.34015244637240166,-0.5878787878787878,-0.8060606060606059,-0.6484848484848483,-0.7575757575757575,0.006060606060606061,-0.8303030303030302,-0.709090909090909,-0.7818181818181817,-0.7939393939393938,-0.7333333333333332
