alpha,seed,acc_full,acc_lr_only,diff_pp,E_full,E_lr_only(=E_fixed),LR_both,updates_full,updates_lr_only,examples_full,examples_lr_only,TF_nominal_full,TF_nominal_lr_only,TF_exec_full,TF_exec_lr_only,updates_mismatch_pct
0.01,42,0.6396,0.6343,0.5299999999999971,3;4;3;2;3,4;3;3;4;3,0.00565;0.00593;0.00498;0.00400;0.00506,46040,46300,1473280,1481600,266.855890944,268.4767076352,266.5085730816,268.013617152,0.56472632493485
0.01,43,0.5235,0.5035,2.0000000000000018,4;2;3;3;2,3;3;3;4;3,0.00618;0.00400;0.00531;0.00500;0.00402,44570,44890,1426240,1436480,258.5057906688,260.4504089088,257.9992854528,259.8516473856,0.7179717298631427
0.01,44,0.562,0.584,-2.199999999999991,3;2;3;3;4,4;3;3;3;3,0.00566;0.00400;0.00448;0.00520;0.00607,46270,46140,1480640,1476480,268.2107923968,267.4980672,267.8399582208,267.0874361856,-0.28095958504430474
0.01,45,0.5885,0.5958,-0.7299999999999973,2;2;3;4;3,4;3;3;3;3,0.00400;0.00410;0.00567;0.00587;0.00500,44010,43520,1408320,1392640,255.124868352,252.3589880832,254.7576520704,251.9212228608,-1.1133833219722833
0.01,46,0.5807,0.5595,2.1199999999999997,2;5;2;4;3,3;3;3;3;4,0.00400;0.01000;0.00400;0.00667;0.00567,46350,46330,1483200,1482560,268.6286592,268.6250413056,268.303048704,268.1872760832,-0.04314994606257061
0.01,47,0.5671,0.5611,0.6000000000000005,4;3;2;3;3,3;4;4;3;3,0.00620;0.00500;0.00413;0.00467;0.00501,46270,46280,1480640,1480960,268.2415444992,268.3374187008,267.8399582208,267.8978445312,0.021612275772642242
0.01,48,0.5364,0.5445,-0.8099999999999996,3;3;3;3;5,3;3;3;3;3,0.00500;0.00571;0.00500;0.00567;0.01000,42120,42120,1347840,1347840,244.2132988416,244.2132988416,243.8171394048,243.8171394048,0.0
0.01,49,0.5631,0.5157,4.74,3;4;3;2;2,3;3;3;4;3,0.00566;0.00594;0.00500;0.00440;0.00425,43950,43760,1406400,1400320,254.763078912,253.768157952,254.410334208,253.3104943104,-0.4323094425483509
0.01,50,0.5997,0.5956,0.40999999999999925,2;2;4;2;3,3;4;3;4;3,0.00400;0.00400;0.00684;0.00400;0.00553,45170,44890,1445440,1436480,262.0006766592,260.4938236416,261.4724640768,259.8516473856,-0.6198804516271861
0.01,51,0.5861,0.5313,5.479999999999996,3;4;5;3;2,4;3;3;3;3,0.00568;0.00620;0.01000;0.00500;0.00400,46340,46340,1482880,1482880,268.6322770944,268.6811186688,268.2451623936,268.2451623936,0.0
0.01,52,0.559,0.5755,-1.649999999999996,4;5;2;3;4,3;3;4;4;4,0.00608;0.01000;0.00401;0.00491;0.00620,51210,51350,1638720,1643200,296.703519744,297.4976475648,296.4357955584,297.246203904,0.27338410466706264
0.01,53,0.5827,0.6054,-2.2700000000000053,3;2;3;2;4,3;4;3;4;3,0.00567;0.00400;0.00567;0.00423;0.00575,44820,43670,1434240,1397440,260.009025792,253.4190311424,259.4464432128,252.7895175168,-2.565818830879074
0.01,54,0.554,0.5387,1.5300000000000091,2;2;4;3;4,4;4;3;3;4,0.00400;0.00400;0.00604;0.00500;0.00601,49110,48960,1571520,1566720,284.6939192832,283.9196898816,284.2796703744,283.4113757184,-0.30543677458766405
0.01,55,0.6075,0.6034,0.40999999999999925,2;2;2;4;4,4;4;4;3;4,0.00401;0.00400;0.00400;0.00638;0.00619,50560,50300,1617300,1608360,292.9807064064,291.4376744448,292.561030656,290.9438318592,-0.5142405063291111
0.01,56,0.5789,0.5904,-1.1500000000000066,3;3;3;2;3,3;3;3;3;3,0.00567;0.00519;0.00501;0.00422;0.00500,40830,42150,1306560,1348800,236.5813506048,244.2241525248,236.3498053632,243.990798336,3.232916972814115
0.01,57,0.5257,0.5031,2.2599999999999953,3;5;3;3;4,3;3;3;3;4,0.00500;0.01000;0.00504;0.00500;0.00620,47740,47740,1527680,1527680,276.5807910912,276.5807910912,276.3492458496,276.3492458496,0.0
0.01,58,0.5352,0.5082,2.7000000000000024,3;2;3;3;3,2;3;3;3;3,0.00497;0.00400;0.00532;0.00567;0.00500,40720,39650,1303040,1268800,236.0784632832,229.908144384,235.7130559488,229.519220736,-2.6277013752455836
0.01,59,0.53,0.5287,0.1300000000000079,4;2;3;3;3,3;3;3;3;4,0.00620;0.00400;0.00500;0.00507;0.00567,46300,46330,1481600,1482560,268.4586181632,268.6449397248,268.013617152,268.1872760832,0.06479481641468166
0.01,60,0.5444,0.5415,0.29000000000000137,3;2;2;3;4,3;4;4;3;3,0.00509;0.00400;0.00400;0.00500;0.00620,44820,44890,1434240,1436480,259.9945542144,260.5028683776,259.4464432128,259.8516473856,0.1561802766621989
0.01,61,0.5477,0.5806,-3.290000000000004,4;3;3;2;3,4;3;3;3;3,0.00620;0.00501;0.00506;0.00411;0.00500,47700,47720,1526400,1527040,276.334774272,276.4686363648,276.117700608,276.2334732288,0.041928721174011585
0.01,62,0.5558,0.5618,-0.6000000000000005,3;4;3;2;2,4;3;3;4;4,0.00500;0.00628;0.00567;0.00400;0.00403,46430,46330,1485760,1482560,269.1496359936,268.6431307776,268.7661391872,268.1872760832,-0.21537798836959166
0.01,63,0.5602,0.5746,-1.4399999999999968,3;2;3;3;4,3;3;3;4;3,0.00564;0.00400;0.00445;0.00500;0.00593,45030,44910,1440960,1437120,261.0817314816,260.3961404928,260.6620557312,259.9674200064,-0.26648900732845204
0.01,64,0.5249,0.4989,2.6000000000000023,3;3;2;3;3,3;3;3;3;3,0.00500;0.00567;0.00400;0.00500;0.00500,40720,42120,1303040,1347840,236.085699072,244.2187256832,235.7130559488,243.8171394048,3.438113948919441
0.01,65,0.5764,0.5843,-0.7900000000000018,3;2;2;4;3,3;4;3;3;3,0.00547;0.00443;0.00400;0.00617;0.00534,44280,43790,1416960,1401280,256.6498108416,253.9309632,256.3205824512,253.4841532416,-1.1065943992773275
0.01,66,0.6248,0.6287,-0.39000000000000146,4;2;3;3;3,3;3;4;3;4,0.00620;0.00438;0.00554;0.00528;0.00533,46430,46430,1485760,1485760,269.153253888,269.2292296704,268.7661391872,268.7661391872,0.0
0.01,67,0.515,0.5069,0.8099999999999996,3;2;2;2;4,4;3;3;3;3,0.00500;0.00402;0.00400;0.00402;0.00667,44910,44930,1437120,1437760,260.316546816,260.506486272,259.9674200064,260.0831926272,0.044533511467381715
0.01,68,0.4634,0.5211,-5.770000000000003,3;3;2;3;3,3;3;3;3;3,0.00500;0.00500;0.00400;0.00567;0.00500,40720,42120,1303040,1347840,236.0784632832,244.2187256832,235.7130559488,243.8171394048,3.438113948919441
0.01,69,0.6216,0.6258,-0.41999999999999815,4;3;3;2;3,4;3;3;3;3,0.00643;0.00567;0.00498;0.00400;0.00473,48130,48140,1539540,1539550,278.8908166656,278.8926256128,278.4946572288,278.496466176,0.020777062123422674
0.01,70,0.5234,0.5261,-0.27000000000000357,3;4;3;2;3,3;3;3;3;4,0.00500;0.00574;0.00501;0.00400;0.00500,44990,44900,1439680,1436800,260.994902016,260.4938236416,260.4305104896,259.909533696,-0.2000444543231783
0.01,71,0.5191,0.5261,-0.7000000000000006,2;3;4;2;2,3;3;3;4;3,0.00402;0.00567;0.00621;0.00400;0.00422,43410,43520,1389120,1392640,251.62455552,252.3644149248,251.2844734464,251.9212228608,0.25339783460032184
0.1,42,0.6932,0.6965,-0.32999999999999696,4;4;3;3;3,3;4;3;3;4,0.00613;0.00638;0.00524;0.00450;0.00565,50150,50180,1604800,1605760,290.7828355584,290.9637302784,290.299846656,290.4735055872,0.05982053838484713
0.1,43,0.7087,0.7163,-0.7600000000000051,4;3;4;3;2,4;3;3;4;3,0.00579;0.00520;0.00620;0.00557;0.00424,49020,48940,1568640,1566080,283.9830030336,283.5506646528,283.7586935808,283.2956030976,-0.1631986944104491
0.1,44,0.657,0.6801,-2.310000000000001,4;3;3;3;4,3;3;3;4;4,0.00608;0.00498;0.00563;0.00513;0.00616,49530,49300,1584960,1577600,286.9731927552,285.6454255104,286.7108954112,285.379510272,-0.4643650312941672
0.1,45,0.6518,0.6476,0.42000000000000925,3;3;3;4;4,4;4;4;4;3,0.00471;0.00511;0.00510;0.00634;0.00609,51790,51640,1657280,1652480,300.276190464,299.4314121216,299.7932015616,298.9249069056,-0.2896312029349257
0.1,46,0.6858,0.6972,-1.1400000000000077,3;3;4;3;3,4;4;3;3;4,0.00448;0.00475;0.00642;0.00561;0.00530,47340,47290,1514880,1513280,274.453469184,274.254484992,274.0337934336,273.7443618816,-0.10561892691169916
0.1,47,0.7168,0.7169,-0.009999999999998899,3;4;4;3;4,3;4;4;4;4,0.00506;0.00628;0.00618;0.00533;0.00627,53760,54190,1720320,1734080,311.708736768,314.223173376,311.1968047104,313.6859160576,0.7998511904761862
0.1,48,0.673,0.656,1.7000000000000015,2;3;4;4;3,3;3;3;4;4,0.00432;0.00548;0.00606;0.00680;0.00459,48780,48560,1560960,1553920,282.6136300032,281.3708832768,282.3694221312,281.0959233024,-0.45100451004510544
0.1,49,0.6932,0.7075,-1.429999999999998,3;4;3;4;4,3;4;4;3;4,0.00564;0.00582;0.00525;0.00584;0.00628,53080,52660,1698560,1685120,307.765231872,305.3195352576,307.2605356032,304.8293105664,-0.7912584777694076
0.1,50,0.711,0.7065,0.44999999999999485,3;2;4;3;4,4;4;4;3;3,0.00452;0.00436;0.00719;0.00479;0.00593,51020,51060,1632640,1633920,295.7628672,296.0595345408,295.3359556608,295.5675009024,0.07840062720501084
0.1,51,0.6738,0.6991,-2.53000000000001,3;4;3;3;4,4;4;3;4;3,0.00549;0.00628;0.00445;0.00479;0.00593,51640,51760,1652480,1656320,299.5869815808,300.3069425664,298.9249069056,299.6195426304,0.23237800154918276
0.1,52,0.7656,0.7455,2.0099999999999896,3;3;3;4;3,4;3;4;3;4,0.00499;0.00556;0.00558;0.00674;0.00516,47920,47890,1533440,1532480,277.8126841344,277.6878667776,277.3911994368,277.2175405056,-0.06260434056761799
0.1,53,0.6984,0.7129,-1.4499999999999957,4;2;3;4;4,3;3;4;4;4,0.00635;0.00415;0.00558;0.00586;0.00576,51480,51140,1647360,1636480,298.6897437696,296.7451255296,297.9987259392,296.0305913856,-0.6604506604506621
0.1,54,0.6888,0.6935,-0.47000000000000375,3;2;4;4;4,4;4;3;4;4,0.00472;0.00414;0.00581;0.00582;0.00582,52370,52570,1675840,1682240,303.63178752,304.8039853056,303.1506075648,304.3083337728,0.3818980332251254
0.1,55,0.6823,0.6821,0.019999999999997797,3;3;4;3;3,4;3;3;4;4,0.00472;0.00520;0.00716;0.00512;0.00541,48830,48540,1562560,1553280,282.9392404992,281.2352122368,282.6588536832,280.9801506816,-0.5938971943477367
0.1,56,0.6731,0.6867,-1.3599999999999945,4;3;3;2;4,3;4;3;4;3,0.00577;0.00570;0.00494;0.00444;0.00609,47570,47460,1522240,1518720,275.7993259008,275.2005643776,275.3651785728,274.7284291584,-0.23123817532058055
0.1,57,0.6904,0.6872,0.31999999999999806,4;3;4;3;3,4;4;4;3;3,0.00597;0.00526;0.00677;0.00565;0.00562,49960,50100,1598720,1603200,289.6630972416,290.4934040064,289.2000067584,290.010415104,0.2802241793434801
0.1,58,0.7229,0.708,1.4900000000000024,3;3;3;4;4,4;3;4;4;3,0.00516;0.00561;0.00562;0.00588;0.00619,49840,49880,1594880,1596160,288.9901688832,289.223523072,288.5053710336,288.7369162752,0.08025682182986049
0.1,59,0.678,0.6593,1.870000000000005,4;3;4;3;2,3;4;3;4;3,0.00585;0.00530;0.00588;0.00563;0.00411,47700,47910,1526400,1533120,276.7472142336,277.9917699072,276.117700608,277.3333131264,0.44025157232705503
0.1,60,0.6824,0.6836,-0.11999999999999789,4;3;3;3;3,3;4;4;3;3,0.00622;0.00561;0.00569;0.00501;0.00536,46780,46830,1496960,1498560,271.4108199936,271.7545199616,270.7921600512,271.0815916032,0.10688328345447307
0.1,61,0.7542,0.7427,1.1499999999999955,4;4;4;4;3,4;4;4;3;4,0.00624;0.00626;0.00582;0.00631;0.00467,54690,54610,1750080,1747520,317.3110462464,316.8497647104,316.5802315776,316.1171410944,-0.14627902724446695
0.1,62,0.6946,0.6983,-0.37000000000000366,3;3;4;3;3,3;3;3;4;3,0.00548;0.00538;0.00574;0.00571;0.00512,45750,45080,1464000,1442560,265.2495458304,261.3928704,264.82987008,260.9514872832,-1.4644808743169424
0.1,63,0.6893,0.6612,2.8100000000000014,4;3;4;3;4,4;3;4;4;3,0.00659;0.00532;0.00628;0.00468;0.00578,53790,53870,1721280,1723840,311.6327609856,312.0650993664,311.3704636416,311.8335541248,0.1487265290946338
0.1,64,0.6635,0.6673,-0.38000000000000256,4;3;4;3;2,4;3;4;3;3,0.00646;0.00485;0.00576;0.00509;0.00429,51340,51690,1642880,1654080,297.8105954304,299.8637505024,297.1883175936,299.2143384576,0.681729645500595
0.1,65,0.6665,0.7051,-3.8599999999999968,3;4;2;4;3,4;4;4;3;3,0.00569;0.00601;0.00409;0.00590;0.00497,49860,49860,1595520,1595520,289.2307588608,289.3212062208,288.6211436544,288.6211436544,0.0
0.1,66,0.6354,0.6314,0.40000000000000036,4;2;3;3;4,3;4;4;3;4,0.00606;0.00441;0.00570;0.00525;0.00600,49180,49220,1573760,1575040,285.099123456,285.4265428992,284.6848745472,284.9164197888,0.08133387555917526
0.1,67,0.6366,0.6154,2.1200000000000108,3;3;2;3;4,4;3;3;4;3,0.00506;0.00533;0.00440;0.00504;0.00680,46850,46910,1499200,1501120,271.4162468352,271.8105973248,271.197364224,271.5446820864,0.12806830309497474
0.1,68,0.7284,0.7219,0.6500000000000061,3;2;3;4;4,4;3;3;4;3,0.00518;0.00412;0.00569;0.00587;0.00617,48230,48070,1543360,1538240,279.789863424,278.8871987712,279.1856750592,278.2594940928,-0.3317437279701463
0.1,69,0.7178,0.7022,1.5599999999999947,4;3;4;3;3,4;3;3;3;4,0.00681;0.00566;0.00588;0.00482;0.00523,50380,50420,1612160,1613440,292.0780417536,292.2951154176,291.6312317952,291.8627770368,0.07939658594680044
0.1,70,0.631,0.6227,0.8299999999999974,3;4;3;3;3,3;3;3;4;4,0.00535;0.00580;0.00504;0.00485;0.00509,46300,46450,1481600,1486400,268.429675008,269.3504291328,268.013617152,268.881911808,0.3239740820734305
0.1,71,0.6527,0.652,0.06999999999999229,3;4;4;2;3,4;4;3;3;4,0.00551;0.00606;0.00690;0.00425;0.00480,48930,48960,1565760,1566720,283.724323584,283.9088361984,283.2377167872,283.4113757184,0.06131207847945852
