variant,alpha,seed,updates,processed,flops_nominal,epochs_sum_per_round,acc_final,flops_executed,updates_pct_vs_full,processed_pct_vs_full,flops_nominal_pct_vs_full,flops_executed_pct_vs_full
epoch_only,0.01,42,46040,1473280,266855890944000,15.0,0.6203,266508573081600.0,0.0,0.0,0.0,0.0
epoch_only,0.01,43,44570,1426240,258505790668800,14.0,0.4867,257999285452800.0,0.0,0.0,0.0,0.0
epoch_only,0.01,44,46270,1480640,268210792396800,15.0,0.5633,267839958220800.0,0.0,0.0,0.0,0.0
epoch_only,0.01,45,44010,1408320,255124868352000,14.0,0.6111,254757652070400.0,0.0,0.0,0.0,0.0
epoch_only,0.01,46,46350,1483200,268628659200000,16.0,0.5891,268303048704000.0,0.0,0.0,0.0,0.0
epoch_only,0.01,47,46270,1480640,268241544499200,15.0,0.5603,267839958220800.0,0.0,0.0,0.0,0.0
epoch_only,0.01,48,42120,1347840,244213298841600,17.0,0.5411,243817139404800.0,0.0,0.0,0.0,0.0
epoch_only,0.01,49,43950,1406400,254763078912000,14.0,0.4957,254410334208000.0,0.0,0.0,0.0,0.0
epoch_only,0.01,50,45170,1445440,262000676659200,13.0,0.6036,261472464076800.0,0.0,0.0,0.0,0.0
epoch_only,0.01,51,46340,1482880,268632277094400,17.0,0.5794,268245162393600.0,0.0,0.0,0.0,0.0
epoch_only,0.01,52,51210,1638720,296703519744000,18.0,0.5766,296435795558400.0,0.0,0.0,0.0,0.0
epoch_only,0.01,53,44820,1434240,260009025792000,14.0,0.5752,259446443212800.0,0.0,0.0,0.0,0.0
epoch_only,0.01,54,49110,1571520,284693919283200,15.0,0.574,284279670374400.0,0.0,0.0,0.0,0.0
epoch_only,0.01,55,50560,1617920,292980706406400,14.0,0.6197,292673185382400.0,0.0,0.0,0.0,0.0
epoch_only,0.01,56,40830,1306560,236581350604800,14.0,0.5684,236349805363200.0,0.0,0.0,0.0,0.0
epoch_only,0.01,57,47740,1527680,276580791091200,18.0,0.4956,276349245849600.0,0.0,0.0,0.0,0.0
epoch_only,0.01,58,40720,1303040,236078463283200,14.0,0.4751,235713055948800.0,0.0,0.0,0.0,0.0
epoch_only,0.01,59,46300,1481600,268458618163200,15.0,0.5372,268013617152000.0,0.0,0.0,0.0,0.0
epoch_only,0.01,60,44820,1434240,259994554214400,14.0,0.5315,259446443212800.0,0.0,0.0,0.0,0.0
epoch_only,0.01,61,47700,1526400,276334774272000,15.0,0.5277,276117700608000.0,0.0,0.0,0.0,0.0
epoch_only,0.01,62,46430,1485760,269149635993600,14.0,0.5454,268766139187200.0,0.0,0.0,0.0,0.0
epoch_only,0.01,63,45030,1440960,261081731481600,15.0,0.5584,260662055731200.0,0.0,0.0,0.0,0.0
epoch_only,0.01,64,40720,1303040,236085699072000,14.0,0.451,235713055948800.0,0.0,0.0,0.0,0.0
epoch_only,0.01,65,44280,1416960,256649810841600,14.0,0.5895,256320582451200.0,0.0,0.0,0.0,0.0
epoch_only,0.01,66,46430,1485760,269153253888000,15.0,0.6157,268766139187200.0,0.0,0.0,0.0,0.0
epoch_only,0.01,67,44910,1437120,260316546816000,13.0,0.5044,259967420006400.0,0.0,0.0,0.0,0.0
epoch_only,0.01,68,40720,1303040,236078463283200,14.0,0.4892,235713055948800.0,0.0,0.0,0.0,0.0
epoch_only,0.01,69,48130,1540160,278890816665600,15.0,0.6081,278606811955200.0,0.0,0.0,0.0,0.0
epoch_only,0.01,70,44990,1439680,260994902016000,15.0,0.5006,260430510489600.0,0.0,0.0,0.0,0.0
epoch_only,0.01,71,43410,1389120,251624555520000,13.0,0.5211,251284473446400.0,0.0,0.0,0.0,0.0
epoch_only,0.1,42,50150,1604800,290782835558400,17.0,0.7027,290299846656000.0,0.0,0.0,0.0,0.0
epoch_only,0.1,43,49020,1568640,283983003033600,16.0,0.6856,283758693580800.0,0.0,0.0,0.0,0.0
epoch_only,0.1,44,49530,1584960,286973192755200,17.0,0.6537,286710895411200.0,0.0,0.0,0.0,0.0
epoch_only,0.1,45,51790,1657280,300276190464000,17.0,0.6302,299793201561600.0,0.0,0.0,0.0,0.0
epoch_only,0.1,46,47340,1514880,274453469184000,16.0,0.6915,274033793433600.0,0.0,0.0,0.0,0.0
epoch_only,0.1,47,53760,1720320,311708736768000,18.0,0.7075,311196804710400.0,0.0,0.0,0.0,0.0
epoch_only,0.1,48,48780,1560960,282613630003200,16.0,0.6485,282369422131200.0,0.0,0.0,0.0,0.0
epoch_only,0.1,49,53080,1698560,307765231872000,18.0,0.6865,307260535603200.0,0.0,0.0,0.0,0.0
epoch_only,0.1,50,51020,1632640,295762867200000,16.0,0.6898,295335955660800.0,0.0,0.0,0.0,0.0
epoch_only,0.1,51,51640,1652480,299586981580800,17.0,0.6934,298924906905600.0,0.0,0.0,0.0,0.0
epoch_only,0.1,52,47920,1533440,277812684134400,16.0,0.75,277391199436800.0,0.0,0.0,0.0,0.0
epoch_only,0.1,53,51480,1647360,298689743769600,17.0,0.7157,297998725939200.0,0.0,0.0,0.0,0.0
epoch_only,0.1,54,52370,1675840,303631787520000,17.0,0.6773,303150607564800.0,0.0,0.0,0.0,0.0
epoch_only,0.1,55,48830,1562560,282939240499200,16.0,0.6791,282658853683200.0,0.0,0.0,0.0,0.0
epoch_only,0.1,56,47570,1522240,275799325900800,16.0,0.6816,275365178572800.0,0.0,0.0,0.0,0.0
epoch_only,0.1,57,49960,1598720,289663097241600,17.0,0.6886,289200006758400.0,0.0,0.0,0.0,0.0
epoch_only,0.1,58,49840,1594880,288990168883200,17.0,0.7044,288505371033600.0,0.0,0.0,0.0,0.0
epoch_only,0.1,59,47700,1526400,276747214233600,16.0,0.6461,276117700608000.0,0.0,0.0,0.0,0.0
epoch_only,0.1,60,46780,1496960,271410819993600,16.0,0.6768,270792160051200.0,0.0,0.0,0.0,0.0
epoch_only,0.1,61,54690,1750080,317311046246400,19.0,0.7436,316580231577600.0,0.0,0.0,0.0,0.0
epoch_only,0.1,62,45750,1464000,265249545830400,16.0,0.6674,264829870080000.0,0.0,0.0,0.0,0.0
epoch_only,0.1,63,53790,1721280,311632760985600,18.0,0.683,311370463641600.0,0.0,0.0,0.0,0.0
epoch_only,0.1,64,51340,1642880,297810595430400,16.0,0.6578,297188317593600.0,0.0,0.0,0.0,0.0
epoch_only,0.1,65,49860,1595520,289230758860800,16.0,0.6301,288621143654400.0,0.0,0.0,0.0,0.0
epoch_only,0.1,66,49180,1573760,285099123456000,16.0,0.6282,284684874547200.0,0.0,0.0,0.0,0.0
epoch_only,0.1,67,46850,1499200,271416246835200,15.0,0.6112,271197364224000.0,0.0,0.0,0.0,0.0
epoch_only,0.1,68,48230,1543360,279789863424000,16.0,0.6912,279185675059200.0,0.0,0.0,0.0,0.0
epoch_only,0.1,69,50380,1612160,292078041753600,17.0,0.6821,291631231795200.0,0.0,0.0,0.0,0.0
epoch_only,0.1,70,46300,1481600,268429675008000,16.0,0.6106,268013617152000.0,0.0,0.0,0.0,0.0
epoch_only,0.1,71,48930,1565760,283724323584000,16.0,0.6472,283237716787200.0,0.0,0.0,0.0,0.0
fixed_matched,0.01,42,46300,1481600,268476707635200,17.0,0.6366,268013617152000.0,0.56472632493485,0.56472632493485,0.6073752711496683,0.56472632493485
fixed_matched,0.01,43,44890,1436480,260450408908800,16.0,0.4904,259851647385600.0,0.7179717298631427,0.7179717298631427,0.7522532609304244,0.7179717298631427
fixed_matched,0.01,44,46140,1476480,267498067200000,16.0,0.5424,267087436185600.0,-0.28095958504430474,-0.28095958504430474,-0.2657332281191582,-0.28095958504430474
fixed_matched,0.01,45,43520,1392640,252358988083200,16.0,0.5825,251921222860800.0,-1.1133833219722833,-1.1133833219722833,-1.0841280533200992,-1.1133833219722833
fixed_matched,0.01,46,46330,1482560,268625041305600,16.0,0.5711,268187276083200.0,-0.04314994606257061,-0.04314994606257061,-0.0013468013468020956,-0.04314994606257061
fixed_matched,0.01,47,46280,1480960,268337418700800,17.0,0.5414,267897844531200.0,0.021612275772642242,0.021612275772642242,0.035741742308781355,0.021612275772642242
fixed_matched,0.01,48,42120,1347840,244213298841600,15.0,0.5452,243817139404800.0,0.0,0.0,0.0,0.0
fixed_matched,0.01,49,43760,1400320,253768157952000,16.0,0.5178,253310494310400.0,-0.4323094425483509,-0.4323094425483509,-0.3905279227464753,-0.4323094425483509
fixed_matched,0.01,50,44890,1436480,260493823641600,17.0,0.59,259851647385600.0,-0.6198804516271861,-0.6198804516271861,-0.5751332541633292,-0.6198804516271861
fixed_matched,0.01,51,46340,1482880,268681118668800,16.0,0.5187,268245162393600.0,0.0,0.0,0.018181573312148203,0.0
fixed_matched,0.01,52,51350,1643200,297497647564800,18.0,0.5652,297246203904000.0,0.27338410466706264,0.27338410466706264,0.2676502865504249,0.27338410466706264
fixed_matched,0.01,53,43670,1397440,253419031142400,17.0,0.5686,252789517516800.0,-2.565818830879074,-2.565818830879074,-2.534525341774796,-2.565818830879074
fixed_matched,0.01,54,48960,1566720,283919689881600,18.0,0.5335,283411375718400.0,-0.30543677458766405,-0.30543677458766405,-0.27195150621739383,-0.30543677458766405
fixed_matched,0.01,55,50300,1609600,291437674444800,19.0,0.57,291168141312000.0,-0.5142405063291111,-0.5142405063291111,-0.5266667489905008,-0.5142405063291111
fixed_matched,0.01,56,42150,1348800,244224152524800,15.0,0.5729,243990798336000.0,3.232916972814115,3.232916972814115,3.2305174944947446,3.232916972814115
fixed_matched,0.01,57,47740,1527680,276580791091200,16.0,0.496,276349245849600.0,0.0,0.0,0.0,0.0
fixed_matched,0.01,58,39650,1268800,229908144384000,14.0,0.5143,229519220736000.0,-2.6277013752455836,-2.6277013752455836,-2.6136729345777154,-2.6277013752455836
fixed_matched,0.01,59,46330,1482560,268644939724800,16.0,0.5452,268187276083200.0,0.06479481641468166,0.06479481641468166,0.06940420198644492,0.06479481641468166
fixed_matched,0.01,60,44890,1436480,260502868377600,17.0,0.4954,259851647385600.0,0.1561802766621989,0.1561802766621989,0.19550954239635487,0.1561802766621989
fixed_matched,0.01,61,47720,1527040,276468636364800,16.0,0.5079,276233473228800.0,0.041928721174011585,0.041928721174011585,0.048442000523696294,0.041928721174011585
fixed_matched,0.01,62,46330,1482560,268643130777600,18.0,0.524,268187276083200.0,-0.21537798836959166,-0.21537798836959166,-0.18818721939941607,-0.21537798836959166
fixed_matched,0.01,63,44910,1437120,260396140492800,16.0,0.5597,259967420006400.0,-0.26648900732845204,-0.26648900732845204,-0.2625963084086247,-0.26648900732845204
fixed_matched,0.01,64,42120,1347840,244218725683200,15.0,0.4748,243817139404800.0,3.438113948919441,3.438113948919441,3.4449467473756767,3.438113948919441
fixed_matched,0.01,65,43790,1401280,253930963200000,16.0,0.5699,253484153241600.0,-1.1065943992773275,-1.1065943992773275,-1.0593608593298498,-1.1065943992773275
fixed_matched,0.01,66,46430,1485760,269229229670400,17.0,0.6356,268766139187200.0,0.0,0.0,0.028227703474703603,0.0
fixed_matched,0.01,67,44930,1437760,260506486272000,16.0,0.4948,260083192627200.0,0.044533511467381715,0.044533511467381715,0.07296480316876242,0.044533511467381715
fixed_matched,0.01,68,42120,1347840,244218725683200,15.0,0.4702,243817139404800.0,3.438113948919441,3.438113948919441,3.4481173279389488,3.438113948919441
fixed_matched,0.01,69,48140,1540480,278892625612800,16.0,0.5645,278664698265600.0,0.020777062123422674,0.020777062123422674,0.0006486220025525569,0.020777062123422674
fixed_matched,0.01,70,44900,1436800,260493823641600,16.0,0.5069,259909533696000.0,-0.2000444543231783,-0.2000444543231783,-0.1919878014970844,-0.2000444543231783
fixed_matched,0.01,71,43520,1392640,252364414924800,16.0,0.506,251921222860800.0,0.25339783460032184,0.25339783460032184,0.2940330697340121,0.25339783460032184
fixed_matched,0.1,42,50180,1605760,290963730278400,17.0,0.6943,290473505587200.0,0.05982053838484713,0.05982053838484713,0.06220955912086268,0.05982053838484713
fixed_matched,0.1,43,48940,1566080,283550664652800,17.0,0.6863,283295603097600.0,-0.1631986944104491,-0.1631986944104491,-0.15224093561291285,-0.1631986944104491
fixed_matched,0.1,44,49300,1577600,285645425510400,17.0,0.6378,285379510272000.0,-0.4643650312941672,-0.4643650312941672,-0.46267988729269405,-0.4643650312941672
fixed_matched,0.1,45,51640,1652480,299431412121600,19.0,0.6485,298924906905600.0,-0.2896312029349257,-0.2896312029349257,-0.2813337751137124,-0.2896312029349257
fixed_matched,0.1,46,47290,1513280,274254484992000,18.0,0.6933,273744361881600.0,-0.10561892691169916,-0.10561892691169916,-0.07250197732665553,-0.10561892691169916
fixed_matched,0.1,47,54190,1734080,314223173376000,19.0,0.6944,313685916057600.0,0.7998511904761862,0.7998511904761862,0.8066622174506044,0.7998511904761862
fixed_matched,0.1,48,48560,1553920,281370883276800,17.0,0.6541,281095923302400.0,-0.45100451004510544,-0.45100451004510544,-0.4397334715901424,-0.45100451004510544
fixed_matched,0.1,49,52660,1685120,305319535257600,18.0,0.7124,304829310566400.0,-0.7912584777694076,-0.7912584777694076,-0.7946630616863071,-0.7912584777694076
fixed_matched,0.1,50,51060,1633920,296059534540800,18.0,0.7023,295567500902400.0,0.07840062720501084,0.07840062720501084,0.1003058103975496,0.07840062720501084
fixed_matched,0.1,51,51760,1656320,300306942566400,18.0,0.7078,299619542630400.0,0.23237800154918276,0.23237800154918276,0.24031784752496232,0.23237800154918276
fixed_matched,0.1,52,47890,1532480,277687866777600,18.0,0.7326,277217540505600.0,-0.06260434056761799,-0.06260434056761799,-0.0449286025902329,-0.06260434056761799
fixed_matched,0.1,53,51140,1636480,296745125529600,18.0,0.7069,296030591385600.0,-0.6604506604506621,-0.6604506604506621,-0.6510495524412852,-0.6604506604506621
fixed_matched,0.1,54,52570,1682240,304803985305600,19.0,0.6607,304308333772800.0,0.3818980332251254,0.3818980332251254,0.38605898123325044,0.3818980332251254
fixed_matched,0.1,55,48540,1553280,281235212236800,18.0,0.6798,280980150681600.0,-0.5938971943477367,-0.5938971943477367,-0.6022594318813912,-0.5938971943477367
fixed_matched,0.1,56,47460,1518720,275200564377600,17.0,0.6819,274728429158400.0,-0.23123817532058055,-0.23123817532058055,-0.2171004302655044,-0.23123817532058055
fixed_matched,0.1,57,50100,1603200,290493404006400,18.0,0.6672,290010415104000.0,0.2802241793434801,0.2802241793434801,0.28664568345324604,0.2802241793434801
fixed_matched,0.1,58,49880,1596160,289223523072000,18.0,0.7098,288736916275200.0,0.08025682182986049,0.08025682182986049,0.08074814091489912,0.08025682182986049
fixed_matched,0.1,59,47910,1533120,277991769907200,17.0,0.6645,277333313126400.0,0.44025157232705503,0.44025157232705503,0.44970847386722745,0.44025157232705503
fixed_matched,0.1,60,46830,1498560,271754519961600,17.0,0.6676,271081591603200.0,0.10688328345447307,0.10688328345447307,0.12663458590489451,0.10688328345447307
fixed_matched,0.1,61,54610,1747520,316849764710400,19.0,0.7428,316117141094400.0,-0.14627902724446695,-0.14627902724446695,-0.14537203840102597,-0.14627902724446695
fixed_matched,0.1,62,45080,1442560,261392870400000,16.0,0.6863,260951487283200.0,-1.4644808743169424,-1.4644808743169424,-1.4539800316438423,-1.4644808743169424
fixed_matched,0.1,63,53870,1723840,312065099366400,18.0,0.6815,311833554124800.0,0.1487265290946338,0.1487265290946338,0.1387332896042981,0.1487265290946338
fixed_matched,0.1,64,51690,1654080,299863750502400,17.0,0.6627,299214338457600.0,0.681729645500595,0.681729645500595,0.6894163953544918,0.681729645500595
fixed_matched,0.1,65,49860,1595520,289321206220800,18.0,0.6956,288621143654400.0,0.0,0.0,0.03127169473822189,0.0
fixed_matched,0.1,66,49220,1575040,285426542899200,18.0,0.6386,284916419788800.0,0.08133387555917526,0.08133387555917526,0.11484407220583304,0.08133387555917526
fixed_matched,0.1,67,46910,1501120,271810597324800,17.0,0.6166,271544682086400.0,0.12806830309497474,0.12806830309497474,0.14529361974393584,0.12806830309497474
fixed_matched,0.1,68,48070,1538240,278887198771200,17.0,0.7102,278259494092800.0,-0.3317437279701463,-0.3317437279701463,-0.32262235727678057,-0.3317437279701463
fixed_matched,0.1,69,50420,1613440,292295115417600,17.0,0.7057,291862777036800.0,0.07939658594680044,0.07939658594680044,0.07432043254491649,0.07939658594680044
fixed_matched,0.1,70,46450,1486400,269350429132800,17.0,0.5969,268881911808000.0,0.3239740820734305,0.3239740820734305,0.3430150279668531,0.3239740820734305
fixed_matched,0.1,71,48960,1566720,283908836198400,18.0,0.6498,283411375718400.0,0.06131207847945852,0.06131207847945852,0.06503235678536612,0.06131207847945852
full_fedhad,0.01,42,46040,1473280,266855890944000,15.0,0.6396,266508573081600.0,0.0,0.0,0.0,0.0
full_fedhad,0.01,43,44570,1426240,258505790668800,14.0,0.5235,257999285452800.0,0.0,0.0,0.0,0.0
full_fedhad,0.01,44,46270,1480640,268210792396800,15.0,0.562,267839958220800.0,0.0,0.0,0.0,0.0
full_fedhad,0.01,45,44010,1408320,255124868352000,14.0,0.5885,254757652070400.0,0.0,0.0,0.0,0.0
full_fedhad,0.01,46,46350,1483200,268628659200000,16.0,0.5807,268303048704000.0,0.0,0.0,0.0,0.0
full_fedhad,0.01,47,46270,1480640,268241544499200,15.0,0.5671,267839958220800.0,0.0,0.0,0.0,0.0
full_fedhad,0.01,48,42120,1347840,244213298841600,17.0,0.5364,243817139404800.0,0.0,0.0,0.0,0.0
full_fedhad,0.01,49,43950,1406400,254763078912000,14.0,0.5631,254410334208000.0,0.0,0.0,0.0,0.0
full_fedhad,0.01,50,45170,1445440,262000676659200,13.0,0.5997,261472464076800.0,0.0,0.0,0.0,0.0
full_fedhad,0.01,51,46340,1482880,268632277094400,17.0,0.5861,268245162393600.0,0.0,0.0,0.0,0.0
full_fedhad,0.01,52,51210,1638720,296703519744000,18.0,0.559,296435795558400.0,0.0,0.0,0.0,0.0
full_fedhad,0.01,53,44820,1434240,260009025792000,14.0,0.5827,259446443212800.0,0.0,0.0,0.0,0.0
full_fedhad,0.01,54,49110,1571520,284693919283200,15.0,0.554,284279670374400.0,0.0,0.0,0.0,0.0
full_fedhad,0.01,55,50560,1617920,292980706406400,14.0,0.6075,292673185382400.0,0.0,0.0,0.0,0.0
full_fedhad,0.01,56,40830,1306560,236581350604800,14.0,0.5789,236349805363200.0,0.0,0.0,0.0,0.0
full_fedhad,0.01,57,47740,1527680,276580791091200,18.0,0.5257,276349245849600.0,0.0,0.0,0.0,0.0
full_fedhad,0.01,58,40720,1303040,236078463283200,14.0,0.5352,235713055948800.0,0.0,0.0,0.0,0.0
full_fedhad,0.01,59,46300,1481600,268458618163200,15.0,0.53,268013617152000.0,0.0,0.0,0.0,0.0
full_fedhad,0.01,60,44820,1434240,259994554214400,14.0,0.5444,259446443212800.0,0.0,0.0,0.0,0.0
full_fedhad,0.01,61,47700,1526400,276334774272000,15.0,0.5477,276117700608000.0,0.0,0.0,0.0,0.0
full_fedhad,0.01,62,46430,1485760,269149635993600,14.0,0.5558,268766139187200.0,0.0,0.0,0.0,0.0
full_fedhad,0.01,63,45030,1440960,261081731481600,15.0,0.5602,260662055731200.0,0.0,0.0,0.0,0.0
full_fedhad,0.01,64,40720,1303040,236085699072000,14.0,0.5249,235713055948800.0,0.0,0.0,0.0,0.0
full_fedhad,0.01,65,44280,1416960,256649810841600,14.0,0.5764,256320582451200.0,0.0,0.0,0.0,0.0
full_fedhad,0.01,66,46430,1485760,269153253888000,15.0,0.6248,268766139187200.0,0.0,0.0,0.0,0.0
full_fedhad,0.01,67,44910,1437120,260316546816000,13.0,0.515,259967420006400.0,0.0,0.0,0.0,0.0
full_fedhad,0.01,68,40720,1303040,236078463283200,14.0,0.4634,235713055948800.0,0.0,0.0,0.0,0.0
full_fedhad,0.01,69,48130,1540160,278890816665600,15.0,0.6216,278606811955200.0,0.0,0.0,0.0,0.0
full_fedhad,0.01,70,44990,1439680,260994902016000,15.0,0.5234,260430510489600.0,0.0,0.0,0.0,0.0
full_fedhad,0.01,71,43410,1389120,251624555520000,13.0,0.5191,251284473446400.0,0.0,0.0,0.0,0.0
full_fedhad,0.1,42,50150,1604800,290782835558400,17.0,0.6932,290299846656000.0,0.0,0.0,0.0,0.0
full_fedhad,0.1,43,49020,1568640,283983003033600,16.0,0.7087,283758693580800.0,0.0,0.0,0.0,0.0
full_fedhad,0.1,44,49530,1584960,286973192755200,17.0,0.657,286710895411200.0,0.0,0.0,0.0,0.0
full_fedhad,0.1,45,51790,1657280,300276190464000,17.0,0.6518,299793201561600.0,0.0,0.0,0.0,0.0
full_fedhad,0.1,46,47340,1514880,274453469184000,16.0,0.6858,274033793433600.0,0.0,0.0,0.0,0.0
full_fedhad,0.1,47,53760,1720320,311708736768000,18.0,0.7168,311196804710400.0,0.0,0.0,0.0,0.0
full_fedhad,0.1,48,48780,1560960,282613630003200,16.0,0.673,282369422131200.0,0.0,0.0,0.0,0.0
full_fedhad,0.1,49,53080,1698560,307765231872000,18.0,0.6932,307260535603200.0,0.0,0.0,0.0,0.0
full_fedhad,0.1,50,51020,1632640,295762867200000,16.0,0.711,295335955660800.0,0.0,0.0,0.0,0.0
full_fedhad,0.1,51,51640,1652480,299586981580800,17.0,0.6738,298924906905600.0,0.0,0.0,0.0,0.0
full_fedhad,0.1,52,47920,1533440,277812684134400,16.0,0.7656,277391199436800.0,0.0,0.0,0.0,0.0
full_fedhad,0.1,53,51480,1647360,298689743769600,17.0,0.6984,297998725939200.0,0.0,0.0,0.0,0.0
full_fedhad,0.1,54,52370,1675840,303631787520000,17.0,0.6888,303150607564800.0,0.0,0.0,0.0,0.0
full_fedhad,0.1,55,48830,1562560,282939240499200,16.0,0.6823,282658853683200.0,0.0,0.0,0.0,0.0
full_fedhad,0.1,56,47570,1522240,275799325900800,16.0,0.6731,275365178572800.0,0.0,0.0,0.0,0.0
full_fedhad,0.1,57,49960,1598720,289663097241600,17.0,0.6904,289200006758400.0,0.0,0.0,0.0,0.0
full_fedhad,0.1,58,49840,1594880,288990168883200,17.0,0.7229,288505371033600.0,0.0,0.0,0.0,0.0
full_fedhad,0.1,59,47700,1526400,276747214233600,16.0,0.678,276117700608000.0,0.0,0.0,0.0,0.0
full_fedhad,0.1,60,46780,1496960,271410819993600,16.0,0.6824,270792160051200.0,0.0,0.0,0.0,0.0
full_fedhad,0.1,61,54690,1750080,317311046246400,19.0,0.7542,316580231577600.0,0.0,0.0,0.0,0.0
full_fedhad,0.1,62,45750,1464000,265249545830400,16.0,0.6946,264829870080000.0,0.0,0.0,0.0,0.0
full_fedhad,0.1,63,53790,1721280,311632760985600,18.0,0.6893,311370463641600.0,0.0,0.0,0.0,0.0
full_fedhad,0.1,64,51340,1642880,297810595430400,16.0,0.6635,297188317593600.0,0.0,0.0,0.0,0.0
full_fedhad,0.1,65,49860,1595520,289230758860800,16.0,0.6665,288621143654400.0,0.0,0.0,0.0,0.0
full_fedhad,0.1,66,49180,1573760,285099123456000,16.0,0.6354,284684874547200.0,0.0,0.0,0.0,0.0
full_fedhad,0.1,67,46850,1499200,271416246835200,15.0,0.6366,271197364224000.0,0.0,0.0,0.0,0.0
full_fedhad,0.1,68,48230,1543360,279789863424000,16.0,0.7284,279185675059200.0,0.0,0.0,0.0,0.0
full_fedhad,0.1,69,50380,1612160,292078041753600,17.0,0.7178,291631231795200.0,0.0,0.0,0.0,0.0
full_fedhad,0.1,70,46300,1481600,268429675008000,16.0,0.631,268013617152000.0,0.0,0.0,0.0,0.0
full_fedhad,0.1,71,48930,1565760,283724323584000,16.0,0.6527,283237716787200.0,0.0,0.0,0.0,0.0
lr_only_matched,0.01,42,46300,1481600,268476707635200,17.0,0.6343,268013617152000.0,0.56472632493485,0.56472632493485,0.6073752711496683,0.56472632493485
lr_only_matched,0.01,43,44890,1436480,260450408908800,16.0,0.5035,259851647385600.0,0.7179717298631427,0.7179717298631427,0.7522532609304244,0.7179717298631427
lr_only_matched,0.01,44,46140,1476480,267498067200000,16.0,0.584,267087436185600.0,-0.28095958504430474,-0.28095958504430474,-0.2657332281191582,-0.28095958504430474
lr_only_matched,0.01,45,43520,1392640,252358988083200,16.0,0.5958,251921222860800.0,-1.1133833219722833,-1.1133833219722833,-1.0841280533200992,-1.1133833219722833
lr_only_matched,0.01,46,46330,1482560,268625041305600,16.0,0.5595,268187276083200.0,-0.04314994606257061,-0.04314994606257061,-0.0013468013468020956,-0.04314994606257061
lr_only_matched,0.01,47,46280,1480960,268337418700800,17.0,0.5611,267897844531200.0,0.021612275772642242,0.021612275772642242,0.035741742308781355,0.021612275772642242
lr_only_matched,0.01,48,42120,1347840,244213298841600,15.0,0.5445,243817139404800.0,0.0,0.0,0.0,0.0
lr_only_matched,0.01,49,43760,1400320,253768157952000,16.0,0.5157,253310494310400.0,-0.4323094425483509,-0.4323094425483509,-0.3905279227464753,-0.4323094425483509
lr_only_matched,0.01,50,44890,1436480,260493823641600,17.0,0.5956,259851647385600.0,-0.6198804516271861,-0.6198804516271861,-0.5751332541633292,-0.6198804516271861
lr_only_matched,0.01,51,46340,1482880,268681118668800,16.0,0.5313,268245162393600.0,0.0,0.0,0.018181573312148203,0.0
lr_only_matched,0.01,52,51350,1643200,297497647564800,18.0,0.5755,297246203904000.0,0.27338410466706264,0.27338410466706264,0.2676502865504249,0.27338410466706264
lr_only_matched,0.01,53,43670,1397440,253419031142400,17.0,0.6054,252789517516800.0,-2.565818830879074,-2.565818830879074,-2.534525341774796,-2.565818830879074
lr_only_matched,0.01,54,48960,1566720,283919689881600,18.0,0.5387,283411375718400.0,-0.30543677458766405,-0.30543677458766405,-0.27195150621739383,-0.30543677458766405
lr_only_matched,0.01,55,50300,1609600,291437674444800,19.0,0.6034,291168141312000.0,-0.5142405063291111,-0.5142405063291111,-0.5266667489905008,-0.5142405063291111
lr_only_matched,0.01,56,42150,1348800,244224152524800,15.0,0.5904,243990798336000.0,3.232916972814115,3.232916972814115,3.2305174944947446,3.232916972814115
lr_only_matched,0.01,57,47740,1527680,276580791091200,16.0,0.5031,276349245849600.0,0.0,0.0,0.0,0.0
lr_only_matched,0.01,58,39650,1268800,229908144384000,14.0,0.5082,229519220736000.0,-2.6277013752455836,-2.6277013752455836,-2.6136729345777154,-2.6277013752455836
lr_only_matched,0.01,59,46330,1482560,268644939724800,16.0,0.5287,268187276083200.0,0.06479481641468166,0.06479481641468166,0.06940420198644492,0.06479481641468166
lr_only_matched,0.01,60,44890,1436480,260502868377600,17.0,0.5415,259851647385600.0,0.1561802766621989,0.1561802766621989,0.19550954239635487,0.1561802766621989
lr_only_matched,0.01,61,47720,1527040,276468636364800,16.0,0.5806,276233473228800.0,0.041928721174011585,0.041928721174011585,0.048442000523696294,0.041928721174011585
lr_only_matched,0.01,62,46330,1482560,268643130777600,18.0,0.5618,268187276083200.0,-0.21537798836959166,-0.21537798836959166,-0.18818721939941607,-0.21537798836959166
lr_only_matched,0.01,63,44910,1437120,260396140492800,16.0,0.5746,259967420006400.0,-0.26648900732845204,-0.26648900732845204,-0.2625963084086247,-0.26648900732845204
lr_only_matched,0.01,64,42120,1347840,244218725683200,15.0,0.4989,243817139404800.0,3.438113948919441,3.438113948919441,3.4449467473756767,3.438113948919441
lr_only_matched,0.01,65,43790,1401280,253930963200000,16.0,0.5843,253484153241600.0,-1.1065943992773275,-1.1065943992773275,-1.0593608593298498,-1.1065943992773275
lr_only_matched,0.01,66,46430,1485760,269229229670400,17.0,0.6287,268766139187200.0,0.0,0.0,0.028227703474703603,0.0
lr_only_matched,0.01,67,44930,1437760,260506486272000,16.0,0.5069,260083192627200.0,0.044533511467381715,0.044533511467381715,0.07296480316876242,0.044533511467381715
lr_only_matched,0.01,68,42120,1347840,244218725683200,15.0,0.5211,243817139404800.0,3.438113948919441,3.438113948919441,3.4481173279389488,3.438113948919441
lr_only_matched,0.01,69,48140,1540480,278892625612800,16.0,0.6258,278664698265600.0,0.020777062123422674,0.020777062123422674,0.0006486220025525569,0.020777062123422674
lr_only_matched,0.01,70,44900,1436800,260493823641600,16.0,0.5261,259909533696000.0,-0.2000444543231783,-0.2000444543231783,-0.1919878014970844,-0.2000444543231783
lr_only_matched,0.01,71,43520,1392640,252364414924800,16.0,0.5261,251921222860800.0,0.25339783460032184,0.25339783460032184,0.2940330697340121,0.25339783460032184
lr_only_matched,0.1,42,50180,1605760,290963730278400,17.0,0.6965,290473505587200.0,0.05982053838484713,0.05982053838484713,0.06220955912086268,0.05982053838484713
lr_only_matched,0.1,43,48940,1566080,283550664652800,17.0,0.7163,283295603097600.0,-0.1631986944104491,-0.1631986944104491,-0.15224093561291285,-0.1631986944104491
lr_only_matched,0.1,44,49300,1577600,285645425510400,17.0,0.6801,285379510272000.0,-0.4643650312941672,-0.4643650312941672,-0.46267988729269405,-0.4643650312941672
lr_only_matched,0.1,45,51640,1652480,299431412121600,19.0,0.6476,298924906905600.0,-0.2896312029349257,-0.2896312029349257,-0.2813337751137124,-0.2896312029349257
lr_only_matched,0.1,46,47290,1513280,274254484992000,18.0,0.6972,273744361881600.0,-0.10561892691169916,-0.10561892691169916,-0.07250197732665553,-0.10561892691169916
lr_only_matched,0.1,47,54190,1734080,314223173376000,19.0,0.7169,313685916057600.0,0.7998511904761862,0.7998511904761862,0.8066622174506044,0.7998511904761862
lr_only_matched,0.1,48,48560,1553920,281370883276800,17.0,0.656,281095923302400.0,-0.45100451004510544,-0.45100451004510544,-0.4397334715901424,-0.45100451004510544
lr_only_matched,0.1,49,52660,1685120,305319535257600,18.0,0.7075,304829310566400.0,-0.7912584777694076,-0.7912584777694076,-0.7946630616863071,-0.7912584777694076
lr_only_matched,0.1,50,51060,1633920,296059534540800,18.0,0.7065,295567500902400.0,0.07840062720501084,0.07840062720501084,0.1003058103975496,0.07840062720501084
lr_only_matched,0.1,51,51760,1656320,300306942566400,18.0,0.6991,299619542630400.0,0.23237800154918276,0.23237800154918276,0.24031784752496232,0.23237800154918276
lr_only_matched,0.1,52,47890,1532480,277687866777600,18.0,0.7455,277217540505600.0,-0.06260434056761799,-0.06260434056761799,-0.0449286025902329,-0.06260434056761799
lr_only_matched,0.1,53,51140,1636480,296745125529600,18.0,0.7129,296030591385600.0,-0.6604506604506621,-0.6604506604506621,-0.6510495524412852,-0.6604506604506621
lr_only_matched,0.1,54,52570,1682240,304803985305600,19.0,0.6935,304308333772800.0,0.3818980332251254,0.3818980332251254,0.38605898123325044,0.3818980332251254
lr_only_matched,0.1,55,48540,1553280,281235212236800,18.0,0.6821,280980150681600.0,-0.5938971943477367,-0.5938971943477367,-0.6022594318813912,-0.5938971943477367
lr_only_matched,0.1,56,47460,1518720,275200564377600,17.0,0.6867,274728429158400.0,-0.23123817532058055,-0.23123817532058055,-0.2171004302655044,-0.23123817532058055
lr_only_matched,0.1,57,50100,1603200,290493404006400,18.0,0.6872,290010415104000.0,0.2802241793434801,0.2802241793434801,0.28664568345324604,0.2802241793434801
lr_only_matched,0.1,58,49880,1596160,289223523072000,18.0,0.708,288736916275200.0,0.08025682182986049,0.08025682182986049,0.08074814091489912,0.08025682182986049
lr_only_matched,0.1,59,47910,1533120,277991769907200,17.0,0.6593,277333313126400.0,0.44025157232705503,0.44025157232705503,0.44970847386722745,0.44025157232705503
lr_only_matched,0.1,60,46830,1498560,271754519961600,17.0,0.6836,271081591603200.0,0.10688328345447307,0.10688328345447307,0.12663458590489451,0.10688328345447307
lr_only_matched,0.1,61,54610,1747520,316849764710400,19.0,0.7427,316117141094400.0,-0.14627902724446695,-0.14627902724446695,-0.14537203840102597,-0.14627902724446695
lr_only_matched,0.1,62,45080,1442560,261392870400000,16.0,0.6983,260951487283200.0,-1.4644808743169424,-1.4644808743169424,-1.4539800316438423,-1.4644808743169424
lr_only_matched,0.1,63,53870,1723840,312065099366400,18.0,0.6612,311833554124800.0,0.1487265290946338,0.1487265290946338,0.1387332896042981,0.1487265290946338
lr_only_matched,0.1,64,51690,1654080,299863750502400,17.0,0.6673,299214338457600.0,0.681729645500595,0.681729645500595,0.6894163953544918,0.681729645500595
lr_only_matched,0.1,65,49860,1595520,289321206220800,18.0,0.7051,288621143654400.0,0.0,0.0,0.03127169473822189,0.0
lr_only_matched,0.1,66,49220,1575040,285426542899200,18.0,0.6314,284916419788800.0,0.08133387555917526,0.08133387555917526,0.11484407220583304,0.08133387555917526
lr_only_matched,0.1,67,46910,1501120,271810597324800,17.0,0.6154,271544682086400.0,0.12806830309497474,0.12806830309497474,0.14529361974393584,0.12806830309497474
lr_only_matched,0.1,68,48070,1538240,278887198771200,17.0,0.7219,278259494092800.0,-0.3317437279701463,-0.3317437279701463,-0.32262235727678057,-0.3317437279701463
lr_only_matched,0.1,69,50420,1613440,292295115417600,17.0,0.7022,291862777036800.0,0.07939658594680044,0.07939658594680044,0.07432043254491649,0.07939658594680044
lr_only_matched,0.1,70,46450,1486400,269350429132800,17.0,0.6227,268881911808000.0,0.3239740820734305,0.3239740820734305,0.3430150279668531,0.3239740820734305
lr_only_matched,0.1,71,48960,1566720,283908836198400,18.0,0.652,283411375718400.0,0.06131207847945852,0.06131207847945852,0.06503235678536612,0.06131207847945852
permuted_allocation,0.01,42,45000,1440000,260846568345600,15.0,0.6472,260488396800000.0,-2.2589052997393555,-2.2589052997393555,-2.251898047722345,-2.2589052997393555
permuted_allocation,0.01,43,43180,1381760,250475874048000,14.0,0.5096,249953088307200.0,-3.1186897015930026,-3.1186897015930026,-3.106281139786149,-3.1186897015930026
permuted_allocation,0.01,44,45410,1453120,263216289177600,15.0,0.589,262861735526400.0,-1.8586557164469442,-1.8586557164469442,-1.8621559462868142,-1.8586557164469442
permuted_allocation,0.01,45,43730,1399360,253545657446400,14.0,0.5811,253136835379200.0,-0.6362190411270174,-0.6362190411270174,-0.6189952848583702,-0.6362190411270174
permuted_allocation,0.01,46,46340,1482880,268637703936000,16.0,0.5843,268245162393600.0,-0.021574973031279754,-0.021574973031279754,0.003367003367005239,-0.021574973031279754
permuted_allocation,0.01,47,45870,1467840,265911620505600,15.0,0.557,265524505804800.0,-0.8644910309055565,-0.8644910309055565,-0.8685917753530337,-0.8644910309055565
permuted_allocation,0.01,48,47640,1524480,276220810598400,17.0,0.5508,275770382745600.0,13.10541310541311,13.10541310541311,13.10637541387969,13.10541310541311
permuted_allocation,0.01,49,43270,1384640,250839472435200,14.0,0.5379,250474065100800.0,-1.547212741751991,-1.547212741751991,-1.5401001171583717,-1.547212741751991
permuted_allocation,0.01,50,43100,1379200,250003738828800,13.0,0.5887,249489997824000.0,-4.582687624529558,-4.582687624529558,-4.578972078764954,-4.582687624529558
permuted_allocation,0.01,51,46340,1482880,268731769190400,17.0,0.5659,268245162393600.0,0.0,0.0,0.037036538228440996,0.0
permuted_allocation,0.01,52,51090,1634880,296041445068800,18.0,0.5655,295741159833600.0,-0.23432923257176164,-0.23432923257176164,-0.22314351908303554,-0.23432923257176164
permuted_allocation,0.01,53,44590,1426880,258690303283200,14.0,0.581,258115058073600.0,-0.513163766175817,-0.513163766175817,-0.5071833582634744,-0.513163766175817
permuted_allocation,0.01,54,47700,1526400,276551847936000,15.0,0.5414,276117700608000.0,-2.8711056811240088,-2.8711056811240088,-2.8599386202908916,-2.8711056811240088
permuted_allocation,0.01,55,42720,1367040,247521863270400,14.0,0.5938,247290318028800.0,-15.506329113924055,-15.506329113924055,-15.51598523110359,-15.506329113924055
permuted_allocation,0.01,56,39420,1261440,228417571891200,14.0,0.5703,228187835596800.0,-3.453343130051434,-3.453343130051434,-3.45072791778811,-3.453343130051434
permuted_allocation,0.01,57,47770,1528640,276777966336000,18.0,0.5087,276522904780800.0,0.06284038542103687,0.06284038542103687,0.07129028882377764,0.06284038542103687
permuted_allocation,0.01,58,39650,1268800,229908144384000,14.0,0.4974,229519220736000.0,-2.6277013752455836,-2.6277013752455836,-2.6136729345777154,-2.6277013752455836
permuted_allocation,0.01,59,46220,1479040,267999145574400,15.0,0.5209,267550526668800.0,-0.17278617710583255,-0.17278617710583255,-0.17115210975297002,-0.17278617710583255
permuted_allocation,0.01,60,43410,1389120,251857909708800,14.0,0.5419,251284473446400.0,-3.145917001338683,-3.145917001338683,-3.129544205333723,-3.145917001338683
permuted_allocation,0.01,61,44960,1438720,260510104166400,15.0,0.524,260256851558400.0,-5.744234800838576,-5.744234800838576,-5.72663000785546,-5.744234800838576
permuted_allocation,0.01,62,45050,1441600,261197504102400,14.0,0.5355,260777828352000.0,-2.972216239500325,-2.972216239500325,-2.9545393445707946,-2.972216239500325
permuted_allocation,0.01,63,44740,1431680,259431971635200,15.0,0.5639,258983352729600.0,-0.6440151010437489,-0.6440151010437489,-0.631894019178536,-0.6440151010437489
permuted_allocation,0.01,64,39310,1257920,227934582988800,14.0,0.4966,227551086182400.0,-3.4626719056974453,-3.4626719056974453,-3.4526089954792782,-3.4626719056974453
permuted_allocation,0.01,65,43290,1385280,250937155584000,14.0,0.5639,250589837721600.0,-2.2357723577235755,-2.2357723577235755,-2.225856017141492,-2.2357723577235755
permuted_allocation,0.01,66,46760,1496320,271072546867200,15.0,0.6021,270676387430400.0,0.7107473616196458,0.7107473616196458,0.7130855568250549,0.7107473616196458
permuted_allocation,0.01,67,43510,1392320,252223317043200,13.0,0.5114,251863336550400.0,-3.1173458027165424,-3.1173458027165424,-3.1089955178763784,-3.1173458027165424
permuted_allocation,0.01,68,39310,1257920,227930965094400,14.0,0.4735,227551086182400.0,-3.4626719056974453,-3.4626719056974453,-3.4511823211193393,-3.4626719056974453
permuted_allocation,0.01,69,46330,1482560,268516504473600,15.0,0.6022,268187276083200.0,-3.739871182214838,-3.739871182214838,-3.7198471846562,-3.739871182214838
permuted_allocation,0.01,70,43670,1397440,253339437465600,15.0,0.5242,252789517516800.0,-2.933985330073352,-2.933985330073352,-2.9331854726919904,-2.933985330073352
permuted_allocation,0.01,71,41850,1339200,242579819520000,13.0,0.5266,242254209024000.0,-3.5936420179682127,-3.5936420179682127,-3.5945363048166756,-3.5936420179682127
permuted_allocation,0.1,42,50180,1605760,290963730278400,17.0,0.7024,290473505587200.0,0.05982053838484713,0.05982053838484713,0.06220955912086268,0.05982053838484713
permuted_allocation,0.1,43,49060,1569920,284225401958400,16.0,0.6774,283990238822400.0,0.081599347205219,0.081599347205219,0.08535684256121279,0.081599347205219
permuted_allocation,0.1,44,49300,1577600,285645425510400,17.0,0.6484,285379510272000.0,-0.4643650312941672,-0.4643650312941672,-0.46267988729269405,-0.4643650312941672
permuted_allocation,0.1,45,49760,1592320,288528887347200,17.0,0.6359,288042280550400.0,-3.919675613052709,-3.919675613052709,-3.9121660290972637,-3.919675613052709
permuted_allocation,0.1,46,45770,1464640,265372554240000,16.0,0.701,264945642700800.0,-3.3164343050274603,-3.3164343050274603,-3.308726601634593,-3.3164343050274603
permuted_allocation,0.1,47,52330,1674560,303380343859200,18.0,0.7278,302919062323200.0,-2.659970238095233,-2.659970238095233,-2.67185097060616,-2.659970238095233
permuted_allocation,0.1,48,49270,1576640,285460912896000,16.0,0.6536,285205851340800.0,1.0045100451004485,1.0045100451004485,1.007482509873192,1.0045100451004485
permuted_allocation,0.1,49,52660,1685120,305319535257600,18.0,0.7043,304829310566400.0,-0.7912584777694076,-0.7912584777694076,-0.7946630616863071,-0.7912584777694076
permuted_allocation,0.1,50,51380,1644160,297828684902400,16.0,0.7075,297419862835200.0,0.7056056448451642,0.7056056448451642,0.6984709480122309,0.7056056448451642
permuted_allocation,0.1,51,50620,1619840,293686195814400,17.0,0.7043,293020503244800.0,-1.9752130131680867,-1.9752130131680867,-1.9696402478051378,-1.9752130131680867
permuted_allocation,0.1,52,44650,1428800,258867580108800,16.0,0.7395,258462375936000.0,-6.8238731218697835,-6.8238731218697835,-6.819380506195594,-6.8238731218697835
permuted_allocation,0.1,53,51090,1634880,296406852403200,17.0,0.6911,295741159833600.0,-0.7575757575757569,-0.7575757575757569,-0.7643018931915324,-0.7575757575757569
permuted_allocation,0.1,54,51580,1650560,299026207948800,17.0,0.6854,298577589043200.0,-1.5084972312392586,-1.5084972312392586,-1.5168305034256813,-1.5084972312392586
permuted_allocation,0.1,55,44740,1431680,259216706918400,16.0,0.686,258983352729600.0,-8.375998361662917,-8.375998361662917,-8.384320795851952,-8.375998361662917
permuted_allocation,0.1,56,47580,1522560,275853594316800,16.0,0.6838,275423064883200.0,0.021021652301866922,0.021021652301866922,0.019676776156996034,0.021021652301866922
permuted_allocation,0.1,57,50390,1612480,292159444377600,17.0,0.6935,291689118105600.0,0.8606885508406714,0.8606885508406714,0.8618105515587615,0.8606885508406714
permuted_allocation,0.1,58,48680,1557760,282259076352000,17.0,0.7301,281790559027200.0,-2.32744783306581,-2.32744783306581,-2.329176994917248,-2.32744783306581
permuted_allocation,0.1,59,47360,1515520,274757372313600,16.0,0.6496,274149566054400.0,-0.7127882599580748,-0.7127882599580748,-0.719010641357487,-0.7127882599580748
permuted_allocation,0.1,60,45880,1468160,266204669952000,16.0,0.6845,265582392115200.0,-1.9238991021804153,-1.9238991021804153,-1.9181807275490237,-1.9238991021804153
permuted_allocation,0.1,61,54610,1747520,316849764710400,19.0,0.7462,316117141094400.0,-0.14627902724446695,-0.14627902724446695,-0.14537203840102597,-0.14627902724446695
permuted_allocation,0.1,62,45080,1442560,261392870400000,16.0,0.6888,260951487283200.0,-1.4644808743169424,-1.4644808743169424,-1.4539800316438423,-1.4644808743169424
permuted_allocation,0.1,63,53870,1723840,312065099366400,18.0,0.6819,311833554124800.0,0.1487265290946338,0.1487265290946338,0.1387332896042981,0.1487265290946338
permuted_allocation,0.1,64,50310,1609920,291848305459200,16.0,0.6631,291226027622400.0,-2.0062329567588577,-2.0062329567588577,-2.0020409154963836,-2.0062329567588577
permuted_allocation,0.1,65,48870,1563840,283478306764800,16.0,0.6845,282890398924800.0,-1.9855595667869985,-1.9855595667869985,-1.9888797853510831,-1.9855595667869985
permuted_allocation,0.1,66,48740,1559680,282559361587200,16.0,0.6499,282137876889600.0,-0.8946726311508724,-0.8946726311508724,-0.8908346816408064,-0.8946726311508724
permuted_allocation,0.1,67,46430,1485760,268997684428800,15.0,0.6198,268766139187200.0,-0.8964781216648898,-0.8964781216648898,-0.8910897687965269,-0.8964781216648898
permuted_allocation,0.1,68,47610,1523520,276222619545600,16.0,0.7047,275596723814400.0,-1.2855069458843071,-1.2855069458843071,-1.2749725221439245,-1.2855069458843071
permuted_allocation,0.1,69,50420,1613440,292295115417600,17.0,0.7036,291862777036800.0,0.07939658594680044,0.07939658594680044,0.07432043254491649,0.07939658594680044
permuted_allocation,0.1,70,44940,1438080,260573417318400,16.0,0.63,260141078937600.0,-2.937365010799131,-2.937365010799131,-2.926747085383108,-2.937365010799131
permuted_allocation,0.1,71,48560,1553920,281584339046400,16.0,0.647,281095923302400.0,-0.7561823012466773,-0.7561823012466773,-0.7542478242851258,-0.7561823012466773
