alpha,variant,acc_mean,acc_sd,updates,processed,TF_nominal,TF_exec,upd_mis_med,upd_mis_min,upd_mis_max,upd_absmis_med,within1
0.01,epoch_only,0.5505,0.04775517303627051,45331.666666666664,1450613.3333333333,262.7872672,262.4082927616,0.0,0.0,0.0,0.0,30
0.01,fixed_matched,0.5403833333333333,0.042287302107609434,45350.666666666664,1451221.3333333333,262.94669574656,262.51827675136,0.0,-2.6277013752455836,3.438113948919441,0.26993655599775734,23
0.01,full_fedhad,0.5598799999999999,0.038020007437101364,45331.666666666664,1450613.3333333333,262.7872672,262.4082927616,0.0,0.0,0.0,0.0,30
0.01,lr_only_matched,0.5585033333333332,0.04078922680057205,45350.666666666664,1451221.3333333333,262.94669574656,262.51827675136,0.0,-2.6277013752455836,3.438113948919441,0.26993655599775734,23
0.01,permuted_allocation,0.5518766666666667,0.03881658624629543,44374.333333333336,1419978.6666666667,257.26232036352,256.86664331264,-2.4433033374924698,-15.506329113924055,13.10541310541311,2.7494035281847964,10
0.1,epoch_only,0.6753800000000001,0.03420267583805046,49795.333333333336,1593450.6666666667,288.71207340032,288.24681218048,0.0,0.0,0.0,0.0,30
0.1,fixed_matched,0.67963,0.03288047476375086,49768.0,1592576.0,288.58110562304,288.08858959872,0.06056630843215283,-1.4644808743169424,0.7998511904761862,0.23180808843488165,29
0.1,full_fedhad,0.6872066666666666,0.03225942186169142,49795.333333333336,1593450.6666666667,288.71207340032,288.24681218048,0.0,0.0,0.0,0.0,30
0.1,lr_only_matched,0.6867566666666666,0.03241443572975106,49768.0,1592576.0,288.58110562304,288.08858959872,0.06056630843215283,-1.4644808743169424,0.7998511904761862,0.23180808843488165,29
0.1,permuted_allocation,0.6841866666666667,0.032013604148466525,49057.333333333336,1569834.6666666667,284.43433536,283.97480247296,-0.8955753764078811,-8.375998361662917,1.0045100451004485,0.9504940833826692,15
