contrast,n,mean_pp,median_pp,boot95_lo,boot95_hi,wilcoxon_W,p_two_sided,dz,wins_first,wins_second,ties_|d|<=0.1pp,exact_zero,alpha,Q
full_fedhad - fixed_matched,30,1.9496666666666667,1.805000000000001,1.2146583333333318,2.6926833333333318,45.0,0.00011494423500588612,0.9168408055295686,24,5,1,0,0.01,Q1
full_fedhad - permuted_allocation,30,0.8003333333333346,0.9599999999999997,0.3019916666666686,1.2930000000000017,99.0,0.006032335769928044,0.5620528978678139,21,8,1,0,0.01,Q2
epoch_only - fixed_matched,30,1.0116666666666663,1.250000000000001,0.1856666666666662,1.8276916666666652,132.0,0.03841841779649258,0.436919175733929,18,11,1,0,0.01,Q3
lr_only_matched - fixed_matched,30,1.8119999999999996,1.385000000000003,1.0916666666666657,2.6096916666666647,46.0,3.453157842159271e-05,0.8434050447440381,23,6,1,0,0.01,Q4
full_fedhad - epoch_only,30,0.9380000000000004,0.714999999999999,0.11165833333333385,1.837999999999999,151.0,0.09610157273709774,0.3784621729822048,18,12,0,0,0.01,Q5a
full_fedhad - lr_only_matched,30,0.1376666666666668,-0.06999999999999784,-0.6720416666666674,0.9303333333333326,228.0,0.9262492536251324,0.06115664964270837,15,15,0,0,0.01,Q5b
full_fedhad - fixed_matched,30,0.757666666666667,1.0049999999999948,0.1593333333333335,1.3126750000000011,112.5,0.013574463623869151,0.45652358309474494,21,8,1,0,0.1,Q1
full_fedhad - permuted_allocation,30,0.302,0.3449999999999953,-0.21300833333333385,0.8226750000000009,184.0,0.3284698575735092,0.20290784998280822,17,12,1,0,0.1,Q2
epoch_only - fixed_matched,30,-0.42499999999999977,-0.22000000000000353,-1.069391666666667,0.14835833333333223,173.0,0.22855282202363014,-0.24330952669840566,10,16,4,0,0.1,Q3
lr_only_matched - fixed_matched,30,0.7126666666666676,0.4049999999999998,0.2506583333333336,1.2086750000000002,108.0,0.010442365286734987,0.5248471507462312,20,8,2,0,0.1,Q4
full_fedhad - epoch_only,30,1.1826666666666668,0.9949999999999959,0.6553249999999992,1.6993333333333343,67.0,0.0003449581563472748,0.7777395015313465,25,5,0,0,0.1,Q5a
full_fedhad - lr_only_matched,30,0.044999999999999485,0.044999999999995044,-0.5019999999999984,0.5666666666666664,210.0,0.6554384250193834,0.0299136273226169,14,13,3,0,0.1,Q5b
