panel,method,runs,seeds,alpha,acc_final_mean,acc_final_sd,TF_mean,gpu
"(b) loss, alpha=0.5",FedAVG,30,42-71,0.5,0.8059866666666665,0.008944338734769547,2035.16358464,1 x NVIDIA RTX A1000
"(b) loss, alpha=0.5",FedAvgM,30,42-71,0.5,0.7804366666666668,0.01044286535303454,2035.16358464,1 x NVIDIA RTX A1000
"(b) loss, alpha=0.5",FedProx,30,42-71,0.5,0.8177299999999997,0.008932086677467527,2035.16358464,1 x NVIDIA RTX A1000
"(b) loss, alpha=0.5",FedNova,0,-,,,,,
"(b) loss, alpha=0.5",FedHAD,30,42-71,0.5,0.8179666666666667,0.006437730020441363,1626.2763953408,1 x NVIDIA RTX A1000
"(d) loss, alpha=0.01",FedAVG,30,42-71,0.01,0.6439766666666666,0.03392272845375392,2035.151524992,1 x NVIDIA A40
"(d) loss, alpha=0.01",FedAvgM,30,42-71,0.01,0.56733,0.044002681344632186,2035.151524992,1 x NVIDIA A40
"(d) loss, alpha=0.01",FedProx,30,42-71,0.01,0.6496966666666667,0.029730449772550713,2035.151524992,1 x NVIDIA A40
"(d) loss, alpha=0.01",FedNova,0,-,,,,,
"(d) loss, alpha=0.01",FedHAD,30,42-71,0.01,0.6581033333333333,0.026768670356289236,1313.936336,1 x NVIDIA A40
FEMNIST 50 rounds,FedAVG,30,42-71,N/A (FEMNIST usa particionamento natural),0.7090887137693076,0.010551622795121009,61.974158592,1 x NVIDIA A40
FEMNIST 50 rounds,FedAvgM,30,42-71,N/A (FEMNIST usa particionamento natural),0.7068725000757393,0.00954728725486117,61.974158592,1 x NVIDIA A40
FEMNIST 50 rounds,FedProx,30,42-71,N/A (FEMNIST usa particionamento natural),0.7092396916127842,0.011081468988022659,61.974158592,1 x NVIDIA A40
FEMNIST 50 rounds,FedNova,0,-,,,,,
FEMNIST 50 rounds,FedHAD,30,42-71,N/A (FEMNIST usa particionamento natural),0.7080350131760229,0.010204268406116148,55.666572928768,1 x NVIDIA A40
