tag,dataset,alpha,seed,clients,E_ratio_max_min,tau_ratio_max_min_fedhad,tau_min_fedhad,tau_max_fedhad,samples_dropped_pct,TV_fixed5_vs_p,TV_fedhad_vs_p,maxweight_p,maxweight_fixed5,maxweight_fedhad
test1_convergencia,CIFAR10,0.5,42,5,1.3333333333333333,7.423868312757202,243.0,1804.0,0.16665555629624684,0.14173676459340903,0.16151226433285243,0.32095638068573207,0.4036978428010896,0.418396997338149
test1_convergencia,CIFAR10,0.5,43,5,1.0,1.9196428571428572,896.0,1720.0,0.2377619269826492,0.1310098422039823,0.1506600081832567,0.30635735395418084,0.43736719615816316,0.45701736213743754
test1_convergencia,CIFAR10,0.5,44,5,1.0,2.5328947368421053,608.0,1540.0,0.16443713612728228,0.08164391314685342,0.0989611877547068,0.27427669881338607,0.35082281467674475,0.3640355159109683
test1_convergencia,CIFAR10,0.5,45,5,1.3333333333333333,2.3367003367003365,594.0,1388.0,0.16221861736406273,0.06387102672583181,0.0949899979999661,0.24681673740583543,0.2958534918678324,0.3193245129482485
test1_convergencia,CIFAR10,0.5,46,5,1.3333333333333333,3.3691056910569106,615.0,2072.0,0.23554508688502507,0.1907582512997291,0.22266551999081358,0.36873916714812677,0.5594974184478558,0.5914046871389403
test1_convergencia,CIFAR10,0.5,47,5,1.25,5.331196581196581,468.0,2495.0,0.16443713612728228,0.1894421217670463,0.22615005051461648,0.3550953290964846,0.46913241196758837,0.48879553533668685
test1_convergencia,CIFAR10,0.5,48,5,1.3333333333333333,4.9523809523809526,399.0,1976.0,0.16443713612728228,0.169959377316067,0.19104456902421296,0.35178436513932715,0.5217437424553941,0.5428289341635401
test1_convergencia,CIFAR10,0.5,49,5,1.0,2.579310344827586,580.0,1496.0,0.16443713612728228,0.08428810818239058,0.07523700856318184,0.26645482423003425,0.32929456264240764,0.31887016332729823
test1_convergencia,CIFAR10,0.5,50,5,1.0,2.117948717948718,780.0,1652.0,0.16443713612728228,0.13771465733283322,0.1640547546268033,0.29418692502555444,0.3959538273399623,0.4074274971173012
test1_convergencia,CIFAR10,0.5,51,5,1.0,4.405940594059406,404.0,1780.0,0.23554508688502507,0.15180654079242845,0.16722939061594116,0.3170081329718679,0.39294600284615466,0.4047601935651167
test1_convergencia,CIFAR10,0.5,52,5,1.0,2.174698795180723,664.0,1444.0,0.16443713612728228,0.07410477587776323,0.08145055339903905,0.25721079063152746,0.31369025240707993,0.33197947195918914
test1_convergencia,CIFAR10,0.5,53,5,1.3333333333333333,3.3175355450236967,633.0,2100.0,0.16443713612728228,0.21096600436393223,0.2643576685127595,0.37373894493578064,0.5847049492997128,0.6380966134485401
test1_convergencia,CIFAR10,0.5,54,5,1.3333333333333333,4.0,465.0,1860.0,0.16443713612728228,0.1661873781379466,0.19203392375007086,0.3309630683080752,0.46617940823699333,0.49650399442826953
test1_convergencia,CIFAR10,0.5,55,5,1.0,6.681818181818182,264.0,1764.0,0.23554508688502507,0.11785066414340276,0.1184983160360101,0.31414159370694633,0.405248125722779,0.4064594766697706
test1_convergencia,CIFAR10,0.5,56,5,1.3333333333333333,5.822222222222222,360.0,2096.0,0.16665555629624684,0.18833281340399008,0.20577067705355928,0.3726640446192476,0.5609968580232377,0.5784347216728069
test1_convergencia,CIFAR10,0.5,57,5,1.3333333333333333,5.869047619047619,336.0,1972.0,0.16665555629624684,0.15430356913269133,0.16938392186492734,0.350754394151501,0.49197599800984393,0.5201383160164283
test1_convergencia,CIFAR10,0.5,58,5,1.0,1.8396226415094339,848.0,1560.0,0.16443713612728228,0.10505735761202828,0.12105569702162026,0.27752099906670813,0.3657193288804673,0.3849213156482532
test1_convergencia,CIFAR10,0.5,59,5,1.3333333333333333,4.966360856269113,327.0,1624.0,0.16665555629624684,0.12970780885510563,0.1564946793472437,0.2889585138768527,0.36367764348759185,0.381592259565844
test1_convergencia,CIFAR10,0.5,60,5,1.0,1.7474226804123711,776.0,1356.0,0.16443713612728228,0.057463811288312294,0.06032733651182525,0.24172259010710634,0.2833293508684719,0.30095048876087993
test1_convergencia,CIFAR10,0.5,61,5,1.0,2.0597826086956523,736.0,1516.0,0.16443713612728228,0.10726176122442459,0.12232248886788476,0.26983245189102706,0.3369819600087925,0.35795208052256555
test1_convergencia,CIFAR10,0.5,62,5,1.0,2.4858757062146895,708.0,1760.0,0.09332918536953949,0.13253409954418094,0.17290735732085044,0.3134305141993689,0.4422369886327522,0.4863378715202194
test1_convergencia,CIFAR10,0.5,63,5,1.0,1.5520361990950227,884.0,1372.0,0.16443713612728228,0.05692273920901526,0.07383428813924744,0.24423358961823918,0.29209665073631363,0.2815806148870563
test1_convergencia,CIFAR10,0.5,64,5,1.0,1.994818652849741,772.0,1540.0,0.16443713612728228,0.0982452392320296,0.09861654671869613,0.27436558375183323,0.3567144802848556,0.35921711199139744
test1_convergencia,CIFAR10,0.5,65,5,1.0,1.5862068965517242,928.0,1472.0,0.16443713612728228,0.09800460483123993,0.09147743685323,0.26223278965379315,0.33004000210361395,0.33572590490276377
test1_convergencia,CIFAR10,0.5,66,5,1.0,2.798611111111111,576.0,1612.0,0.09332918536953949,0.11295520395757663,0.12323918455609294,0.2868539176036621,0.36206071840106996,0.37058533712587377
test1_convergencia,CIFAR10,0.5,67,5,1.0,2.5714285714285716,616.0,1584.0,0.23554508688502507,0.08800316134220217,0.09849802650409219,0.2821430158659615,0.3701461772081637,0.38064104237005364
test1_convergencia,CIFAR10,0.5,68,5,1.0,2.2126436781609193,696.0,1540.0,0.09332918536953949,0.10627246427031001,0.13058373446087423,0.27385449535576195,0.3439297530108369,0.33487224970338664
test1_convergencia,CIFAR10,0.5,69,5,1.25,2.8581460674157304,712.0,2035.0,0.16665555629624684,0.13054573723815516,0.19671104033078307,0.28969179832455616,0.38528563609254135,0.4864028386553392
test1_convergencia,CIFAR10,0.5,70,5,1.3333333333333333,4.817073170731708,328.0,1580.0,0.30665303764276786,0.10761550406417222,0.14420265784242578,0.28156526376605484,0.3393314342695497,0.36392075898289816
test1_convergencia,CIFAR10,0.5,71,5,1.0,4.1953125,512.0,2148.0,0.09332918536953949,0.19126950843491353,0.22815181483296332,0.381938580507533,0.5732080889424465,0.6100903953404964
test2_robustez_alpha,CIFAR10,1.0,42,5,1.0,1.8104265402843602,844.0,1528.0,0.16443713612728228,0.0839953067261853,0.1077191856489639,0.27223234522910095,0.3562276519552862,0.37995153087806477
test2_robustez_alpha,CIFAR10,1.0,43,5,1.0,3.079710144927536,552.0,1700.0,0.23554508688502507,0.13166575119605506,0.14395584038288334,0.30251988800497753,0.4061258001329993,0.4031509266380808
test2_robustez_alpha,CIFAR10,1.0,44,5,1.0,2.172248803827751,836.0,1816.0,0.16443713612728228,0.15086699606916523,0.16960092003969274,0.32323007866317055,0.4740970747323358,0.49283099870286323
test2_robustez_alpha,CIFAR10,1.0,45,5,1.0,2.005,800.0,1604.0,0.23554508688502507,0.10105964316117252,0.12444439368362659,0.28558730723078973,0.3866469503919623,0.4100317009144164
test2_robustez_alpha,CIFAR10,1.0,46,5,1.0,2.6666666666666665,588.0,1568.0,0.16443713612728228,0.10489488117947703,0.13018895631009392,0.2792098128972046,0.35267074259420655,0.37330832417108467
test2_robustez_alpha,CIFAR10,1.0,47,5,1.0,1.6018099547511313,884.0,1416.0,0.16665555629624684,0.10091436511952624,0.10862260463690412,0.25211652556496233,0.30407542947939187,0.31863966417881917
test2_robustez_alpha,CIFAR10,1.0,48,5,1.0,1.7864583333333333,768.0,1372.0,0.16443713612728228,0.06106621074884653,0.0650514088513156,0.24450024443358073,0.2893823191828716,0.285687123758757
test2_robustez_alpha,CIFAR10,1.0,49,5,1.25,1.626086956521739,920.0,1496.0,0.23554508688502507,0.07873522760779865,0.06889432064584919,0.2666325941069286,0.34390697859054287,0.3170692213485966
test2_robustez_alpha,CIFAR10,1.0,50,5,1.0,1.6521739130434783,828.0,1368.0,0.16665555629624684,0.05956192064981235,0.05374650179020125,0.243694864786792,0.28934490050320233,0.27786718447813186
test2_robustez_alpha,CIFAR10,1.0,51,5,1.0,1.9947368421052631,760.0,1516.0,0.16443713612728228,0.11725055328855627,0.12229877583405814,0.2701435491755922,0.3411318150244201,0.33604685582921123
test2_robustez_alpha,CIFAR10,1.0,52,5,1.0,2.401098901098901,728.0,1748.0,0.16665555629624684,0.13429603762345202,0.15400286563734206,0.31109037175299425,0.43919235411911534,0.460199088306881
test2_robustez_alpha,CIFAR10,1.0,53,5,1.25,3.210382513661202,732.0,2350.0,0.09332918536953949,0.16059441560827906,0.23659267323255598,0.3342295897960091,0.4948240054042881,0.5708222630285651
test2_robustez_alpha,CIFAR10,1.0,54,5,1.0,2.341463414634146,656.0,1536.0,0.16665555629624684,0.09469290916288706,0.08858472268888837,0.27367064417927695,0.3505541042645077,0.3340063914973333
test2_robustez_alpha,CIFAR10,1.0,55,5,1.25,4.395973154362416,596.0,2620.0,0.16443713612728228,0.1943563145994141,0.2787690742956531,0.3726056619705791,0.5669619765699933,0.6513747362662322
test2_robustez_alpha,CIFAR10,1.0,56,5,1.0,2.14375,640.0,1372.0,0.09332918536953949,0.0839984484150416,0.09883629206573798,0.24398915603750945,0.2804324963163888,0.3084697119029494
test2_robustez_alpha,CIFAR10,1.0,57,5,1.0,2.4947368421052634,760.0,1896.0,0.09332918536953949,0.1681289304003305,0.1792920933954406,0.33736278387627217,0.5054917142766027,0.5166548772717128
test2_robustez_alpha,CIFAR10,1.0,58,5,1.0,2.4285714285714284,756.0,1836.0,0.23554508688502507,0.15432156549327636,0.16443571324084816,0.3268299186702813,0.4811514841635577,0.4912656319111295
test2_robustez_alpha,CIFAR10,1.0,59,5,1.0,1.8263157894736841,760.0,1388.0,0.16443713612728228,0.07817298005064427,0.07791387246780232,0.24730011999466692,0.29393768458337716,0.29644020751310973
test2_robustez_alpha,CIFAR10,1.0,60,5,1.0,1.5648148148148149,864.0,1352.0,0.2377619269826492,0.07159770081457842,0.07884575948153999,0.24098393440437305,0.28174687814534566,0.29309420698583627
test2_robustez_alpha,CIFAR10,1.0,61,5,1.25,3.0673758865248226,564.0,1730.0,0.16443713612728228,0.07176530775083431,0.10912045386046218,0.2464557130794187,0.2837582402029845,0.3539353078534373
test2_robustez_alpha,CIFAR10,1.0,62,5,1.0,4.454545454545454,528.0,2352.0,0.09332918536953949,0.22842061536220584,0.2449165811714375,0.4181147504555353,0.6465353658177411,0.6630313316269728
test2_robustez_alpha,CIFAR10,1.0,63,5,1.25,2.7688172043010755,744.0,2060.0,0.16665555629624684,0.14020257747341863,0.18409336569123827,0.29318045463635756,0.3899111799832614,0.469306575190783
test2_robustez_alpha,CIFAR10,1.0,64,5,1.25,1.8391959798994975,796.0,1464.0,0.23554508688502507,0.07511057036629551,0.09772458015669705,0.2607661881694147,0.32783868328689153,0.31796264519215456
test2_robustez_alpha,CIFAR10,1.0,65,5,1.0,1.4489795918367347,980.0,1420.0,0.16665555629624684,0.07007622207131879,0.0782851273986715,0.2525831611225918,0.3122972097924845,0.3170524988892243
test2_robustez_alpha,CIFAR10,1.0,66,5,1.0,2.210526315789474,760.0,1680.0,0.16221861736406273,0.11426118463884626,0.1174171176288489,0.2991266860736428,0.41287801526553664,0.4066499465127257
test2_robustez_alpha,CIFAR10,1.0,67,5,1.0,2.2395209580838324,668.0,1496.0,0.2377619269826492,0.0987894488411849,0.10965270739219185,0.26618225451636557,0.3328001029269633,0.34752351495253625
test2_robustez_alpha,CIFAR10,1.0,68,5,1.0,1.4652173913043478,920.0,1348.0,0.23332814826336756,0.05472261990168066,0.055178597384758846,0.23963911913068597,0.28276935332233805,0.2694634110418284
test2_robustez_alpha,CIFAR10,1.0,69,5,1.0,2.2303030303030305,660.0,1472.0,0.09332918536953949,0.08715735534558579,0.09296576052137316,0.2617439224923337,0.3217890060985672,0.3225161900163923
test2_robustez_alpha,CIFAR10,1.0,70,5,1.0,1.4273504273504274,936.0,1336.0,0.16221861736406273,0.053040260873897016,0.07389553801777789,0.23761694184573676,0.2781112188837619,0.2835216062122103
test2_robustez_alpha,CIFAR10,1.0,71,5,1.0,1.9689119170984455,772.0,1520.0,0.09554918560984449,0.11173850830768109,0.12020091046168668,0.2704041952758705,0.34354128900157793,0.34970825378383463
test2_robustez_alpha,CIFAR10,0.1,42,5,1.3333333333333333,9.80952380952381,210.0,2060.0,0.16665555629624684,0.16865337197306934,0.23689324208355683,0.3667533275559407,0.53540669952901,0.6036465696394976
test2_robustez_alpha,CIFAR10,0.1,43,5,2.0,6.428571428571429,280.0,1800.0,0.09332918536953949,0.13869522668373685,0.2193419909956371,0.32000799964446025,0.427039812041726,0.4876495470708561
test2_robustez_alpha,CIFAR10,0.1,44,5,1.3333333333333333,11.477124183006536,153.0,1756.0,0.09554918560984449,0.092585280984795,0.1612686612427075,0.3123791747216852,0.4043537733027373,0.47080609128100775
test2_robustez_alpha,CIFAR10,0.1,45,5,1.3333333333333333,40.3921568627451,51.0,2060.0,0.16443713612728228,0.14819472736297823,0.20442434912285315,0.36685036220612416,0.4728261105314421,0.5134737747214249
test2_robustez_alpha,CIFAR10,0.1,46,5,1.3333333333333333,5.117647058823529,408.0,2088.0,0.16665555629624684,0.17789471123188141,0.28393557129281755,0.37133080016887765,0.5432563048747352,0.6552663714616952
test2_robustez_alpha,CIFAR10,0.1,47,5,1.3333333333333333,13.395348837209303,129.0,1728.0,0.16665555629624684,0.09851111731546804,0.1197393869752411,0.3075572739595138,0.37576268019752307,0.3897095962850095
test2_robustez_alpha,CIFAR10,0.1,48,5,2.0,7.213333333333333,300.0,2164.0,0.09332918536953949,0.18582411188461612,0.28006942674577895,0.38478289853784275,0.5706070104224589,0.6648523252836217
test2_robustez_alpha,CIFAR10,0.1,49,5,1.3333333333333333,6.823529411764706,255.0,1740.0,0.16665555629624684,0.13942405902416455,0.17585404014493167,0.31000155545185876,0.4001381336137764,0.4344144327300268
test2_robustez_alpha,CIFAR10,0.1,50,5,2.0,10.258823529411766,255.0,2616.0,0.16665555629624684,0.2176768050987014,0.28265853717033657,0.46559118281003486,0.6832679879087362,0.7482497199803715
test2_robustez_alpha,CIFAR10,0.1,51,5,1.3333333333333333,22.958333333333332,96.0,2204.0,0.2377619269826492,0.13824214020266637,0.190767439917636,0.3923516210030442,0.5305937612057107,0.5773338476735154
test2_robustez_alpha,CIFAR10,0.1,52,5,1.3333333333333333,4.803312629399586,483.0,2320.0,0.16443713612728228,0.2415578280302267,0.34571324074924653,0.4126705479756455,0.6542283760058722,0.7583837887248921
test2_robustez_alpha,CIFAR10,0.1,53,5,2.0,8.268041237113403,194.0,1604.0,0.2377619269826492,0.08221179156745492,0.13274142912619707,0.2855365197875697,0.36116921862728574,0.4052513363084499
test2_robustez_alpha,CIFAR10,0.1,54,5,2.0,8.4,200.0,1680.0,0.16443713612728228,0.10879100292732241,0.14744053218979664,0.298675614417137,0.3771898374251546,0.3935337979215635
test2_robustez_alpha,CIFAR10,0.1,55,5,1.3333333333333333,9.08843537414966,294.0,2672.0,0.09554918560984449,0.26571136577562254,0.3648838794916135,0.4755682954469702,0.7412796612225928,0.8404521749385837
test2_robustez_alpha,CIFAR10,0.1,56,5,2.0,4.429447852760736,326.0,1444.0,0.16665555629624684,0.11183564298864762,0.16236972094031388,0.2643601537675266,0.31214221076372595,0.35537549654497824
test2_robustez_alpha,CIFAR10,0.1,57,5,1.3333333333333333,52.095238095238095,42.0,2188.0,0.16443713612728228,0.16431829493511735,0.25506169810065243,0.3894715790409315,0.5537898739760488,0.6445332771415839
test2_robustez_alpha,CIFAR10,0.1,58,5,1.3333333333333333,2.8956228956228958,594.0,1720.0,0.16443713612728228,0.1434024517909709,0.2207606981492419,0.3062530554197591,0.42461549837326235,0.4813384330323767
test2_robustez_alpha,CIFAR10,0.1,59,5,2.0,5.923076923076923,260.0,1540.0,0.23554508688502507,0.09898401328731686,0.15679452995408683,0.27445446869028045,0.3405912912383999,0.3988133302593817
test2_robustez_alpha,CIFAR10,0.1,60,5,1.3333333333333333,6.582456140350877,285.0,1876.0,0.2377619269826492,0.1434634154924918,0.21983390928438445,0.3339555140768393,0.4520649068295295,0.5537894233612237
test2_robustez_alpha,CIFAR10,0.1,61,5,1.3333333333333333,3.804195804195804,429.0,1632.0,0.23554508688502507,0.11477930765732436,0.13106893396052474,0.2905870850184436,0.36527735397421923,0.380633564406754
test2_robustez_alpha,CIFAR10,0.1,62,5,1.3333333333333333,2.220183486238532,654.0,1452.0,0.16443713612728228,0.0703467637148607,0.14353990013190582,0.258344073596729,0.3239460545096774,0.4018839737286349
test2_robustez_alpha,CIFAR10,0.1,63,5,1.3333333333333333,13.724137931034482,174.0,2388.0,0.09332918536953949,0.19241946900261775,0.2236808600938616,0.4245144660237323,0.61693393502635,0.6481953261175939
test2_robustez_alpha,CIFAR10,0.1,64,5,2.0,32.8,70.0,2296.0,0.23332814826336756,0.16738790672355902,0.22898178346211903,0.4086353636585854,0.5760232703821444,0.6376171471207044
test2_robustez_alpha,CIFAR10,0.1,65,5,2.0,13.272727272727273,132.0,1752.0,0.23554508688502507,0.12684668968018836,0.19632278055862498,0.3116750366650371,0.3917212584788937,0.4256874869815413
test2_robustez_alpha,CIFAR10,0.1,66,5,2.0,10.833333333333334,168.0,1820.0,0.16665555629624684,0.11946269312734664,0.19932615178878066,0.3237339732906695,0.4419662281515278,0.49543759512067825
test2_robustez_alpha,CIFAR10,0.1,67,5,2.0,8.762589928057555,278.0,2436.0,0.09332918536953949,0.2530621694363421,0.3698123377683238,0.4331807475223323,0.6862429169586743,0.802993085290656
test2_robustez_alpha,CIFAR10,0.1,68,5,2.0,6.2706766917293235,266.0,1668.0,0.23332814826336756,0.1142925607022269,0.21057642005497432,0.29719339570231773,0.3976561710648873,0.4656558590593613
test2_robustez_alpha,CIFAR10,0.1,69,5,1.3333333333333333,39.42857142857143,63.0,2484.0,0.16443713612728228,0.2084748086015271,0.2956638581811895,0.44169148037864986,0.6501662889801769,0.7373553385598394
test2_robustez_alpha,CIFAR10,0.1,70,5,1.3333333333333333,3.3983739837398375,492.0,1672.0,0.16665555629624684,0.11146053101190084,0.21321495129268725,0.297335733173344,0.40879626418524484,0.5105506844660312
test2_robustez_alpha,CIFAR10,0.1,71,5,2.0,7.290322580645161,310.0,2260.0,0.16665555629624684,0.23294429085499418,0.32349024076615707,0.4022842921583006,0.6352285830132948,0.7257745329244576
test2_robustez_alpha,CIFAR10,0.01,42,5,2.0,14.061538461538461,130.0,1828.0,0.16221861736406273,0.12103857290423445,0.2124168826481748,0.3250149996666741,0.43660209119646193,0.5374318823148488
test2_robustez_alpha,CIFAR10,0.01,43,5,2.0,7.557142857142857,280.0,2116.0,0.23332814826336756,0.18755766865207216,0.31671756393283235,0.37643607919824,0.5639937478503122,0.6931536431310724
test2_robustez_alpha,CIFAR10,0.01,44,5,2.0,13.36986301369863,146.0,1952.0,0.16665555629624684,0.15437323666403488,0.22520507292507327,0.3472435170988601,0.469250865034018,0.5724485900239333
test2_robustez_alpha,CIFAR10,0.01,45,5,2.0,7.529411764705882,238.0,1792.0,0.16443713612728228,0.1552584144691368,0.2261083202892829,0.3186969468023643,0.41120990270236785,0.5154481381572921
test2_robustez_alpha,CIFAR10,0.01,46,4,2.0,10.042857142857143,280.0,2812.0,0.16000000000000458,0.19494734436230537,0.29803381788543987,0.5000222222222223,0.6949695665845276,0.7980560401076621
test2_robustez_alpha,CIFAR10,0.01,47,5,2.0,7.64625850340136,294.0,2248.0,0.16665555629624684,0.22908452078255226,0.3499559620713014,0.3999288936293136,0.6290134144118659,0.749884855700615
test2_robustez_alpha,CIFAR10,0.01,48,4,1.0,1.5434782608695652,828.0,1278.0,0.16221861736406273,0.09480209250543499,0.1212764983395777,0.30339325792760163,0.3531220320458151,0.3677535882114085
test2_robustez_alpha,CIFAR10,0.01,49,5,2.0,8.252252252252251,222.0,1832.0,0.16665555629624684,0.15001430325390755,0.22858270763465546,0.325889385152101,0.436717226482027,0.54809352277351
test2_robustez_alpha,CIFAR10,0.01,50,5,2.0,14.51063829787234,188.0,2728.0,0.23554508688502507,0.24825864679403456,0.3566077314583087,0.485578418736945,0.7338370655309796,0.8421861501952538
test2_robustez_alpha,CIFAR10,0.01,51,4,2.0,8.028571428571428,280.0,2248.0,0.16221861736406273,0.13373484103868793,0.2419907743821792,0.39999111130863757,0.5333521170008781,0.6419818856908168
test2_robustez_alpha,CIFAR10,0.01,52,4,2.0,7.971631205673759,282.0,2248.0,0.0911090864647468,0.14646094634335458,0.19567019959206317,0.39970222883935913,0.5107038357550188,0.5435331473404228
test2_robustez_alpha,CIFAR10,0.01,53,5,2.0,172.4,10.0,1724.0,0.23554508688502507,0.06957592562296218,0.11577103276946007,0.30698635616194836,0.34357555293496767,0.42275738893140846
test2_robustez_alpha,CIFAR10,0.01,54,5,2.0,13.11111111111111,144.0,1888.0,0.16443713612728228,0.15152303101923317,0.23001784139314305,0.336296164614906,0.4293134390755183,0.4700164727566638
test2_robustez_alpha,CIFAR10,0.01,55,5,2.0,2360.0,0.0,2360.0,0.16221861736406273,0.14157646072562727,0.180936126954465,0.41987955823203926,0.517991745530959,0.5470962866252126
test2_robustez_alpha,CIFAR10,0.01,56,5,1.5,4.784090909090909,264.0,1263.0,0.09554918560984449,0.10602077235098435,0.14053446929511781,0.29995778059240497,0.40597855294338936,0.4404922498875228
test2_robustez_alpha,CIFAR10,0.01,57,4,1.3333333333333333,2.6524317912218267,843.0,2236.0,0.0911090864647468,0.16918372468560458,0.2857800218337705,0.3976133863691918,0.5667971110547964,0.6833934082029622
test2_robustez_alpha,CIFAR10,0.01,58,5,1.5,4.510714285714286,280.0,1263.0,0.16443713612728228,0.10990546737541075,0.1471971858562753,0.29985333985156215,0.40652890848098605,0.440218435289007
test2_robustez_alpha,CIFAR10,0.01,59,5,2.0,67.63636363636364,33.0,2232.0,0.16665555629624684,0.14023658799822103,0.24495919301151142,0.39730684621025264,0.5335706698068613,0.6422660392217641
test2_robustez_alpha,CIFAR10,0.01,60,5,2.0,7.9,280.0,2212.0,0.23554508688502507,0.20851633497675753,0.3382378247928885,0.39382694102484334,0.6023432760016009,0.7320647658177318
test2_robustez_alpha,CIFAR10,0.01,61,5,2.0,557.0,4.0,2228.0,0.09554918560984449,0.16893242000053477,0.2852369658157298,0.3960847054640802,0.5650171254646149,0.68132167127981
test2_robustez_alpha,CIFAR10,0.01,62,5,2.0,382.6666666666667,6.0,2296.0,0.16443713612728228,0.1462656248099223,0.25689158884960256,0.40855961957246345,0.5548252443823857,0.6654512084220661
test2_robustez_alpha,CIFAR10,0.01,63,5,2.0,6.1571428571428575,280.0,1724.0,0.16443713612728228,0.1449713130413959,0.22102187228483983,0.30716412603884274,0.40413969417538,0.5115429145281188
test2_robustez_alpha,CIFAR10,0.01,64,5,1.5,4.510714285714286,280.0,1263.0,0.16443713612728228,0.10885039971408376,0.14848970320067373,0.2999866672592329,0.4088370669733166,0.4484763704599066
test2_robustez_alpha,CIFAR10,0.01,65,5,2.0,7.4714285714285715,280.0,2092.0,0.16443713612728228,0.1896514609218775,0.31340982635118164,0.3720056886360606,0.5616571495579381,0.6854155149872422
test2_robustez_alpha,CIFAR10,0.01,66,5,2.0,8.580152671755725,262.0,2248.0,0.16665555629624684,0.19373400097771562,0.2980580749229666,0.3999733351109926,0.5937073360887083,0.6980314100339593
test2_robustez_alpha,CIFAR10,0.01,67,5,2.0,10.014285714285714,280.0,2804.0,0.16665555629624684,0.28127548266893154,0.3885875238986032,0.49883341110592627,0.7801088937748577,0.8874209350045295
test2_robustez_alpha,CIFAR10,0.01,68,5,1.5,4.510714285714286,280.0,1263.0,0.16443713612728228,0.10887093355319838,0.14853613059940496,0.3000088884938447,0.4088798220470431,0.4485450190932497
test2_robustez_alpha,CIFAR10,0.01,69,5,2.0,2396.0,0.0,2396.0,0.16221861736406273,0.1627247675269715,0.26730825152637233,0.4260127552721051,0.5887375227990765,0.6933210067984773
test2_robustez_alpha,CIFAR10,0.01,70,5,2.0,6.142857142857143,280.0,1720.0,0.23332814826336756,0.11775485155491343,0.2327350570341746,0.3062154174351681,0.42397026899008156,0.5389504744693427
test2_robustez_alpha,CIFAR10,0.01,71,5,2.0,8.042857142857143,280.0,2252.0,0.16443713612728228,0.19414858204533952,0.30201605519351676,0.400693302519888,0.5809209539608853,0.7027093577134048
test1_convergencia,MNIST,0.5,42,5,1.3333333333333333,7.205387205387205,297.0,2140.0,0.1518462279174848,0.14850587514813884,0.16603210778306654,0.3175437946742713,0.39442466269162857,0.40994558532356423
test1_convergencia,MNIST,0.5,43,5,1.0,1.9622641509433962,1060.0,2080.0,0.1518462279174848,0.13363749892556726,0.15362522582709714,0.3085811636606052,0.4422186625861725,0.4622063894877023
test1_convergencia,MNIST,0.5,44,5,1.0,2.5901639344262297,732.0,1896.0,0.1518462279174848,0.0863379051691117,0.0995715962039152,0.28104514647605644,0.3673830516451681,0.37802264643479727
test1_convergencia,MNIST,0.5,45,5,1.3333333333333333,2.440677966101695,708.0,1728.0,0.15369516508342285,0.07005414232148793,0.09781269068747847,0.2560598485269337,0.3168761529383457,0.33505233851496175
test1_convergencia,MNIST,0.5,46,5,1.3333333333333333,3.236559139784946,744.0,2408.0,0.09258916336432055,0.17582026583902294,0.2124579557520147,0.35683863560608864,0.5315466986484038,0.5668583760120359
test1_convergencia,MNIST,0.5,47,5,1.25,5.461956521739131,552.0,3015.0,0.14999722227365675,0.18925612030718744,0.22422995711868907,0.35749337975222684,0.473194904351616,0.48859290480172496
test1_convergencia,MNIST,0.5,48,5,1.3333333333333333,4.826175869120655,489.0,2360.0,0.1518462279174848,0.16854562444682347,0.19022097365754312,0.3500981445131662,0.5186437689599896,0.5403191181707093
test1_convergencia,MNIST,0.5,49,5,1.0,2.690058479532164,684.0,1840.0,0.15369516508342285,0.08667785988375468,0.07685912244340617,0.27291076421680277,0.3438065447936191,0.33165929343893397
test1_convergencia,MNIST,0.5,50,5,1.0,2.097872340425532,940.0,1972.0,0.1518462279174848,0.13259232020559258,0.1626773614848882,0.2922299174104663,0.39345097062880735,0.4042926583252583
test1_convergencia,MNIST,0.5,51,5,1.0,4.5,480.0,2160.0,0.094439197822338,0.15609918516147692,0.16857295633123773,0.3202414680665889,0.4005172075646388,0.411031118086587
test1_convergencia,MNIST,0.5,52,5,1.0,2.25130890052356,764.0,1720.0,0.2092553841595568,0.07163488163228308,0.07826370637434328,0.2553471232014222,0.30816617201552393,0.3267151818485876
test1_convergencia,MNIST,0.5,53,5,1.3333333333333333,3.1012345679012348,810.0,2512.0,0.094439197822338,0.21019792473633556,0.26744602806954987,0.3722756143177231,0.5824735390540586,0.6397216423872729
test1_convergencia,MNIST,0.5,54,5,1.0,3.1284916201117317,716.0,2240.0,0.094439197822338,0.16793043369942665,0.18381216767701053,0.3321111790085736,0.4655698885364424,0.4890664593357149
test1_convergencia,MNIST,0.5,55,5,1.0,6.886075949367089,316.0,2176.0,0.15369516508342285,0.12016196691935677,0.12059064083033252,0.3224450493491102,0.4252066451061971,0.42366347903131146
test1_convergencia,MNIST,0.5,56,5,1.3333333333333333,5.805555555555555,432.0,2508.0,0.2092553841595568,0.18649087700595543,0.20304031850960536,0.37208570211662745,0.5585765791225829,0.5751260206262329
test1_convergencia,MNIST,0.5,57,5,1.3333333333333333,5.654501216545012,411.0,2324.0,0.21295113234449659,0.15578109694409725,0.16295542394237938,0.34475862452086,0.47717802566610246,0.5077140484632394
test1_convergencia,MNIST,0.5,58,5,1.0,1.8825910931174088,988.0,1860.0,0.15369516508342285,0.10118754712731634,0.11959996585701403,0.27559580023332036,0.3609328665739135,0.38260756205089513
test1_convergencia,MNIST,0.5,59,5,1.3333333333333333,4.909560723514212,387.0,1900.0,0.094439197822338,0.12322921634995716,0.1550629692248458,0.2817806418161954,0.3476983168266537,0.3707770280619238
test1_convergencia,MNIST,0.5,60,5,1.0,1.7172995780590716,948.0,1628.0,0.09258916336432055,0.05662887891265292,0.061544803303059385,0.2412318062293989,0.28313573422823357,0.29978591629118606
test1_convergencia,MNIST,0.5,61,5,1.0,2.0225225225225225,888.0,1796.0,0.15369516508342285,0.10047844114623344,0.11647401831797072,0.26628150287946967,0.32972598245051843,0.35315246505558356
test1_convergencia,MNIST,0.5,62,5,1.0,2.5209302325581397,860.0,2168.0,0.21295113234449659,0.14028101188857992,0.17970155593640347,0.32140806992204135,0.4616890818106213,0.5011096258584449
test1_convergencia,MNIST,0.5,63,5,1.0,1.4926470588235294,1088.0,1624.0,0.1518462279174848,0.05512989592335241,0.07086657497414546,0.2407688604125773,0.2847185635563656,0.2752935475179018
test1_convergencia,MNIST,0.5,64,5,1.0,2.0833333333333335,912.0,1900.0,0.1518462279174848,0.10677591708017622,0.10656650496814757,0.2819895559423725,0.3738069603038951,0.373971073385708
test1_convergencia,MNIST,0.5,65,5,1.0,1.6863468634686347,1084.0,1828.0,0.15369516508342285,0.10221035078151675,0.09379900153709995,0.27081828787289597,0.3507876238079755,0.3538249213276816
test1_convergencia,MNIST,0.5,66,5,1.0,2.807017543859649,684.0,1920.0,0.21295113234449659,0.11256727171891828,0.12272911525483088,0.284891580097402,0.3576950523743191,0.3688204670057238
test1_convergencia,MNIST,0.5,67,5,1.0,2.696132596685083,724.0,1952.0,0.1518462279174848,0.09717977359980964,0.1033266033822729,0.28945224250953666,0.3866320161093463,0.3927788458918096
test1_convergencia,MNIST,0.5,68,5,1.0,2.298076923076923,832.0,1912.0,0.1518462279174848,0.11704325339374895,0.1382350115491292,0.2835635717195659,0.36580476619769725,0.3538139714574703
test1_convergencia,MNIST,0.5,69,5,1.25,2.9265402843601898,844.0,2470.0,0.1518462279174848,0.1299924020938223,0.20038700680395127,0.29295211288470796,0.3935275824007606,0.49333911968865923
test1_convergencia,MNIST,0.5,70,5,1.3333333333333333,4.989583333333333,384.0,1916.0,0.1518462279174848,0.10873668226056782,0.14684437411976387,0.28423021369578905,0.34476140153879486,0.36958212457574113
test1_convergencia,MNIST,0.5,71,5,1.0,4.223684210526316,608.0,2568.0,0.09258916336432055,0.18835953620025997,0.2269402967828056,0.3804488722639902,0.5688084084642502,0.6073891690467959
test2_robustez_alpha,MNIST,0.01,42,5,2.0,13.731707317073171,164.0,2252.0,0.21295113234449659,0.1255040854229313,0.22550686727945338,0.3341295853934041,0.45935056437766975,0.5596364526728574
test2_robustez_alpha,MNIST,0.01,43,5,2.0,7.409638554216867,332.0,2460.0,0.1518462279174848,0.16981671671613516,0.3010302398778401,0.3648753749861116,0.5346920917022467,0.6659056148639517
test2_robustez_alpha,MNIST,0.01,44,5,2.0,13.651162790697674,172.0,2348.0,0.09258916336432055,0.15375666923893933,0.21819411912600725,0.3482093255805341,0.46541971712400126,0.5664034447065412
test2_robustez_alpha,MNIST,0.01,45,5,2.0,6.679245283018868,318.0,2124.0,0.1518462279174848,0.1569055407316946,0.23065942990131447,0.31485870893670603,0.4063045156736703,0.5124553959281981
test2_robustez_alpha,MNIST,0.01,46,5,2.0,3272.0,0.0,3272.0,0.0907390603877678,0.19162721536431818,0.3017079459911708,0.48480583692894574,0.6764330522932639,0.7865137829201165
test2_robustez_alpha,MNIST,0.01,47,5,2.0,6.822335025380711,394.0,2688.0,0.15369516508342285,0.23156923930359782,0.3549815895609796,0.39851489732051926,0.6300841366241171,0.7534964868814987
test2_robustez_alpha,MNIST,0.01,48,4,1.0,1.5343283582089553,1005.0,1542.0,0.14999722227365675,0.09285117006803673,0.11992385315189269,0.3047350974981945,0.3573490752438718,0.3725712199693894
test2_robustez_alpha,MNIST,0.01,49,5,2.0,8.259541984732824,262.0,2164.0,0.1518462279174848,0.1448486955484221,0.2293961129390463,0.3210251472167697,0.4297116089278969,0.5443309903499295
test2_robustez_alpha,MNIST,0.01,50,5,2.0,14.191304347826087,230.0,3264.0,0.15369516508342285,0.2501710108663969,0.35929405911944096,0.48376942021739533,0.7339404310837923,0.8430634793368362
test2_robustez_alpha,MNIST,0.01,51,4,2.0,8.168674698795181,332.0,2712.0,0.14999722227365675,0.13459723165297988,0.24229267467906712,0.4022888465028425,0.5368860781558225,0.6445815211819097
test2_robustez_alpha,MNIST,0.01,52,5,2.0,2680.0,0.0,2680.0,0.14999722227365675,0.14436204502370864,0.19826786133313556,0.39727042091813114,0.5106791503919296,0.5465700249543455
test2_robustez_alpha,MNIST,0.01,53,5,2.0,206.0,10.0,2060.0,0.15554403377527892,0.07023581741263174,0.12119458451185491,0.30564402636841714,0.3452875781869761,0.42683861088027203
test2_robustez_alpha,MNIST,0.01,54,5,2.0,15.205128205128204,156.0,2372.0,0.09258916336432055,0.1528962129289561,0.226546020008586,0.35143142846561237,0.46015482101850574,0.5007533821924224
test2_robustez_alpha,MNIST,0.01,55,4,2.0,8.731707317073171,328.0,2864.0,0.14999722227365675,0.14056285194294543,0.17829265488156767,0.4244551026832836,0.5257525909469994,0.5537756540816277
test2_robustez_alpha,MNIST,0.01,56,5,1.5,4.142045454545454,352.0,1458.0,0.09258916336432055,0.09456928624077132,0.12973195649110136,0.28819302988778195,0.38276231612855327,0.41792498637888326
test2_robustez_alpha,MNIST,0.01,57,4,1.3333333333333333,2.9174503657262276,957.0,2792.0,0.1481481481481528,0.18568815334022917,0.29771128396902014,0.4141666666666667,0.5998548200068958,0.7118779506356868
test2_robustez_alpha,MNIST,0.01,58,5,1.5,4.662650602409639,332.0,1548.0,0.094439197822338,0.11540805529203445,0.15223760003145148,0.30577930855693203,0.42025836047358583,0.4529693145738668
test2_robustez_alpha,MNIST,0.01,59,5,2.0,70.35897435897436,39.0,2744.0,0.15369516508342285,0.14604261051104886,0.2528795592212941,0.40684776771660836,0.5528124152168618,0.6597273269379024
test2_robustez_alpha,MNIST,0.01,60,5,2.0,8.0,328.0,2624.0,0.1518462279174848,0.2005298858252047,0.3311376061778236,0.38874486130143326,0.589274747126638,0.7198824674792569
test2_robustez_alpha,MNIST,0.01,61,5,2.0,686.0,4.0,2744.0,0.14999722227365675,0.17983998630985276,0.29322526467002363,0.4066961722931057,0.5865361586029585,0.6999214369631294
test2_robustez_alpha,MNIST,0.01,62,5,2.0,463.3333333333333,6.0,2780.0,0.21110329247064907,0.1487683351520877,0.2579660984180321,0.41211436613458763,0.5608827012866753,0.6700804645526196
test2_robustez_alpha,MNIST,0.01,63,5,2.0,5.965909090909091,352.0,2100.0,0.21110329247064907,0.15276297745359665,0.2283795629137409,0.31163660605162774,0.4162676064699201,0.5249908894568021
test2_robustez_alpha,MNIST,0.01,64,5,1.5,4.5359281437125745,334.0,1515.0,0.1518462279174848,0.10804889253809025,0.1477107852218178,0.2995074256509018,0.4075563181889921,0.4472182108727196
test2_robustez_alpha,MNIST,0.01,65,5,2.0,7.604790419161676,334.0,2540.0,0.15369516508342285,0.19474176531094384,0.31727221380976356,0.37659018943392036,0.5713319547448642,0.6938624032436839
test2_robustez_alpha,MNIST,0.01,66,5,2.0,8.792207792207792,308.0,2708.0,0.1518462279174848,0.19104037200775262,0.2953243194992332,0.4014851301803637,0.5925255021881163,0.6968094496795969
test2_robustez_alpha,MNIST,0.01,67,5,2.0,10.036363636363637,330.0,3312.0,0.1518462279174848,0.27485166503306885,0.38660975992717517,0.49087070849227804,0.7657223735253469,0.8774804684194533
test2_robustez_alpha,MNIST,0.01,68,5,1.5,4.5823170731707314,328.0,1503.0,0.21110329247064907,0.10403641210432982,0.1430650050871758,0.29717417873412094,0.40121059083845073,0.4402391838212968
test2_robustez_alpha,MNIST,0.01,69,4,1.3333333333333333,4.207792207792208,693.0,2916.0,0.0888888888888939,0.17390274321429922,0.27784479015206487,0.43222222222222223,0.6061249654365214,0.7100670123742872
test2_robustez_alpha,MNIST,0.01,70,5,2.0,6.204819277108434,332.0,2060.0,0.09258916336432055,0.11589231760032906,0.23101952969213965,0.30548868560423686,0.4213810032045659,0.5365082152963765
test2_robustez_alpha,MNIST,0.01,71,5,2.0,7.903030303030303,330.0,2608.0,0.15369516508342285,0.19256687934694397,0.2917318882649866,0.3864414939910746,0.5520770443252535,0.6781733822560612
test8_femnist,FEMNIST,,42,10,1.25,3.75,16.0,60.0,8.184383819379114,0.2228223211557244,0.2774654535786039,0.18062088428974601,0.2935031847133758,0.3178315152212881
test8_femnist,FEMNIST,,43,10,1.25,3.75,16.0,60.0,8.184383819379114,0.2228223211557244,0.277387453429686,0.18062088428974601,0.2935031847133758,0.31855610651774663
test8_femnist,FEMNIST,,44,10,1.25,3.75,16.0,60.0,8.184383819379114,0.2228223211557244,0.2760799151419668,0.18062088428974601,0.2935031847133758,0.31794719498016716
test8_femnist,FEMNIST,,45,10,1.25,3.75,16.0,60.0,8.184383819379114,0.2228223211557244,0.2759935240207648,0.18062088428974601,0.2935031847133758,0.3179342628204728
test8_femnist,FEMNIST,,46,10,1.25,3.75,16.0,60.0,8.184383819379114,0.2228223211557244,0.2772234027765781,0.18062088428974601,0.2935031847133758,0.31898763161221083
test8_femnist,FEMNIST,,47,10,1.25,3.75,16.0,60.0,8.184383819379114,0.2228223211557244,0.2773918686539408,0.18062088428974601,0.2935031847133758,0.3192925646441681
test8_femnist,FEMNIST,,48,10,1.25,3.75,16.0,60.0,8.184383819379114,0.2228223211557244,0.2770301637853392,0.18062088428974601,0.2935031847133758,0.3166029734219644
test8_femnist,FEMNIST,,49,10,1.25,3.75,16.0,60.0,8.184383819379114,0.2228223211557244,0.27706820026631845,0.18062088428974601,0.2935031847133758,0.31880560719129525
test8_femnist,FEMNIST,,50,10,1.25,3.75,16.0,60.0,8.184383819379114,0.2228223211557244,0.27689367154904126,0.18062088428974601,0.2935031847133758,0.3190420057407619
test8_femnist,FEMNIST,,51,10,1.25,3.75,16.0,60.0,8.184383819379114,0.2228223211557244,0.2775955344740612,0.18062088428974601,0.2935031847133758,0.3199714576742584
test8_femnist,FEMNIST,,52,10,1.25,3.75,16.0,60.0,8.184383819379114,0.2228223211557244,0.27589318030495097,0.18062088428974601,0.2935031847133758,0.31806225386278125
test8_femnist,FEMNIST,,53,10,1.25,3.75,16.0,60.0,8.184383819379114,0.2228223211557244,0.27691900116721374,0.18062088428974601,0.2935031847133758,0.31790593880750656
test8_femnist,FEMNIST,,54,10,1.25,3.75,16.0,60.0,8.184383819379114,0.2228223211557244,0.2766544332759598,0.18062088428974601,0.2935031847133758,0.3176834940344093
test8_femnist,FEMNIST,,55,10,1.25,3.75,16.0,60.0,8.184383819379114,0.2228223211557244,0.27666435943581724,0.18062088428974601,0.2935031847133758,0.316627091785448
test8_femnist,FEMNIST,,56,10,1.25,3.75,16.0,60.0,8.184383819379114,0.2228223211557244,0.27646945229748443,0.18062088428974601,0.2935031847133758,0.3168538964346805
test8_femnist,FEMNIST,,57,10,1.25,3.75,16.0,60.0,8.184383819379114,0.2228223211557244,0.2771368561123644,0.18062088428974601,0.2935031847133758,0.31855793967565504
test8_femnist,FEMNIST,,58,10,1.25,3.75,16.0,60.0,8.184383819379114,0.2228223211557244,0.27622884690973293,0.18062088428974601,0.2935031847133758,0.3186050929275909
test8_femnist,FEMNIST,,59,10,1.25,3.75,16.0,60.0,8.184383819379114,0.2228223211557244,0.2770118145958938,0.18062088428974601,0.2935031847133758,0.31830088239183285
test8_femnist,FEMNIST,,60,10,1.25,3.75,16.0,60.0,8.184383819379114,0.2228223211557244,0.2761740929223594,0.18062088428974601,0.2935031847133758,0.3192237636503313
test8_femnist,FEMNIST,,61,10,1.25,3.75,16.0,60.0,8.184383819379114,0.2228223211557244,0.27650778170306783,0.18062088428974601,0.2935031847133758,0.31812463587186574
test8_femnist,FEMNIST,,62,10,1.25,3.75,16.0,60.0,8.184383819379114,0.2228223211557244,0.2772625716182116,0.18062088428974601,0.2935031847133758,0.3178869454118646
test8_femnist,FEMNIST,,63,10,1.25,3.75,16.0,60.0,8.184383819379114,0.2228223211557244,0.2761591671271467,0.18062088428974601,0.2935031847133758,0.317363761974728
test8_femnist,FEMNIST,,64,10,1.25,3.75,16.0,60.0,8.184383819379114,0.2228223211557244,0.2769659010884051,0.18062088428974601,0.2935031847133758,0.316385429516257
test8_femnist,FEMNIST,,65,10,1.25,3.75,16.0,60.0,8.184383819379114,0.2228223211557244,0.2760546889330976,0.18062088428974601,0.2935031847133758,0.31840886258714685
test8_femnist,FEMNIST,,66,10,1.25,3.75,16.0,60.0,8.184383819379114,0.2228223211557244,0.2777489955904228,0.18062088428974601,0.2935031847133758,0.31898713704189985
test8_femnist,FEMNIST,,67,10,1.25,3.75,16.0,60.0,8.184383819379114,0.2228223211557244,0.27765678243492664,0.18062088428974601,0.2935031847133758,0.32019463244786384
test8_femnist,FEMNIST,,68,10,1.25,3.75,16.0,60.0,8.184383819379114,0.2228223211557244,0.27629577533774924,0.18062088428974601,0.2935031847133758,0.3185780881167733
test8_femnist,FEMNIST,,69,10,1.25,3.75,16.0,60.0,8.184383819379114,0.2228223211557244,0.27756875325625013,0.18062088428974601,0.2935031847133758,0.31739759689194813
test8_femnist,FEMNIST,,70,10,1.25,3.75,16.0,60.0,8.184383819379114,0.2228223211557244,0.2768450435637572,0.18062088428974601,0.2935031847133758,0.3186637880484955
test8_femnist,FEMNIST,,71,10,1.25,3.75,16.0,60.0,8.184383819379114,0.2228223211557244,0.27738227290118345,0.18062088428974601,0.2935031847133758,0.3180519998550677
