seed,E_cv,E_A1,E_A2,E_A3,steps_cv,steps_A1,steps_A2,steps_A3,chgE_A1,chgE_A2,chgE_A3,LRrel_A2_mean,LRrel_A2_max,chgLR_A2_gt1pct,LR_cv_min,LR_cv_max,LR_A3_min,LR_A3_max,steps_A1_pct,steps_A2_pct,steps_A3_pct
42,43,43,43,50,276,270,270,305,2,2,7,1.0643707392452606,5.059866110318767,2,0.007684293113619737,0.008240976337699185,0.008351394292085666,0.009246275883091239,-2.1739130434782594,-2.1739130434782594,10.507246376811597
43,43,43,43,50,276,270,270,305,2,2,7,1.0290384765270877,4.916518361611699,2,0.0076321675046613045,0.008268466609702381,0.008401386576973443,0.009319998880141043,-2.1739130434782594,-2.1739130434782594,10.507246376811597
44,43,43,43,50,276,271,271,305,2,2,7,0.9798103032340355,4.293707131524982,2,0.007708183761463238,0.008254882944811909,0.008601455759699454,0.00933809605014748,-1.8115942028985477,-1.8115942028985477,10.507246376811597
45,43,43,43,50,276,270,270,305,2,2,7,0.810046572245111,3.6042123759759015,2,0.007674705378643559,0.008234090130977366,0.008507522084215019,0.009294249388027956,-2.1739130434782594,-2.1739130434782594,10.507246376811597
46,43,43,43,50,276,276,276,305,0,0,7,0.2080170282127014,0.44145083634391513,0,0.0077077457093315625,0.008276088696935562,0.008491786778266926,0.009345856907084683,0.0,0.0,10.507246376811597
47,43,43,43,50,276,270,270,305,2,2,7,0.8656371585849966,4.241928675336282,2,0.007657569506683597,0.008293052763547361,0.008434078652393534,0.009279184338959722,-2.1739130434782594,-2.1739130434782594,10.507246376811597
48,43,43,43,50,276,276,276,305,0,0,7,0.43024216148825456,1.2123054363139207,1,0.007679320236654801,0.008215136335911984,0.008384685934110458,0.009176517164342878,0.0,0.0,10.507246376811597
49,43,43,43,50,276,270,270,305,2,2,7,1.023612322620795,4.7613852738359945,2,0.0076801283853279445,0.008281200673419347,0.008384614541737367,0.009279786512859808,-2.1739130434782594,-2.1739130434782594,10.507246376811597
50,43,43,43,50,276,270,270,305,2,2,7,1.0215633879872688,4.176727887791298,3,0.007693301283588769,0.008278130530521236,0.008434091902208006,0.00931000884371991,-2.1739130434782594,-2.1739130434782594,10.507246376811597
51,43,43,43,50,276,270,270,305,2,2,7,1.2715998881029689,4.318711018017652,3,0.00762309783167805,0.008319818969604554,0.008299769876235026,0.00938779791354021,-2.1739130434782594,-2.1739130434782594,10.507246376811597
52,43,43,43,50,276,270,270,305,2,2,7,0.9563540308480324,3.9574399049558395,2,0.0076834018530222556,0.008236053115745759,0.008505029881115954,0.0092946530488102,-2.1739130434782594,-2.1739130434782594,10.507246376811597
53,43,43,43,50,276,270,270,305,2,2,7,1.2078131581882012,4.671223893826704,3,0.0076639312412395515,0.008243941154746363,0.0084959887201005,0.009252224459145874,-2.1739130434782594,-2.1739130434782594,10.507246376811597
54,43,43,43,50,276,271,271,305,2,2,7,1.0270738234411114,3.90119061189228,2,0.007685447808202875,0.008226760694454624,0.008457038046617613,0.00922873959824112,-1.8115942028985477,-1.8115942028985477,10.507246376811597
55,43,43,43,50,276,270,270,305,2,2,7,1.1715617861279293,4.752999397618751,4,0.007611159003013781,0.008207455686698563,0.008362585921108188,0.009244100211415357,-2.1739130434782594,-2.1739130434782594,10.507246376811597
56,43,43,43,50,276,270,270,305,2,2,7,0.7478351414573847,3.6298527115922297,2,0.007651125365021042,0.008211397433060836,0.00828170139123554,0.009190433340125783,-2.1739130434782594,-2.1739130434782594,10.507246376811597
57,43,43,43,50,276,270,270,305,2,2,7,0.9855183883237306,4.64540564753797,2,0.007673223358226565,0.008279664490184802,0.008317892859493952,0.009254029977900233,-2.1739130434782594,-2.1739130434782594,10.507246376811597
58,43,43,43,50,276,270,270,305,2,2,7,1.0034840276856338,4.84947801403467,3,0.007651415302628782,0.008255883229274716,0.00825462107083392,0.009256321737428666,-2.1739130434782594,-2.1739130434782594,10.507246376811597
59,43,43,43,50,276,270,270,305,2,2,7,0.9541096249068093,4.233872552047647,2,0.007678310562996122,0.008252386324660162,0.008507194720626946,0.00925948848841574,-2.1739130434782594,-2.1739130434782594,10.507246376811597
60,43,43,43,50,276,270,270,305,2,2,7,0.7325290281996122,3.19552256262442,2,0.0076992826211814,0.008270493825302845,0.00855084778775345,0.009313984680071058,-2.1739130434782594,-2.1739130434782594,10.507246376811597
61,43,43,43,50,276,270,270,305,2,2,7,0.8992788439294196,3.9006725389798547,2,0.007651125365021042,0.008262911603804516,0.008417201140187404,0.009229306009226987,-2.1739130434782594,-2.1739130434782594,10.507246376811597
62,43,43,43,50,276,270,270,305,2,2,7,1.22295330415086,5.036663177157208,2,0.007639238238539991,0.008262911603804516,0.008306979398590346,0.009364218028734498,-2.1739130434782594,-2.1739130434782594,10.507246376811597
63,43,43,43,50,276,270,270,305,2,2,7,0.8105724695065274,3.982353435808994,2,0.007655113549830564,0.008229198296040267,0.008431026011291929,0.009264389977582695,-2.1739130434782594,-2.1739130434782594,10.507246376811597
64,43,43,43,50,276,270,270,305,2,2,7,1.1426439700381164,4.3643822860647274,2,0.007643187800980324,0.008204112463337843,0.008491190131098477,0.009229742122402998,-2.1739130434782594,-2.1739130434782594,10.507246376811597
65,43,43,43,50,276,271,271,305,2,2,7,0.9955635816072607,4.427610057466258,2,0.007710100582912128,0.008241469904784233,0.008398012545915564,0.009308826420367266,-1.8115942028985477,-1.8115942028985477,10.507246376811597
66,43,43,43,50,276,270,270,305,2,2,7,0.9802251534916573,4.600240354481477,2,0.0076274653516779185,0.00826492825329315,0.008427106180393067,0.00932184467780826,-2.1739130434782594,-2.1739130434782594,10.507246376811597
67,43,43,43,50,276,270,270,305,2,2,7,1.1040735762778875,4.681622585265566,3,0.0076801283853279445,0.008322480245168462,0.008465525035470977,0.009300072689977262,-2.1739130434782594,-2.1739130434782594,10.507246376811597
68,43,43,43,50,276,270,270,305,2,2,7,0.9935016027798971,4.176155979607488,2,0.007672903062726533,0.008256884451888973,0.008370656066911841,0.009273772088524208,-2.1739130434782594,-2.1739130434782594,10.507246376811597
69,43,43,43,50,276,270,270,305,2,2,7,1.0413608418574516,4.777677145679937,2,0.007653463262599913,0.008247907051107102,0.008251654987135992,0.009310341103463234,-2.1739130434782594,-2.1739130434782594,10.507246376811597
70,43,43,43,50,276,270,270,305,2,2,7,1.1080959288372083,3.889165280682727,2,0.007698381736078786,0.008293052763547361,0.00849785996742326,0.009314764279038636,-2.1739130434782594,-2.1739130434782594,10.507246376811597
71,43,43,43,50,276,270,270,305,2,2,7,1.0320877401585282,4.517754755239323,2,0.007689550076302329,0.00827201677854876,0.008519009461178608,0.00921522681128755,-2.1739130434782594,-2.1739130434782594,10.507246376811597
