Q,contrast,alpha,n_30,mean_pp_30,median_pp_30,ci_lo_30,ci_hi_30,W_30,p_raw_30,dz_30,wins_first_30,wins_second_30,ties_30,p_holm_F4_30,p_holm_split_30,n_excl,mean_pp_excl,median_pp_excl,ci_lo_excl,ci_hi_excl,W_excl,p_raw_excl,dz_excl,wins_first_excl,wins_second_excl,ties_excl,p_holm_F4_excl,p_holm_split_excl,decision_30,decision_excl,decision_split_30,decision_split_excl,raw_decision_30,raw_decision_excl
Q1,full_fedhad - fixed_matched,0.01,30,1.9496666666666667,1.805000000000001,1.2146583333333318,2.6926833333333318,45.0,0.00011494423500588612,0.9168408055295686,25,5,0,0.0012643865850647472,0.00022988847001177224,25,1.9728000000000008,1.9600000000000062,1.2472000000000008,2.7220200000000006,25.0,0.00021571181857068053,1.010103557174312,22,3,0,0.0023728300042774857,0.00043142363714136105,reject,reject,reject,reject,reject,reject
Q2,full_fedhad - permuted_allocation,0.01,30,0.8003333333333346,0.9599999999999997,0.3036666666666689,1.2926833333333339,99.0,0.006032335769928044,0.5620528978678139,21,9,0,0.054291021929352395,0.04825868615942435,25,0.9096000000000014,1.0099999999999998,0.36080000000000245,1.4488100000000022,55.5,0.003987235414668957,0.6449557130226418,19,6,0,0.03588511873202061,0.031897883317351654,n.s.,reject,reject,reject,reject,reject
Q3,epoch_only - fixed_matched,0.01,30,1.0116666666666663,1.250000000000001,0.1933083333333326,1.8263500000000004,132.0,0.03841841779649258,0.436919175733929,18,12,0,0.23051050677895546,0.23051050677895546,25,0.8716000000000003,1.3600000000000056,-0.029210000000000083,1.7436100000000003,100.0,0.09573346376419067,0.3809475731834071,15,10,0,0.4811750650405884,0.4811750650405884,n.s.,n.s.,n.s.,n.s.,reject,n.s.
Q4,lr_only_matched - fixed_matched,0.01,30,1.8119999999999996,1.385000000000003,1.0756583333333312,2.6020083333333344,46.0,3.453157842159271e-05,0.8434050447440381,23,7,0,0.00041437894105911255,0.0003453157842159271,25,2.1036,1.750000000000007,1.2647900000000003,2.9776200000000004,26.0,6.365776062011719e-05,0.9518236332443174,20,5,0,0.0007638931274414062,0.0006365776062011719,reject,reject,reject,reject,reject,reject
Q5a,full_fedhad - epoch_only,0.01,30,0.9380000000000004,0.714999999999999,0.1009500000000015,1.8400249999999996,151.0,0.09610157273709774,0.3784621729822048,18,12,0,0.4805078636854887,0.4805078636854887,25,1.1012000000000008,0.9099999999999997,0.14200000000000235,2.143299999999998,97.0,0.0801958441734314,0.42558280095324785,16,9,0,0.4811750650405884,0.4811750650405884,n.s.,n.s.,n.s.,n.s.,n.s.,n.s.
Q5b,full_fedhad - lr_only_matched,0.01,30,0.1376666666666668,-0.06999999999999784,-0.6476916666666674,0.9226749999999999,228.0,0.9262492536251324,0.06115664964270837,15,15,0,1.0,1.0,25,-0.13079999999999953,-0.27000000000000357,-0.9356299999999984,0.6756100000000023,148.5,0.7063736271460284,-0.06281032032550542,12,13,0,1.0,1.0,n.s.,n.s.,n.s.,n.s.,n.s.,n.s.
Q1,full_fedhad - fixed_matched,0.1,30,0.757666666666667,1.0049999999999948,0.15065833333333273,1.3159999999999998,112.5,0.013574463623869151,0.45652358309474494,22,8,0,0.09502124536708406,0.013574463623869151,30,0.757666666666667,1.0049999999999948,0.15065833333333273,1.3159999999999998,112.5,0.013574463623869151,0.45652358309474494,22,8,0,0.09502124536708406,0.013574463623869151,n.s.,n.s.,reject,reject,reject,reject
Q2,full_fedhad - permuted_allocation,0.1,30,0.302,0.3449999999999953,-0.22367499999999946,0.8276750000000025,184.0,0.3284698575735092,0.20290784998280822,18,12,0,0.9854095727205276,0.9854095727205276,30,0.302,0.3449999999999953,-0.22367499999999946,0.8276750000000025,184.0,0.3284698575735092,0.20290784998280822,18,12,0,0.9854095727205276,0.9854095727205276,n.s.,n.s.,n.s.,n.s.,n.s.,n.s.
Q3,epoch_only - fixed_matched,0.1,30,-0.42499999999999977,-0.22000000000000353,-1.0716749999999984,0.15733333333333266,173.0,0.22855282202363014,-0.24330952669840566,11,19,0,0.9142112880945206,0.9142112880945206,30,-0.42499999999999977,-0.22000000000000353,-1.0716749999999984,0.15733333333333266,173.0,0.22855282202363014,-0.24330952669840566,11,19,0,0.9142112880945206,0.9142112880945206,n.s.,n.s.,n.s.,n.s.,n.s.,n.s.
Q4,lr_only_matched - fixed_matched,0.1,30,0.7126666666666676,0.4049999999999998,0.24233333333333473,1.1980166666666674,108.0,0.010442365286734987,0.5248471507462312,20,10,0,0.0835389222938799,0.0730965570071449,30,0.7126666666666676,0.4049999999999998,0.24233333333333473,1.1980166666666674,108.0,0.010442365286734987,0.5248471507462312,20,10,0,0.0835389222938799,0.0730965570071449,n.s.,n.s.,n.s.,n.s.,reject,reject
Q5a,full_fedhad - epoch_only,0.1,30,1.1826666666666668,0.9949999999999959,0.6476583333333324,1.704333333333333,67.0,0.0003449581563472748,0.7777395015313465,25,5,0,0.003449581563472748,0.003104623407125473,30,1.1826666666666668,0.9949999999999959,0.6476583333333324,1.704333333333333,67.0,0.0003449581563472748,0.7777395015313465,25,5,0,0.003449581563472748,0.003104623407125473,reject,reject,reject,reject,reject,reject
Q5b,full_fedhad - lr_only_matched,0.1,30,0.044999999999999485,0.044999999999995044,-0.49000833333333477,0.5576749999999998,210.0,0.6554384250193834,0.0299136273226169,16,14,0,1.0,1.0,30,0.044999999999999485,0.044999999999995044,-0.49000833333333477,0.5576749999999998,210.0,0.6554384250193834,0.0299136273226169,16,14,0,1.0,1.0,n.s.,n.s.,n.s.,n.s.,n.s.,n.s.
