epochs_decay,lr_decay,seed,acc,TF,source,gpu,file
1.0,0.5,42,0.7999,402.318902016,original,1 x NVIDIA RTX A1000,results/main_campaign_default_alpha_0_5/FedHAD-results/test6_calibracao/CIFAR10-Standard/FedHAD__CIFAR10__Mode-STANDARD__Cfg-E1L1F1__Cal-ED1_0-LD0_5__Setup-5__Clients-5__Rounds-10__Delay-0_05__Alpha-0_5__Seed-42.txt
1.0,0.5,43,0.807,407.040254208,original,1 x NVIDIA RTX A1000,results/main_campaign_default_alpha_0_5/FedHAD-results/test6_calibracao/CIFAR10-Standard/FedHAD__CIFAR10__Mode-STANDARD__Cfg-E1L1F1__Cal-ED1_0-LD0_5__Setup-5__Clients-5__Rounds-10__Delay-0_05__Alpha-0_5__Seed-43.txt
1.0,0.5,44,0.7994,407.031209472,original,1 x NVIDIA RTX A1000,results/main_campaign_default_alpha_0_5/FedHAD-results/test6_calibracao/CIFAR10-Standard/FedHAD__CIFAR10__Mode-STANDARD__Cfg-E1L1F1__Cal-ED1_0-LD0_5__Setup-5__Clients-5__Rounds-10__Delay-0_05__Alpha-0_5__Seed-44.txt
1.0,0.5,45,0.7929,395.5407768576,original,1 x NVIDIA RTX A1000,results/main_campaign_default_alpha_0_5/FedHAD-results/test6_calibracao/CIFAR10-Standard/FedHAD__CIFAR10__Mode-STANDARD__Cfg-E1L1F1__Cal-ED1_0-LD0_5__Setup-5__Clients-5__Rounds-10__Delay-0_05__Alpha-0_5__Seed-45.txt
1.0,0.5,46,0.7966,395.1428084736,original,1 x NVIDIA RTX A1000,results/main_campaign_default_alpha_0_5/FedHAD-results/test6_calibracao/CIFAR10-Standard/FedHAD__CIFAR10__Mode-STANDARD__Cfg-E1L1F1__Cal-ED1_0-LD0_5__Setup-5__Clients-5__Rounds-10__Delay-0_05__Alpha-0_5__Seed-46.txt
1.0,0.5,47,0.8241,407.031209472,original,1 x NVIDIA RTX A1000,results/main_campaign_default_alpha_0_5/FedHAD-results/test6_calibracao/CIFAR10-Standard/FedHAD__CIFAR10__Mode-STANDARD__Cfg-E1L1F1__Cal-ED1_0-LD0_5__Setup-5__Clients-5__Rounds-10__Delay-0_05__Alpha-0_5__Seed-47.txt
1.0,0.5,48,0.7747,399.2780617728,original,1 x NVIDIA RTX A1000,results/main_campaign_default_alpha_0_5/FedHAD-results/test6_calibracao/CIFAR10-Standard/FedHAD__CIFAR10__Mode-STANDARD__Cfg-E1L1F1__Cal-ED1_0-LD0_5__Setup-5__Clients-5__Rounds-10__Delay-0_05__Alpha-0_5__Seed-48.txt
1.0,0.5,49,0.8121,407.031209472,original,1 x NVIDIA RTX A1000,results/main_campaign_default_alpha_0_5/FedHAD-results/test6_calibracao/CIFAR10-Standard/FedHAD__CIFAR10__Mode-STANDARD__Cfg-E1L1F1__Cal-ED1_0-LD0_5__Setup-5__Clients-5__Rounds-10__Delay-0_05__Alpha-0_5__Seed-49.txt
1.0,0.5,50,0.8121,407.031209472,original,1 x NVIDIA RTX A1000,results/main_campaign_default_alpha_0_5/FedHAD-results/test6_calibracao/CIFAR10-Standard/FedHAD__CIFAR10__Mode-STANDARD__Cfg-E1L1F1__Cal-ED1_0-LD0_5__Setup-5__Clients-5__Rounds-10__Delay-0_05__Alpha-0_5__Seed-50.txt
1.0,0.5,51,0.8019,407.031209472,original,1 x NVIDIA RTX A1000,results/main_campaign_default_alpha_0_5/FedHAD-results/test6_calibracao/CIFAR10-Standard/FedHAD__CIFAR10__Mode-STANDARD__Cfg-E1L1F1__Cal-ED1_0-LD0_5__Setup-5__Clients-5__Rounds-10__Delay-0_05__Alpha-0_5__Seed-51.txt
1.0,0.5,52,0.8104,407.031209472,original,1 x NVIDIA RTX A1000,results/main_campaign_default_alpha_0_5/FedHAD-results/test6_calibracao/CIFAR10-Standard/FedHAD__CIFAR10__Mode-STANDARD__Cfg-E1L1F1__Cal-ED1_0-LD0_5__Setup-5__Clients-5__Rounds-10__Delay-0_05__Alpha-0_5__Seed-52.txt
1.0,0.5,53,0.8254,394.7701653504,original,1 x NVIDIA RTX A1000,results/main_campaign_default_alpha_0_5/FedHAD-results/test6_calibracao/CIFAR10-Standard/FedHAD__CIFAR10__Mode-STANDARD__Cfg-E1L1F1__Cal-ED1_0-LD0_5__Setup-5__Clients-5__Rounds-10__Delay-0_05__Alpha-0_5__Seed-53.txt
1.0,0.5,54,0.8174,398.0425508352,re-execution,1 x NVIDIA A40,results/seed_reexecutions_corrupted_runs/reexecutions/FedHAD/test6_calibracao/CIFAR10-Standard/FedHAD__CIFAR10__Mode-STANDARD__Cfg-E1L1F1__Cal-ED1_0-LD0_5__Setup-5__Clients-5__Rounds-10__Delay-0_05__Alpha-0_5__Seed-54.txt
1.0,0.5,55,0.8168,407.031209472,original,1 x NVIDIA RTX A1000,results/main_campaign_default_alpha_0_5/FedHAD-results/test6_calibracao/CIFAR10-Standard/FedHAD__CIFAR10__Mode-STANDARD__Cfg-E1L1F1__Cal-ED1_0-LD0_5__Setup-5__Clients-5__Rounds-10__Delay-0_05__Alpha-0_5__Seed-55.txt
1.0,0.5,56,0.8056,400.0794253824,original,1 x NVIDIA RTX A1000,results/main_campaign_default_alpha_0_5/FedHAD-results/test6_calibracao/CIFAR10-Standard/FedHAD__CIFAR10__Mode-STANDARD__Cfg-E1L1F1__Cal-ED1_0-LD0_5__Setup-5__Clients-5__Rounds-10__Delay-0_05__Alpha-0_5__Seed-56.txt
1.0,0.5,57,0.7874,400.5443248128,original,1 x NVIDIA RTX A1000,results/main_campaign_default_alpha_0_5/FedHAD-results/test6_calibracao/CIFAR10-Standard/FedHAD__CIFAR10__Mode-STANDARD__Cfg-E1L1F1__Cal-ED1_0-LD0_5__Setup-5__Clients-5__Rounds-10__Delay-0_05__Alpha-0_5__Seed-57.txt
1.0,0.5,58,0.8269,407.031209472,original,1 x NVIDIA RTX A1000,results/main_campaign_default_alpha_0_5/FedHAD-results/test6_calibracao/CIFAR10-Standard/FedHAD__CIFAR10__Mode-STANDARD__Cfg-E1L1F1__Cal-ED1_0-LD0_5__Setup-5__Clients-5__Rounds-10__Delay-0_05__Alpha-0_5__Seed-58.txt
1.0,0.5,59,0.8097,400.699894272,original,1 x NVIDIA RTX A1000,results/main_campaign_default_alpha_0_5/FedHAD-results/test6_calibracao/CIFAR10-Standard/FedHAD__CIFAR10__Mode-STANDARD__Cfg-E1L1F1__Cal-ED1_0-LD0_5__Setup-5__Clients-5__Rounds-10__Delay-0_05__Alpha-0_5__Seed-59.txt
1.0,0.5,60,0.8149,407.031209472,original,1 x NVIDIA RTX A1000,results/main_campaign_default_alpha_0_5/FedHAD-results/test6_calibracao/CIFAR10-Standard/FedHAD__CIFAR10__Mode-STANDARD__Cfg-E1L1F1__Cal-ED1_0-LD0_5__Setup-5__Clients-5__Rounds-10__Delay-0_05__Alpha-0_5__Seed-60.txt
1.0,0.5,61,0.8059,407.031209472,original,1 x NVIDIA RTX A1000,results/main_campaign_default_alpha_0_5/FedHAD-results/test6_calibracao/CIFAR10-Standard/FedHAD__CIFAR10__Mode-STANDARD__Cfg-E1L1F1__Cal-ED1_0-LD0_5__Setup-5__Clients-5__Rounds-10__Delay-0_05__Alpha-0_5__Seed-61.txt
1.0,0.5,62,0.8073,407.031209472,original,1 x NVIDIA RTX A1000,results/main_campaign_default_alpha_0_5/FedHAD-results/test6_calibracao/CIFAR10-Standard/FedHAD__CIFAR10__Mode-STANDARD__Cfg-E1L1F1__Cal-ED1_0-LD0_5__Setup-5__Clients-5__Rounds-10__Delay-0_05__Alpha-0_5__Seed-62.txt
1.0,0.5,63,0.8117,407.031209472,original,1 x NVIDIA RTX A1000,results/main_campaign_default_alpha_0_5/FedHAD-results/test6_calibracao/CIFAR10-Standard/FedHAD__CIFAR10__Mode-STANDARD__Cfg-E1L1F1__Cal-ED1_0-LD0_5__Setup-5__Clients-5__Rounds-10__Delay-0_05__Alpha-0_5__Seed-63.txt
1.0,0.5,64,0.788,407.031209472,original,1 x NVIDIA RTX A1000,results/main_campaign_default_alpha_0_5/FedHAD-results/test6_calibracao/CIFAR10-Standard/FedHAD__CIFAR10__Mode-STANDARD__Cfg-E1L1F1__Cal-ED1_0-LD0_5__Setup-5__Clients-5__Rounds-10__Delay-0_05__Alpha-0_5__Seed-64.txt
1.0,0.5,65,0.8173,407.031209472,original,1 x NVIDIA RTX A1000,results/main_campaign_default_alpha_0_5/FedHAD-results/test6_calibracao/CIFAR10-Standard/FedHAD__CIFAR10__Mode-STANDARD__Cfg-E1L1F1__Cal-ED1_0-LD0_5__Setup-5__Clients-5__Rounds-10__Delay-0_05__Alpha-0_5__Seed-65.txt
1.0,0.5,66,0.8116,407.031209472,original,1 x NVIDIA RTX A1000,results/main_campaign_default_alpha_0_5/FedHAD-results/test6_calibracao/CIFAR10-Standard/FedHAD__CIFAR10__Mode-STANDARD__Cfg-E1L1F1__Cal-ED1_0-LD0_5__Setup-5__Clients-5__Rounds-10__Delay-0_05__Alpha-0_5__Seed-66.txt
1.0,0.5,67,0.8029,407.031209472,original,1 x NVIDIA RTX A1000,results/main_campaign_default_alpha_0_5/FedHAD-results/test6_calibracao/CIFAR10-Standard/FedHAD__CIFAR10__Mode-STANDARD__Cfg-E1L1F1__Cal-ED1_0-LD0_5__Setup-5__Clients-5__Rounds-10__Delay-0_05__Alpha-0_5__Seed-67.txt
1.0,0.5,68,0.7997,407.031209472,original,1 x NVIDIA RTX A1000,results/main_campaign_default_alpha_0_5/FedHAD-results/test6_calibracao/CIFAR10-Standard/FedHAD__CIFAR10__Mode-STANDARD__Cfg-E1L1F1__Cal-ED1_0-LD0_5__Setup-5__Clients-5__Rounds-10__Delay-0_05__Alpha-0_5__Seed-68.txt
1.0,0.5,69,0.8085,407.040254208,original,1 x NVIDIA RTX A1000,results/main_campaign_default_alpha_0_5/FedHAD-results/test6_calibracao/CIFAR10-Standard/FedHAD__CIFAR10__Mode-STANDARD__Cfg-E1L1F1__Cal-ED1_0-LD0_5__Setup-5__Clients-5__Rounds-10__Delay-0_05__Alpha-0_5__Seed-69.txt
1.0,0.5,70,0.7798,393.4387802112,original,1 x NVIDIA RTX A1000,results/main_campaign_default_alpha_0_5/FedHAD-results/test6_calibracao/CIFAR10-Standard/FedHAD__CIFAR10__Mode-STANDARD__Cfg-E1L1F1__Cal-ED1_0-LD0_5__Setup-5__Clients-5__Rounds-10__Delay-0_05__Alpha-0_5__Seed-70.txt
1.0,0.5,71,0.7983,407.031209472,original,1 x NVIDIA RTX A1000,results/main_campaign_default_alpha_0_5/FedHAD-results/test6_calibracao/CIFAR10-Standard/FedHAD__CIFAR10__Mode-STANDARD__Cfg-E1L1F1__Cal-ED1_0-LD0_5__Setup-5__Clients-5__Rounds-10__Delay-0_05__Alpha-0_5__Seed-71.txt
1.0,3.0,42,0.7939,402.318902016,original,1 x NVIDIA RTX A1000,results/main_campaign_default_alpha_0_5/FedHAD-results/test6_calibracao/CIFAR10-Standard/FedHAD__CIFAR10__Mode-STANDARD__Cfg-E1L1F1__Cal-ED1_0-LD3_0__Setup-5__Clients-5__Rounds-10__Delay-0_05__Alpha-0_5__Seed-42.txt
1.0,3.0,43,0.7998,407.040254208,original,1 x NVIDIA RTX A1000,results/main_campaign_default_alpha_0_5/FedHAD-results/test6_calibracao/CIFAR10-Standard/FedHAD__CIFAR10__Mode-STANDARD__Cfg-E1L1F1__Cal-ED1_0-LD3_0__Setup-5__Clients-5__Rounds-10__Delay-0_05__Alpha-0_5__Seed-43.txt
1.0,3.0,44,0.8015,407.031209472,original,1 x NVIDIA RTX A1000,results/main_campaign_default_alpha_0_5/FedHAD-results/test6_calibracao/CIFAR10-Standard/FedHAD__CIFAR10__Mode-STANDARD__Cfg-E1L1F1__Cal-ED1_0-LD3_0__Setup-5__Clients-5__Rounds-10__Delay-0_05__Alpha-0_5__Seed-44.txt
1.0,3.0,45,0.7946,395.5407768576,original,1 x NVIDIA RTX A1000,results/main_campaign_default_alpha_0_5/FedHAD-results/test6_calibracao/CIFAR10-Standard/FedHAD__CIFAR10__Mode-STANDARD__Cfg-E1L1F1__Cal-ED1_0-LD3_0__Setup-5__Clients-5__Rounds-10__Delay-0_05__Alpha-0_5__Seed-45.txt
1.0,3.0,46,0.8005,395.1428084736,original,1 x NVIDIA RTX A1000,results/main_campaign_default_alpha_0_5/FedHAD-results/test6_calibracao/CIFAR10-Standard/FedHAD__CIFAR10__Mode-STANDARD__Cfg-E1L1F1__Cal-ED1_0-LD3_0__Setup-5__Clients-5__Rounds-10__Delay-0_05__Alpha-0_5__Seed-46.txt
1.0,3.0,47,0.8342,407.031209472,original,1 x NVIDIA RTX A1000,results/main_campaign_default_alpha_0_5/FedHAD-results/test6_calibracao/CIFAR10-Standard/FedHAD__CIFAR10__Mode-STANDARD__Cfg-E1L1F1__Cal-ED1_0-LD3_0__Setup-5__Clients-5__Rounds-10__Delay-0_05__Alpha-0_5__Seed-47.txt
1.0,3.0,48,0.7794,399.2780617728,original,1 x NVIDIA RTX A1000,results/main_campaign_default_alpha_0_5/FedHAD-results/test6_calibracao/CIFAR10-Standard/FedHAD__CIFAR10__Mode-STANDARD__Cfg-E1L1F1__Cal-ED1_0-LD3_0__Setup-5__Clients-5__Rounds-10__Delay-0_05__Alpha-0_5__Seed-48.txt
1.0,3.0,49,0.8062,407.031209472,original,1 x NVIDIA RTX A1000,results/main_campaign_default_alpha_0_5/FedHAD-results/test6_calibracao/CIFAR10-Standard/FedHAD__CIFAR10__Mode-STANDARD__Cfg-E1L1F1__Cal-ED1_0-LD3_0__Setup-5__Clients-5__Rounds-10__Delay-0_05__Alpha-0_5__Seed-49.txt
1.0,3.0,50,0.8042,407.031209472,original,1 x NVIDIA RTX A1000,results/main_campaign_default_alpha_0_5/FedHAD-results/test6_calibracao/CIFAR10-Standard/FedHAD__CIFAR10__Mode-STANDARD__Cfg-E1L1F1__Cal-ED1_0-LD3_0__Setup-5__Clients-5__Rounds-10__Delay-0_05__Alpha-0_5__Seed-50.txt
1.0,3.0,51,0.7899,407.031209472,original,1 x NVIDIA RTX A1000,results/main_campaign_default_alpha_0_5/FedHAD-results/test6_calibracao/CIFAR10-Standard/FedHAD__CIFAR10__Mode-STANDARD__Cfg-E1L1F1__Cal-ED1_0-LD3_0__Setup-5__Clients-5__Rounds-10__Delay-0_05__Alpha-0_5__Seed-51.txt
1.0,3.0,52,0.8085,407.031209472,original,1 x NVIDIA RTX A1000,results/main_campaign_default_alpha_0_5/FedHAD-results/test6_calibracao/CIFAR10-Standard/FedHAD__CIFAR10__Mode-STANDARD__Cfg-E1L1F1__Cal-ED1_0-LD3_0__Setup-5__Clients-5__Rounds-10__Delay-0_05__Alpha-0_5__Seed-52.txt
1.0,3.0,53,0.8114,394.7701653504,original,1 x NVIDIA RTX A1000,results/main_campaign_default_alpha_0_5/FedHAD-results/test6_calibracao/CIFAR10-Standard/FedHAD__CIFAR10__Mode-STANDARD__Cfg-E1L1F1__Cal-ED1_0-LD3_0__Setup-5__Clients-5__Rounds-10__Delay-0_05__Alpha-0_5__Seed-53.txt
1.0,3.0,54,0.8141,398.0425508352,original,1 x NVIDIA RTX A1000,results/main_campaign_default_alpha_0_5/FedHAD-results/test6_calibracao/CIFAR10-Standard/FedHAD__CIFAR10__Mode-STANDARD__Cfg-E1L1F1__Cal-ED1_0-LD3_0__Setup-5__Clients-5__Rounds-10__Delay-0_05__Alpha-0_5__Seed-54.txt
1.0,3.0,55,0.8083,407.031209472,original,1 x NVIDIA RTX A1000,results/main_campaign_default_alpha_0_5/FedHAD-results/test6_calibracao/CIFAR10-Standard/FedHAD__CIFAR10__Mode-STANDARD__Cfg-E1L1F1__Cal-ED1_0-LD3_0__Setup-5__Clients-5__Rounds-10__Delay-0_05__Alpha-0_5__Seed-55.txt
1.0,3.0,56,0.8117,400.0794253824,original,1 x NVIDIA RTX A1000,results/main_campaign_default_alpha_0_5/FedHAD-results/test6_calibracao/CIFAR10-Standard/FedHAD__CIFAR10__Mode-STANDARD__Cfg-E1L1F1__Cal-ED1_0-LD3_0__Setup-5__Clients-5__Rounds-10__Delay-0_05__Alpha-0_5__Seed-56.txt
1.0,3.0,57,0.7827,400.5443248128,original,1 x NVIDIA RTX A1000,results/main_campaign_default_alpha_0_5/FedHAD-results/test6_calibracao/CIFAR10-Standard/FedHAD__CIFAR10__Mode-STANDARD__Cfg-E1L1F1__Cal-ED1_0-LD3_0__Setup-5__Clients-5__Rounds-10__Delay-0_05__Alpha-0_5__Seed-57.txt
1.0,3.0,58,0.8148,407.031209472,original,1 x NVIDIA RTX A1000,results/main_campaign_default_alpha_0_5/FedHAD-results/test6_calibracao/CIFAR10-Standard/FedHAD__CIFAR10__Mode-STANDARD__Cfg-E1L1F1__Cal-ED1_0-LD3_0__Setup-5__Clients-5__Rounds-10__Delay-0_05__Alpha-0_5__Seed-58.txt
1.0,3.0,59,0.8015,400.699894272,original,1 x NVIDIA RTX A1000,results/main_campaign_default_alpha_0_5/FedHAD-results/test6_calibracao/CIFAR10-Standard/FedHAD__CIFAR10__Mode-STANDARD__Cfg-E1L1F1__Cal-ED1_0-LD3_0__Setup-5__Clients-5__Rounds-10__Delay-0_05__Alpha-0_5__Seed-59.txt
1.0,3.0,60,0.811,407.031209472,original,1 x NVIDIA RTX A1000,results/main_campaign_default_alpha_0_5/FedHAD-results/test6_calibracao/CIFAR10-Standard/FedHAD__CIFAR10__Mode-STANDARD__Cfg-E1L1F1__Cal-ED1_0-LD3_0__Setup-5__Clients-5__Rounds-10__Delay-0_05__Alpha-0_5__Seed-60.txt
1.0,3.0,61,0.807,407.031209472,original,1 x NVIDIA RTX A1000,results/main_campaign_default_alpha_0_5/FedHAD-results/test6_calibracao/CIFAR10-Standard/FedHAD__CIFAR10__Mode-STANDARD__Cfg-E1L1F1__Cal-ED1_0-LD3_0__Setup-5__Clients-5__Rounds-10__Delay-0_05__Alpha-0_5__Seed-61.txt
1.0,3.0,62,0.8196,407.031209472,original,1 x NVIDIA RTX A1000,results/main_campaign_default_alpha_0_5/FedHAD-results/test6_calibracao/CIFAR10-Standard/FedHAD__CIFAR10__Mode-STANDARD__Cfg-E1L1F1__Cal-ED1_0-LD3_0__Setup-5__Clients-5__Rounds-10__Delay-0_05__Alpha-0_5__Seed-62.txt
1.0,3.0,63,0.8071,407.031209472,original,1 x NVIDIA RTX A1000,results/main_campaign_default_alpha_0_5/FedHAD-results/test6_calibracao/CIFAR10-Standard/FedHAD__CIFAR10__Mode-STANDARD__Cfg-E1L1F1__Cal-ED1_0-LD3_0__Setup-5__Clients-5__Rounds-10__Delay-0_05__Alpha-0_5__Seed-63.txt
1.0,3.0,64,0.792,407.031209472,original,1 x NVIDIA RTX A1000,results/main_campaign_default_alpha_0_5/FedHAD-results/test6_calibracao/CIFAR10-Standard/FedHAD__CIFAR10__Mode-STANDARD__Cfg-E1L1F1__Cal-ED1_0-LD3_0__Setup-5__Clients-5__Rounds-10__Delay-0_05__Alpha-0_5__Seed-64.txt
1.0,3.0,65,0.8023,407.031209472,original,1 x NVIDIA RTX A1000,results/main_campaign_default_alpha_0_5/FedHAD-results/test6_calibracao/CIFAR10-Standard/FedHAD__CIFAR10__Mode-STANDARD__Cfg-E1L1F1__Cal-ED1_0-LD3_0__Setup-5__Clients-5__Rounds-10__Delay-0_05__Alpha-0_5__Seed-65.txt
1.0,3.0,66,0.8222,407.031209472,original,1 x NVIDIA RTX A1000,results/main_campaign_default_alpha_0_5/FedHAD-results/test6_calibracao/CIFAR10-Standard/FedHAD__CIFAR10__Mode-STANDARD__Cfg-E1L1F1__Cal-ED1_0-LD3_0__Setup-5__Clients-5__Rounds-10__Delay-0_05__Alpha-0_5__Seed-66.txt
1.0,3.0,67,0.7981,407.031209472,original,1 x NVIDIA RTX A1000,results/main_campaign_default_alpha_0_5/FedHAD-results/test6_calibracao/CIFAR10-Standard/FedHAD__CIFAR10__Mode-STANDARD__Cfg-E1L1F1__Cal-ED1_0-LD3_0__Setup-5__Clients-5__Rounds-10__Delay-0_05__Alpha-0_5__Seed-67.txt
1.0,3.0,68,0.7825,407.031209472,original,1 x NVIDIA RTX A1000,results/main_campaign_default_alpha_0_5/FedHAD-results/test6_calibracao/CIFAR10-Standard/FedHAD__CIFAR10__Mode-STANDARD__Cfg-E1L1F1__Cal-ED1_0-LD3_0__Setup-5__Clients-5__Rounds-10__Delay-0_05__Alpha-0_5__Seed-68.txt
1.0,3.0,69,0.8047,407.040254208,original,1 x NVIDIA RTX A1000,results/main_campaign_default_alpha_0_5/FedHAD-results/test6_calibracao/CIFAR10-Standard/FedHAD__CIFAR10__Mode-STANDARD__Cfg-E1L1F1__Cal-ED1_0-LD3_0__Setup-5__Clients-5__Rounds-10__Delay-0_05__Alpha-0_5__Seed-69.txt
1.0,3.0,70,0.7755,393.4387802112,original,1 x NVIDIA RTX A1000,results/main_campaign_default_alpha_0_5/FedHAD-results/test6_calibracao/CIFAR10-Standard/FedHAD__CIFAR10__Mode-STANDARD__Cfg-E1L1F1__Cal-ED1_0-LD3_0__Setup-5__Clients-5__Rounds-10__Delay-0_05__Alpha-0_5__Seed-70.txt
1.0,3.0,71,0.8078,407.031209472,original,1 x NVIDIA RTX A1000,results/main_campaign_default_alpha_0_5/FedHAD-results/test6_calibracao/CIFAR10-Standard/FedHAD__CIFAR10__Mode-STANDARD__Cfg-E1L1F1__Cal-ED1_0-LD3_0__Setup-5__Clients-5__Rounds-10__Delay-0_05__Alpha-0_5__Seed-71.txt
1.0,1.5,42,0.7927,402.318902016,original,1 x NVIDIA RTX A1000,results/main_campaign_default_alpha_0_5/FedHAD-results/test6_calibracao/CIFAR10-Standard/FedHAD__CIFAR10__Mode-STANDARD__Cfg-E1L1F1__Cal-ED1_0__Setup-5__Clients-5__Rounds-10__Delay-0_05__Alpha-0_5__Seed-42.txt
1.0,1.5,43,0.7986,407.040254208,original,1 x NVIDIA RTX A1000,results/main_campaign_default_alpha_0_5/FedHAD-results/test6_calibracao/CIFAR10-Standard/FedHAD__CIFAR10__Mode-STANDARD__Cfg-E1L1F1__Cal-ED1_0__Setup-5__Clients-5__Rounds-10__Delay-0_05__Alpha-0_5__Seed-43.txt
1.0,1.5,44,0.788,407.031209472,original,1 x NVIDIA RTX A1000,results/main_campaign_default_alpha_0_5/FedHAD-results/test6_calibracao/CIFAR10-Standard/FedHAD__CIFAR10__Mode-STANDARD__Cfg-E1L1F1__Cal-ED1_0__Setup-5__Clients-5__Rounds-10__Delay-0_05__Alpha-0_5__Seed-44.txt
1.0,1.5,45,0.7956,395.5407768576,original,1 x NVIDIA RTX A1000,results/main_campaign_default_alpha_0_5/FedHAD-results/test6_calibracao/CIFAR10-Standard/FedHAD__CIFAR10__Mode-STANDARD__Cfg-E1L1F1__Cal-ED1_0__Setup-5__Clients-5__Rounds-10__Delay-0_05__Alpha-0_5__Seed-45.txt
1.0,1.5,46,0.7985,395.1428084736,original,1 x NVIDIA RTX A1000,results/main_campaign_default_alpha_0_5/FedHAD-results/test6_calibracao/CIFAR10-Standard/FedHAD__CIFAR10__Mode-STANDARD__Cfg-E1L1F1__Cal-ED1_0__Setup-5__Clients-5__Rounds-10__Delay-0_05__Alpha-0_5__Seed-46.txt
1.0,1.5,47,0.8361,407.031209472,original,1 x NVIDIA RTX A1000,results/main_campaign_default_alpha_0_5/FedHAD-results/test6_calibracao/CIFAR10-Standard/FedHAD__CIFAR10__Mode-STANDARD__Cfg-E1L1F1__Cal-ED1_0__Setup-5__Clients-5__Rounds-10__Delay-0_05__Alpha-0_5__Seed-47.txt
1.0,1.5,48,0.7813,399.2780617728,original,1 x NVIDIA RTX A1000,results/main_campaign_default_alpha_0_5/FedHAD-results/test6_calibracao/CIFAR10-Standard/FedHAD__CIFAR10__Mode-STANDARD__Cfg-E1L1F1__Cal-ED1_0__Setup-5__Clients-5__Rounds-10__Delay-0_05__Alpha-0_5__Seed-48.txt
1.0,1.5,49,0.8111,407.031209472,original,1 x NVIDIA RTX A1000,results/main_campaign_default_alpha_0_5/FedHAD-results/test6_calibracao/CIFAR10-Standard/FedHAD__CIFAR10__Mode-STANDARD__Cfg-E1L1F1__Cal-ED1_0__Setup-5__Clients-5__Rounds-10__Delay-0_05__Alpha-0_5__Seed-49.txt
1.0,1.5,50,0.8097,407.031209472,original,1 x NVIDIA RTX A1000,results/main_campaign_default_alpha_0_5/FedHAD-results/test6_calibracao/CIFAR10-Standard/FedHAD__CIFAR10__Mode-STANDARD__Cfg-E1L1F1__Cal-ED1_0__Setup-5__Clients-5__Rounds-10__Delay-0_05__Alpha-0_5__Seed-50.txt
1.0,1.5,51,0.803,407.031209472,original,1 x NVIDIA RTX A1000,results/main_campaign_default_alpha_0_5/FedHAD-results/test6_calibracao/CIFAR10-Standard/FedHAD__CIFAR10__Mode-STANDARD__Cfg-E1L1F1__Cal-ED1_0__Setup-5__Clients-5__Rounds-10__Delay-0_05__Alpha-0_5__Seed-51.txt
1.0,1.5,52,0.801,407.031209472,original,1 x NVIDIA RTX A1000,results/main_campaign_default_alpha_0_5/FedHAD-results/test6_calibracao/CIFAR10-Standard/FedHAD__CIFAR10__Mode-STANDARD__Cfg-E1L1F1__Cal-ED1_0__Setup-5__Clients-5__Rounds-10__Delay-0_05__Alpha-0_5__Seed-52.txt
1.0,1.5,53,0.8214,394.7701653504,original,1 x NVIDIA RTX A1000,results/main_campaign_default_alpha_0_5/FedHAD-results/test6_calibracao/CIFAR10-Standard/FedHAD__CIFAR10__Mode-STANDARD__Cfg-E1L1F1__Cal-ED1_0__Setup-5__Clients-5__Rounds-10__Delay-0_05__Alpha-0_5__Seed-53.txt
1.0,1.5,54,0.8079,398.0425508352,original,1 x NVIDIA RTX A1000,results/main_campaign_default_alpha_0_5/FedHAD-results/test6_calibracao/CIFAR10-Standard/FedHAD__CIFAR10__Mode-STANDARD__Cfg-E1L1F1__Cal-ED1_0__Setup-5__Clients-5__Rounds-10__Delay-0_05__Alpha-0_5__Seed-54.txt
1.0,1.5,55,0.8054,407.031209472,original,1 x NVIDIA RTX A1000,results/main_campaign_default_alpha_0_5/FedHAD-results/test6_calibracao/CIFAR10-Standard/FedHAD__CIFAR10__Mode-STANDARD__Cfg-E1L1F1__Cal-ED1_0__Setup-5__Clients-5__Rounds-10__Delay-0_05__Alpha-0_5__Seed-55.txt
1.0,1.5,56,0.8054,400.0794253824,original,1 x NVIDIA RTX A1000,results/main_campaign_default_alpha_0_5/FedHAD-results/test6_calibracao/CIFAR10-Standard/FedHAD__CIFAR10__Mode-STANDARD__Cfg-E1L1F1__Cal-ED1_0__Setup-5__Clients-5__Rounds-10__Delay-0_05__Alpha-0_5__Seed-56.txt
1.0,1.5,57,0.7988,400.5443248128,original,1 x NVIDIA RTX A1000,results/main_campaign_default_alpha_0_5/FedHAD-results/test6_calibracao/CIFAR10-Standard/FedHAD__CIFAR10__Mode-STANDARD__Cfg-E1L1F1__Cal-ED1_0__Setup-5__Clients-5__Rounds-10__Delay-0_05__Alpha-0_5__Seed-57.txt
1.0,1.5,58,0.8195,407.031209472,original,1 x NVIDIA RTX A1000,results/main_campaign_default_alpha_0_5/FedHAD-results/test6_calibracao/CIFAR10-Standard/FedHAD__CIFAR10__Mode-STANDARD__Cfg-E1L1F1__Cal-ED1_0__Setup-5__Clients-5__Rounds-10__Delay-0_05__Alpha-0_5__Seed-58.txt
1.0,1.5,59,0.8042,400.699894272,original,1 x NVIDIA RTX A1000,results/main_campaign_default_alpha_0_5/FedHAD-results/test6_calibracao/CIFAR10-Standard/FedHAD__CIFAR10__Mode-STANDARD__Cfg-E1L1F1__Cal-ED1_0__Setup-5__Clients-5__Rounds-10__Delay-0_05__Alpha-0_5__Seed-59.txt
1.0,1.5,60,0.808,407.031209472,original,1 x NVIDIA RTX A1000,results/main_campaign_default_alpha_0_5/FedHAD-results/test6_calibracao/CIFAR10-Standard/FedHAD__CIFAR10__Mode-STANDARD__Cfg-E1L1F1__Cal-ED1_0__Setup-5__Clients-5__Rounds-10__Delay-0_05__Alpha-0_5__Seed-60.txt
1.0,1.5,61,0.8087,407.031209472,original,1 x NVIDIA RTX A1000,results/main_campaign_default_alpha_0_5/FedHAD-results/test6_calibracao/CIFAR10-Standard/FedHAD__CIFAR10__Mode-STANDARD__Cfg-E1L1F1__Cal-ED1_0__Setup-5__Clients-5__Rounds-10__Delay-0_05__Alpha-0_5__Seed-61.txt
1.0,1.5,62,0.8095,407.031209472,original,1 x NVIDIA RTX A1000,results/main_campaign_default_alpha_0_5/FedHAD-results/test6_calibracao/CIFAR10-Standard/FedHAD__CIFAR10__Mode-STANDARD__Cfg-E1L1F1__Cal-ED1_0__Setup-5__Clients-5__Rounds-10__Delay-0_05__Alpha-0_5__Seed-62.txt
1.0,1.5,63,0.8171,407.031209472,original,1 x NVIDIA RTX A1000,results/main_campaign_default_alpha_0_5/FedHAD-results/test6_calibracao/CIFAR10-Standard/FedHAD__CIFAR10__Mode-STANDARD__Cfg-E1L1F1__Cal-ED1_0__Setup-5__Clients-5__Rounds-10__Delay-0_05__Alpha-0_5__Seed-63.txt
1.0,1.5,64,0.7966,407.031209472,original,1 x NVIDIA RTX A1000,results/main_campaign_default_alpha_0_5/FedHAD-results/test6_calibracao/CIFAR10-Standard/FedHAD__CIFAR10__Mode-STANDARD__Cfg-E1L1F1__Cal-ED1_0__Setup-5__Clients-5__Rounds-10__Delay-0_05__Alpha-0_5__Seed-64.txt
1.0,1.5,65,0.8071,407.031209472,original,1 x NVIDIA RTX A1000,results/main_campaign_default_alpha_0_5/FedHAD-results/test6_calibracao/CIFAR10-Standard/FedHAD__CIFAR10__Mode-STANDARD__Cfg-E1L1F1__Cal-ED1_0__Setup-5__Clients-5__Rounds-10__Delay-0_05__Alpha-0_5__Seed-65.txt
1.0,1.5,66,0.8121,407.031209472,original,1 x NVIDIA RTX A1000,results/main_campaign_default_alpha_0_5/FedHAD-results/test6_calibracao/CIFAR10-Standard/FedHAD__CIFAR10__Mode-STANDARD__Cfg-E1L1F1__Cal-ED1_0__Setup-5__Clients-5__Rounds-10__Delay-0_05__Alpha-0_5__Seed-66.txt
1.0,1.5,67,0.8058,407.031209472,original,1 x NVIDIA RTX A1000,results/main_campaign_default_alpha_0_5/FedHAD-results/test6_calibracao/CIFAR10-Standard/FedHAD__CIFAR10__Mode-STANDARD__Cfg-E1L1F1__Cal-ED1_0__Setup-5__Clients-5__Rounds-10__Delay-0_05__Alpha-0_5__Seed-67.txt
1.0,1.5,68,0.7849,407.031209472,original,1 x NVIDIA RTX A1000,results/main_campaign_default_alpha_0_5/FedHAD-results/test6_calibracao/CIFAR10-Standard/FedHAD__CIFAR10__Mode-STANDARD__Cfg-E1L1F1__Cal-ED1_0__Setup-5__Clients-5__Rounds-10__Delay-0_05__Alpha-0_5__Seed-68.txt
1.0,1.5,69,0.8097,407.040254208,original,1 x NVIDIA RTX A1000,results/main_campaign_default_alpha_0_5/FedHAD-results/test6_calibracao/CIFAR10-Standard/FedHAD__CIFAR10__Mode-STANDARD__Cfg-E1L1F1__Cal-ED1_0__Setup-5__Clients-5__Rounds-10__Delay-0_05__Alpha-0_5__Seed-69.txt
1.0,1.5,70,0.7827,393.4387802112,original,1 x NVIDIA RTX A1000,results/main_campaign_default_alpha_0_5/FedHAD-results/test6_calibracao/CIFAR10-Standard/FedHAD__CIFAR10__Mode-STANDARD__Cfg-E1L1F1__Cal-ED1_0__Setup-5__Clients-5__Rounds-10__Delay-0_05__Alpha-0_5__Seed-70.txt
1.0,1.5,71,0.8082,407.031209472,original,1 x NVIDIA RTX A1000,results/main_campaign_default_alpha_0_5/FedHAD-results/test6_calibracao/CIFAR10-Standard/FedHAD__CIFAR10__Mode-STANDARD__Cfg-E1L1F1__Cal-ED1_0__Setup-5__Clients-5__Rounds-10__Delay-0_05__Alpha-0_5__Seed-71.txt
5.0,0.5,42,0.7919,239.5028003328,original,1 x NVIDIA RTX A1000,results/main_campaign_default_alpha_0_5/FedHAD-results/test6_calibracao/CIFAR10-Standard/FedHAD__CIFAR10__Mode-STANDARD__Cfg-E1L1F1__Cal-ED5_0-LD0_5__Setup-5__Clients-5__Rounds-10__Delay-0_05__Alpha-0_5__Seed-42.txt
5.0,0.5,43,0.8038,282.6262926336,original,1 x NVIDIA RTX A1000,results/main_campaign_default_alpha_0_5/FedHAD-results/test6_calibracao/CIFAR10-Standard/FedHAD__CIFAR10__Mode-STANDARD__Cfg-E1L1F1__Cal-ED5_0-LD0_5__Setup-5__Clients-5__Rounds-10__Delay-0_05__Alpha-0_5__Seed-43.txt
5.0,0.5,44,0.7922,301.0938345984,original,1 x NVIDIA RTX A1000,results/main_campaign_default_alpha_0_5/FedHAD-results/test6_calibracao/CIFAR10-Standard/FedHAD__CIFAR10__Mode-STANDARD__Cfg-E1L1F1__Cal-ED5_0-LD0_5__Setup-5__Clients-5__Rounds-10__Delay-0_05__Alpha-0_5__Seed-44.txt
5.0,0.5,45,0.7799,232.7319109632,original,1 x NVIDIA RTX A1000,results/main_campaign_default_alpha_0_5/FedHAD-results/test6_calibracao/CIFAR10-Standard/FedHAD__CIFAR10__Mode-STANDARD__Cfg-E1L1F1__Cal-ED5_0-LD0_5__Setup-5__Clients-5__Rounds-10__Delay-0_05__Alpha-0_5__Seed-45.txt
5.0,0.5,46,0.7974,262.3479945216,original,1 x NVIDIA RTX A1000,results/main_campaign_default_alpha_0_5/FedHAD-results/test6_calibracao/CIFAR10-Standard/FedHAD__CIFAR10__Mode-STANDARD__Cfg-E1L1F1__Cal-ED5_0-LD0_5__Setup-5__Clients-5__Rounds-10__Delay-0_05__Alpha-0_5__Seed-46.txt
5.0,0.5,47,0.8292,318.845033472,original,1 x NVIDIA RTX A1000,results/main_campaign_default_alpha_0_5/FedHAD-results/test6_calibracao/CIFAR10-Standard/FedHAD__CIFAR10__Mode-STANDARD__Cfg-E1L1F1__Cal-ED5_0-LD0_5__Setup-5__Clients-5__Rounds-10__Delay-0_05__Alpha-0_5__Seed-47.txt
5.0,0.5,48,0.7689,295.1007925248,original,1 x NVIDIA RTX A1000,results/main_campaign_default_alpha_0_5/FedHAD-results/test6_calibracao/CIFAR10-Standard/FedHAD__CIFAR10__Mode-STANDARD__Cfg-E1L1F1__Cal-ED5_0-LD0_5__Setup-5__Clients-5__Rounds-10__Delay-0_05__Alpha-0_5__Seed-48.txt
5.0,0.5,49,0.8003,277.0692068352,original,1 x NVIDIA RTX A1000,results/main_campaign_default_alpha_0_5/FedHAD-results/test6_calibracao/CIFAR10-Standard/FedHAD__CIFAR10__Mode-STANDARD__Cfg-E1L1F1__Cal-ED5_0-LD0_5__Setup-5__Clients-5__Rounds-10__Delay-0_05__Alpha-0_5__Seed-49.txt
5.0,0.5,50,0.8082,288.5071799808,original,1 x NVIDIA RTX A1000,results/main_campaign_default_alpha_0_5/FedHAD-results/test6_calibracao/CIFAR10-Standard/FedHAD__CIFAR10__Mode-STANDARD__Cfg-E1L1F1__Cal-ED5_0-LD0_5__Setup-5__Clients-5__Rounds-10__Delay-0_05__Alpha-0_5__Seed-50.txt
5.0,0.5,51,0.7982,275.8933911552,original,1 x NVIDIA RTX A1000,results/main_campaign_default_alpha_0_5/FedHAD-results/test6_calibracao/CIFAR10-Standard/FedHAD__CIFAR10__Mode-STANDARD__Cfg-E1L1F1__Cal-ED5_0-LD0_5__Setup-5__Clients-5__Rounds-10__Delay-0_05__Alpha-0_5__Seed-51.txt
5.0,0.5,52,0.797,282.0619011072,original,1 x NVIDIA RTX A1000,results/main_campaign_default_alpha_0_5/FedHAD-results/test6_calibracao/CIFAR10-Standard/FedHAD__CIFAR10__Mode-STANDARD__Cfg-E1L1F1__Cal-ED5_0-LD0_5__Setup-5__Clients-5__Rounds-10__Delay-0_05__Alpha-0_5__Seed-52.txt
5.0,0.5,53,0.8171,262.3823645184,original,1 x NVIDIA RTX A1000,results/main_campaign_default_alpha_0_5/FedHAD-results/test6_calibracao/CIFAR10-Standard/FedHAD__CIFAR10__Mode-STANDARD__Cfg-E1L1F1__Cal-ED5_0-LD0_5__Setup-5__Clients-5__Rounds-10__Delay-0_05__Alpha-0_5__Seed-53.txt
5.0,0.5,54,0.7994,275.5135122432,original,1 x NVIDIA RTX A1000,results/main_campaign_default_alpha_0_5/FedHAD-results/test6_calibracao/CIFAR10-Standard/FedHAD__CIFAR10__Mode-STANDARD__Cfg-E1L1F1__Cal-ED5_0-LD0_5__Setup-5__Clients-5__Rounds-10__Delay-0_05__Alpha-0_5__Seed-54.txt
5.0,0.5,55,0.8095,321.7592474112,original,1 x NVIDIA RTX A1000,results/main_campaign_default_alpha_0_5/FedHAD-results/test6_calibracao/CIFAR10-Standard/FedHAD__CIFAR10__Mode-STANDARD__Cfg-E1L1F1__Cal-ED5_0-LD0_5__Setup-5__Clients-5__Rounds-10__Delay-0_05__Alpha-0_5__Seed-55.txt
5.0,0.5,56,0.8049,282.7402563072,original,1 x NVIDIA RTX A1000,results/main_campaign_default_alpha_0_5/FedHAD-results/test6_calibracao/CIFAR10-Standard/FedHAD__CIFAR10__Mode-STANDARD__Cfg-E1L1F1__Cal-ED5_0-LD0_5__Setup-5__Clients-5__Rounds-10__Delay-0_05__Alpha-0_5__Seed-56.txt
5.0,0.5,57,0.7834,282.7673905152,original,1 x NVIDIA RTX A1000,results/main_campaign_default_alpha_0_5/FedHAD-results/test6_calibracao/CIFAR10-Standard/FedHAD__CIFAR10__Mode-STANDARD__Cfg-E1L1F1__Cal-ED5_0-LD0_5__Setup-5__Clients-5__Rounds-10__Delay-0_05__Alpha-0_5__Seed-57.txt
5.0,0.5,58,0.823,285.2275587072,original,1 x NVIDIA RTX A1000,results/main_campaign_default_alpha_0_5/FedHAD-results/test6_calibracao/CIFAR10-Standard/FedHAD__CIFAR10__Mode-STANDARD__Cfg-E1L1F1__Cal-ED5_0-LD0_5__Setup-5__Clients-5__Rounds-10__Delay-0_05__Alpha-0_5__Seed-58.txt
5.0,0.5,59,0.7901,261.4073419776,original,1 x NVIDIA RTX A1000,results/main_campaign_default_alpha_0_5/FedHAD-results/test6_calibracao/CIFAR10-Standard/FedHAD__CIFAR10__Mode-STANDARD__Cfg-E1L1F1__Cal-ED5_0-LD0_5__Setup-5__Clients-5__Rounds-10__Delay-0_05__Alpha-0_5__Seed-59.txt
5.0,0.5,60,0.7991,280.2619986432,original,1 x NVIDIA RTX A1000,results/main_campaign_default_alpha_0_5/FedHAD-results/test6_calibracao/CIFAR10-Standard/FedHAD__CIFAR10__Mode-STANDARD__Cfg-E1L1F1__Cal-ED5_0-LD0_5__Setup-5__Clients-5__Rounds-10__Delay-0_05__Alpha-0_5__Seed-60.txt
5.0,0.5,61,0.8021,277.4328052224,original,1 x NVIDIA RTX A1000,results/main_campaign_default_alpha_0_5/FedHAD-results/test6_calibracao/CIFAR10-Standard/FedHAD__CIFAR10__Mode-STANDARD__Cfg-E1L1F1__Cal-ED5_0-LD0_5__Setup-5__Clients-5__Rounds-10__Delay-0_05__Alpha-0_5__Seed-61.txt
5.0,0.5,62,0.8085,269.7339259392,original,1 x NVIDIA RTX A1000,results/main_campaign_default_alpha_0_5/FedHAD-results/test6_calibracao/CIFAR10-Standard/FedHAD__CIFAR10__Mode-STANDARD__Cfg-E1L1F1__Cal-ED5_0-LD0_5__Setup-5__Clients-5__Rounds-10__Delay-0_05__Alpha-0_5__Seed-62.txt
5.0,0.5,63,0.8094,261.3548825088,original,1 x NVIDIA RTX A1000,results/main_campaign_default_alpha_0_5/FedHAD-results/test6_calibracao/CIFAR10-Standard/FedHAD__CIFAR10__Mode-STANDARD__Cfg-E1L1F1__Cal-ED5_0-LD0_5__Setup-5__Clients-5__Rounds-10__Delay-0_05__Alpha-0_5__Seed-63.txt
5.0,0.5,64,0.7847,244.2187256832,original,1 x NVIDIA RTX A1000,results/main_campaign_default_alpha_0_5/FedHAD-results/test6_calibracao/CIFAR10-Standard/FedHAD__CIFAR10__Mode-STANDARD__Cfg-E1L1F1__Cal-ED5_0-LD0_5__Setup-5__Clients-5__Rounds-10__Delay-0_05__Alpha-0_5__Seed-64.txt
5.0,0.5,65,0.7909,257.6953823232,original,1 x NVIDIA RTX A1000,results/main_campaign_default_alpha_0_5/FedHAD-results/test6_calibracao/CIFAR10-Standard/FedHAD__CIFAR10__Mode-STANDARD__Cfg-E1L1F1__Cal-ED5_0-LD0_5__Setup-5__Clients-5__Rounds-10__Delay-0_05__Alpha-0_5__Seed-65.txt
5.0,0.5,66,0.8165,307.3455561216,original,1 x NVIDIA RTX A1000,results/main_campaign_default_alpha_0_5/FedHAD-results/test6_calibracao/CIFAR10-Standard/FedHAD__CIFAR10__Mode-STANDARD__Cfg-E1L1F1__Cal-ED5_0-LD0_5__Setup-5__Clients-5__Rounds-10__Delay-0_05__Alpha-0_5__Seed-66.txt
5.0,0.5,67,0.7853,244.2187256832,original,1 x NVIDIA RTX A1000,results/main_campaign_default_alpha_0_5/FedHAD-results/test6_calibracao/CIFAR10-Standard/FedHAD__CIFAR10__Mode-STANDARD__Cfg-E1L1F1__Cal-ED5_0-LD0_5__Setup-5__Clients-5__Rounds-10__Delay-0_05__Alpha-0_5__Seed-67.txt
5.0,0.5,68,0.772,264.5440564224,original,1 x NVIDIA RTX A1000,results/main_campaign_default_alpha_0_5/FedHAD-results/test6_calibracao/CIFAR10-Standard/FedHAD__CIFAR10__Mode-STANDARD__Cfg-E1L1F1__Cal-ED5_0-LD0_5__Setup-5__Clients-5__Rounds-10__Delay-0_05__Alpha-0_5__Seed-68.txt
5.0,0.5,69,0.8111,298.38584064,original,1 x NVIDIA RTX A1000,results/main_campaign_default_alpha_0_5/FedHAD-results/test6_calibracao/CIFAR10-Standard/FedHAD__CIFAR10__Mode-STANDARD__Cfg-E1L1F1__Cal-ED5_0-LD0_5__Setup-5__Clients-5__Rounds-10__Delay-0_05__Alpha-0_5__Seed-69.txt
5.0,0.5,70,0.768,230.6262964224,original,1 x NVIDIA RTX A1000,results/main_campaign_default_alpha_0_5/FedHAD-results/test6_calibracao/CIFAR10-Standard/FedHAD__CIFAR10__Mode-STANDARD__Cfg-E1L1F1__Cal-ED5_0-LD0_5__Setup-5__Clients-5__Rounds-10__Delay-0_05__Alpha-0_5__Seed-70.txt
5.0,0.5,71,0.7977,275.3109101568,original,1 x NVIDIA RTX A1000,results/main_campaign_default_alpha_0_5/FedHAD-results/test6_calibracao/CIFAR10-Standard/FedHAD__CIFAR10__Mode-STANDARD__Cfg-E1L1F1__Cal-ED5_0-LD0_5__Setup-5__Clients-5__Rounds-10__Delay-0_05__Alpha-0_5__Seed-71.txt
5.0,3.0,42,0.7643,239.5028003328,original,1 x NVIDIA RTX A1000,results/main_campaign_default_alpha_0_5/FedHAD-results/test6_calibracao/CIFAR10-Standard/FedHAD__CIFAR10__Mode-STANDARD__Cfg-E1L1F1__Cal-ED5_0-LD3_0__Setup-5__Clients-5__Rounds-10__Delay-0_05__Alpha-0_5__Seed-42.txt
5.0,3.0,43,0.7983,282.6262926336,original,1 x NVIDIA RTX A1000,results/main_campaign_default_alpha_0_5/FedHAD-results/test6_calibracao/CIFAR10-Standard/FedHAD__CIFAR10__Mode-STANDARD__Cfg-E1L1F1__Cal-ED5_0-LD3_0__Setup-5__Clients-5__Rounds-10__Delay-0_05__Alpha-0_5__Seed-43.txt
5.0,3.0,44,0.7962,301.0938345984,original,1 x NVIDIA RTX A1000,results/main_campaign_default_alpha_0_5/FedHAD-results/test6_calibracao/CIFAR10-Standard/FedHAD__CIFAR10__Mode-STANDARD__Cfg-E1L1F1__Cal-ED5_0-LD3_0__Setup-5__Clients-5__Rounds-10__Delay-0_05__Alpha-0_5__Seed-44.txt
5.0,3.0,45,0.7808,232.7319109632,original,1 x NVIDIA RTX A1000,results/main_campaign_default_alpha_0_5/FedHAD-results/test6_calibracao/CIFAR10-Standard/FedHAD__CIFAR10__Mode-STANDARD__Cfg-E1L1F1__Cal-ED5_0-LD3_0__Setup-5__Clients-5__Rounds-10__Delay-0_05__Alpha-0_5__Seed-45.txt
5.0,3.0,46,0.7952,262.3479945216,original,1 x NVIDIA RTX A1000,results/main_campaign_default_alpha_0_5/FedHAD-results/test6_calibracao/CIFAR10-Standard/FedHAD__CIFAR10__Mode-STANDARD__Cfg-E1L1F1__Cal-ED5_0-LD3_0__Setup-5__Clients-5__Rounds-10__Delay-0_05__Alpha-0_5__Seed-46.txt
5.0,3.0,47,0.8214,318.845033472,original,1 x NVIDIA RTX A1000,results/main_campaign_default_alpha_0_5/FedHAD-results/test6_calibracao/CIFAR10-Standard/FedHAD__CIFAR10__Mode-STANDARD__Cfg-E1L1F1__Cal-ED5_0-LD3_0__Setup-5__Clients-5__Rounds-10__Delay-0_05__Alpha-0_5__Seed-47.txt
5.0,3.0,48,0.7809,295.1007925248,original,1 x NVIDIA RTX A1000,results/main_campaign_default_alpha_0_5/FedHAD-results/test6_calibracao/CIFAR10-Standard/FedHAD__CIFAR10__Mode-STANDARD__Cfg-E1L1F1__Cal-ED5_0-LD3_0__Setup-5__Clients-5__Rounds-10__Delay-0_05__Alpha-0_5__Seed-48.txt
5.0,3.0,49,0.8077,277.0692068352,original,1 x NVIDIA RTX A1000,results/main_campaign_default_alpha_0_5/FedHAD-results/test6_calibracao/CIFAR10-Standard/FedHAD__CIFAR10__Mode-STANDARD__Cfg-E1L1F1__Cal-ED5_0-LD3_0__Setup-5__Clients-5__Rounds-10__Delay-0_05__Alpha-0_5__Seed-49.txt
5.0,3.0,50,0.8041,288.5071799808,original,1 x NVIDIA RTX A1000,results/main_campaign_default_alpha_0_5/FedHAD-results/test6_calibracao/CIFAR10-Standard/FedHAD__CIFAR10__Mode-STANDARD__Cfg-E1L1F1__Cal-ED5_0-LD3_0__Setup-5__Clients-5__Rounds-10__Delay-0_05__Alpha-0_5__Seed-50.txt
5.0,3.0,51,0.7778,275.8933911552,original,1 x NVIDIA RTX A1000,results/main_campaign_default_alpha_0_5/FedHAD-results/test6_calibracao/CIFAR10-Standard/FedHAD__CIFAR10__Mode-STANDARD__Cfg-E1L1F1__Cal-ED5_0-LD3_0__Setup-5__Clients-5__Rounds-10__Delay-0_05__Alpha-0_5__Seed-51.txt
5.0,3.0,52,0.7986,282.0619011072,original,1 x NVIDIA RTX A1000,results/main_campaign_default_alpha_0_5/FedHAD-results/test6_calibracao/CIFAR10-Standard/FedHAD__CIFAR10__Mode-STANDARD__Cfg-E1L1F1__Cal-ED5_0-LD3_0__Setup-5__Clients-5__Rounds-10__Delay-0_05__Alpha-0_5__Seed-52.txt
5.0,3.0,53,0.813,262.3823645184,original,1 x NVIDIA RTX A1000,results/main_campaign_default_alpha_0_5/FedHAD-results/test6_calibracao/CIFAR10-Standard/FedHAD__CIFAR10__Mode-STANDARD__Cfg-E1L1F1__Cal-ED5_0-LD3_0__Setup-5__Clients-5__Rounds-10__Delay-0_05__Alpha-0_5__Seed-53.txt
5.0,3.0,54,0.8056,275.5135122432,original,1 x NVIDIA RTX A1000,results/main_campaign_default_alpha_0_5/FedHAD-results/test6_calibracao/CIFAR10-Standard/FedHAD__CIFAR10__Mode-STANDARD__Cfg-E1L1F1__Cal-ED5_0-LD3_0__Setup-5__Clients-5__Rounds-10__Delay-0_05__Alpha-0_5__Seed-54.txt
5.0,3.0,55,0.8026,321.7592474112,original,1 x NVIDIA RTX A1000,results/main_campaign_default_alpha_0_5/FedHAD-results/test6_calibracao/CIFAR10-Standard/FedHAD__CIFAR10__Mode-STANDARD__Cfg-E1L1F1__Cal-ED5_0-LD3_0__Setup-5__Clients-5__Rounds-10__Delay-0_05__Alpha-0_5__Seed-55.txt
5.0,3.0,56,0.8009,282.7402563072,original,1 x NVIDIA RTX A1000,results/main_campaign_default_alpha_0_5/FedHAD-results/test6_calibracao/CIFAR10-Standard/FedHAD__CIFAR10__Mode-STANDARD__Cfg-E1L1F1__Cal-ED5_0-LD3_0__Setup-5__Clients-5__Rounds-10__Delay-0_05__Alpha-0_5__Seed-56.txt
5.0,3.0,57,0.7805,282.7673905152,original,1 x NVIDIA RTX A1000,results/main_campaign_default_alpha_0_5/FedHAD-results/test6_calibracao/CIFAR10-Standard/FedHAD__CIFAR10__Mode-STANDARD__Cfg-E1L1F1__Cal-ED5_0-LD3_0__Setup-5__Clients-5__Rounds-10__Delay-0_05__Alpha-0_5__Seed-57.txt
5.0,3.0,58,0.818,285.2275587072,original,1 x NVIDIA RTX A1000,results/main_campaign_default_alpha_0_5/FedHAD-results/test6_calibracao/CIFAR10-Standard/FedHAD__CIFAR10__Mode-STANDARD__Cfg-E1L1F1__Cal-ED5_0-LD3_0__Setup-5__Clients-5__Rounds-10__Delay-0_05__Alpha-0_5__Seed-58.txt
5.0,3.0,59,0.7976,261.4073419776,original,1 x NVIDIA RTX A1000,results/main_campaign_default_alpha_0_5/FedHAD-results/test6_calibracao/CIFAR10-Standard/FedHAD__CIFAR10__Mode-STANDARD__Cfg-E1L1F1__Cal-ED5_0-LD3_0__Setup-5__Clients-5__Rounds-10__Delay-0_05__Alpha-0_5__Seed-59.txt
5.0,3.0,60,0.794,280.2619986432,original,1 x NVIDIA RTX A1000,results/main_campaign_default_alpha_0_5/FedHAD-results/test6_calibracao/CIFAR10-Standard/FedHAD__CIFAR10__Mode-STANDARD__Cfg-E1L1F1__Cal-ED5_0-LD3_0__Setup-5__Clients-5__Rounds-10__Delay-0_05__Alpha-0_5__Seed-60.txt
5.0,3.0,61,0.7998,277.4328052224,original,1 x NVIDIA RTX A1000,results/main_campaign_default_alpha_0_5/FedHAD-results/test6_calibracao/CIFAR10-Standard/FedHAD__CIFAR10__Mode-STANDARD__Cfg-E1L1F1__Cal-ED5_0-LD3_0__Setup-5__Clients-5__Rounds-10__Delay-0_05__Alpha-0_5__Seed-61.txt
5.0,3.0,62,0.8045,269.7339259392,original,1 x NVIDIA RTX A1000,results/main_campaign_default_alpha_0_5/FedHAD-results/test6_calibracao/CIFAR10-Standard/FedHAD__CIFAR10__Mode-STANDARD__Cfg-E1L1F1__Cal-ED5_0-LD3_0__Setup-5__Clients-5__Rounds-10__Delay-0_05__Alpha-0_5__Seed-62.txt
5.0,3.0,63,0.8068,261.3548825088,original,1 x NVIDIA RTX A1000,results/main_campaign_default_alpha_0_5/FedHAD-results/test6_calibracao/CIFAR10-Standard/FedHAD__CIFAR10__Mode-STANDARD__Cfg-E1L1F1__Cal-ED5_0-LD3_0__Setup-5__Clients-5__Rounds-10__Delay-0_05__Alpha-0_5__Seed-63.txt
5.0,3.0,64,0.7757,244.2187256832,original,1 x NVIDIA RTX A1000,results/main_campaign_default_alpha_0_5/FedHAD-results/test6_calibracao/CIFAR10-Standard/FedHAD__CIFAR10__Mode-STANDARD__Cfg-E1L1F1__Cal-ED5_0-LD3_0__Setup-5__Clients-5__Rounds-10__Delay-0_05__Alpha-0_5__Seed-64.txt
5.0,3.0,65,0.7828,257.6953823232,original,1 x NVIDIA RTX A1000,results/main_campaign_default_alpha_0_5/FedHAD-results/test6_calibracao/CIFAR10-Standard/FedHAD__CIFAR10__Mode-STANDARD__Cfg-E1L1F1__Cal-ED5_0-LD3_0__Setup-5__Clients-5__Rounds-10__Delay-0_05__Alpha-0_5__Seed-65.txt
5.0,3.0,66,0.8148,307.3455561216,original,1 x NVIDIA RTX A1000,results/main_campaign_default_alpha_0_5/FedHAD-results/test6_calibracao/CIFAR10-Standard/FedHAD__CIFAR10__Mode-STANDARD__Cfg-E1L1F1__Cal-ED5_0-LD3_0__Setup-5__Clients-5__Rounds-10__Delay-0_05__Alpha-0_5__Seed-66.txt
5.0,3.0,67,0.7953,244.2187256832,original,1 x NVIDIA RTX A1000,results/main_campaign_default_alpha_0_5/FedHAD-results/test6_calibracao/CIFAR10-Standard/FedHAD__CIFAR10__Mode-STANDARD__Cfg-E1L1F1__Cal-ED5_0-LD3_0__Setup-5__Clients-5__Rounds-10__Delay-0_05__Alpha-0_5__Seed-67.txt
5.0,3.0,68,0.7806,264.5440564224,original,1 x NVIDIA RTX A1000,results/main_campaign_default_alpha_0_5/FedHAD-results/test6_calibracao/CIFAR10-Standard/FedHAD__CIFAR10__Mode-STANDARD__Cfg-E1L1F1__Cal-ED5_0-LD3_0__Setup-5__Clients-5__Rounds-10__Delay-0_05__Alpha-0_5__Seed-68.txt
5.0,3.0,69,0.8093,298.38584064,original,1 x NVIDIA RTX A1000,results/main_campaign_default_alpha_0_5/FedHAD-results/test6_calibracao/CIFAR10-Standard/FedHAD__CIFAR10__Mode-STANDARD__Cfg-E1L1F1__Cal-ED5_0-LD3_0__Setup-5__Clients-5__Rounds-10__Delay-0_05__Alpha-0_5__Seed-69.txt
5.0,3.0,70,0.759,230.6262964224,original,1 x NVIDIA RTX A1000,results/main_campaign_default_alpha_0_5/FedHAD-results/test6_calibracao/CIFAR10-Standard/FedHAD__CIFAR10__Mode-STANDARD__Cfg-E1L1F1__Cal-ED5_0-LD3_0__Setup-5__Clients-5__Rounds-10__Delay-0_05__Alpha-0_5__Seed-70.txt
5.0,3.0,71,0.7985,275.3109101568,original,1 x NVIDIA RTX A1000,results/main_campaign_default_alpha_0_5/FedHAD-results/test6_calibracao/CIFAR10-Standard/FedHAD__CIFAR10__Mode-STANDARD__Cfg-E1L1F1__Cal-ED5_0-LD3_0__Setup-5__Clients-5__Rounds-10__Delay-0_05__Alpha-0_5__Seed-71.txt
5.0,1.5,42,0.779,239.5028003328,original,1 x NVIDIA RTX A1000,results/main_campaign_default_alpha_0_5/FedHAD-results/test6_calibracao/CIFAR10-Standard/FedHAD__CIFAR10__Mode-STANDARD__Cfg-E1L1F1__Cal-ED5_0__Setup-5__Clients-5__Rounds-10__Delay-0_05__Alpha-0_5__Seed-42.txt
5.0,1.5,43,0.7842,282.6262926336,original,1 x NVIDIA RTX A1000,results/main_campaign_default_alpha_0_5/FedHAD-results/test6_calibracao/CIFAR10-Standard/FedHAD__CIFAR10__Mode-STANDARD__Cfg-E1L1F1__Cal-ED5_0__Setup-5__Clients-5__Rounds-10__Delay-0_05__Alpha-0_5__Seed-43.txt
5.0,1.5,44,0.7928,301.0938345984,original,1 x NVIDIA RTX A1000,results/main_campaign_default_alpha_0_5/FedHAD-results/test6_calibracao/CIFAR10-Standard/FedHAD__CIFAR10__Mode-STANDARD__Cfg-E1L1F1__Cal-ED5_0__Setup-5__Clients-5__Rounds-10__Delay-0_05__Alpha-0_5__Seed-44.txt
5.0,1.5,45,0.7881,232.7319109632,original,1 x NVIDIA RTX A1000,results/main_campaign_default_alpha_0_5/FedHAD-results/test6_calibracao/CIFAR10-Standard/FedHAD__CIFAR10__Mode-STANDARD__Cfg-E1L1F1__Cal-ED5_0__Setup-5__Clients-5__Rounds-10__Delay-0_05__Alpha-0_5__Seed-45.txt
5.0,1.5,46,0.7896,262.3479945216,original,1 x NVIDIA RTX A1000,results/main_campaign_default_alpha_0_5/FedHAD-results/test6_calibracao/CIFAR10-Standard/FedHAD__CIFAR10__Mode-STANDARD__Cfg-E1L1F1__Cal-ED5_0__Setup-5__Clients-5__Rounds-10__Delay-0_05__Alpha-0_5__Seed-46.txt
5.0,1.5,47,0.8287,318.845033472,original,1 x NVIDIA RTX A1000,results/main_campaign_default_alpha_0_5/FedHAD-results/test6_calibracao/CIFAR10-Standard/FedHAD__CIFAR10__Mode-STANDARD__Cfg-E1L1F1__Cal-ED5_0__Setup-5__Clients-5__Rounds-10__Delay-0_05__Alpha-0_5__Seed-47.txt
5.0,1.5,48,0.7862,295.1007925248,original,1 x NVIDIA RTX A1000,results/main_campaign_default_alpha_0_5/FedHAD-results/test6_calibracao/CIFAR10-Standard/FedHAD__CIFAR10__Mode-STANDARD__Cfg-E1L1F1__Cal-ED5_0__Setup-5__Clients-5__Rounds-10__Delay-0_05__Alpha-0_5__Seed-48.txt
5.0,1.5,49,0.7994,277.0692068352,original,1 x NVIDIA RTX A1000,results/main_campaign_default_alpha_0_5/FedHAD-results/test6_calibracao/CIFAR10-Standard/FedHAD__CIFAR10__Mode-STANDARD__Cfg-E1L1F1__Cal-ED5_0__Setup-5__Clients-5__Rounds-10__Delay-0_05__Alpha-0_5__Seed-49.txt
5.0,1.5,50,0.8054,288.5071799808,original,1 x NVIDIA RTX A1000,results/main_campaign_default_alpha_0_5/FedHAD-results/test6_calibracao/CIFAR10-Standard/FedHAD__CIFAR10__Mode-STANDARD__Cfg-E1L1F1__Cal-ED5_0__Setup-5__Clients-5__Rounds-10__Delay-0_05__Alpha-0_5__Seed-50.txt
5.0,1.5,51,0.7914,275.8933911552,original,1 x NVIDIA RTX A1000,results/main_campaign_default_alpha_0_5/FedHAD-results/test6_calibracao/CIFAR10-Standard/FedHAD__CIFAR10__Mode-STANDARD__Cfg-E1L1F1__Cal-ED5_0__Setup-5__Clients-5__Rounds-10__Delay-0_05__Alpha-0_5__Seed-51.txt
5.0,1.5,52,0.8041,282.0619011072,original,1 x NVIDIA RTX A1000,results/main_campaign_default_alpha_0_5/FedHAD-results/test6_calibracao/CIFAR10-Standard/FedHAD__CIFAR10__Mode-STANDARD__Cfg-E1L1F1__Cal-ED5_0__Setup-5__Clients-5__Rounds-10__Delay-0_05__Alpha-0_5__Seed-52.txt
5.0,1.5,53,0.8077,262.3823645184,original,1 x NVIDIA RTX A1000,results/main_campaign_default_alpha_0_5/FedHAD-results/test6_calibracao/CIFAR10-Standard/FedHAD__CIFAR10__Mode-STANDARD__Cfg-E1L1F1__Cal-ED5_0__Setup-5__Clients-5__Rounds-10__Delay-0_05__Alpha-0_5__Seed-53.txt
5.0,1.5,54,0.8055,275.5135122432,original,1 x NVIDIA RTX A1000,results/main_campaign_default_alpha_0_5/FedHAD-results/test6_calibracao/CIFAR10-Standard/FedHAD__CIFAR10__Mode-STANDARD__Cfg-E1L1F1__Cal-ED5_0__Setup-5__Clients-5__Rounds-10__Delay-0_05__Alpha-0_5__Seed-54.txt
5.0,1.5,55,0.8095,321.7592474112,original,1 x NVIDIA RTX A1000,results/main_campaign_default_alpha_0_5/FedHAD-results/test6_calibracao/CIFAR10-Standard/FedHAD__CIFAR10__Mode-STANDARD__Cfg-E1L1F1__Cal-ED5_0__Setup-5__Clients-5__Rounds-10__Delay-0_05__Alpha-0_5__Seed-55.txt
5.0,1.5,56,0.8069,282.7402563072,original,1 x NVIDIA RTX A1000,results/main_campaign_default_alpha_0_5/FedHAD-results/test6_calibracao/CIFAR10-Standard/FedHAD__CIFAR10__Mode-STANDARD__Cfg-E1L1F1__Cal-ED5_0__Setup-5__Clients-5__Rounds-10__Delay-0_05__Alpha-0_5__Seed-56.txt
5.0,1.5,57,0.7782,282.7673905152,original,1 x NVIDIA RTX A1000,results/main_campaign_default_alpha_0_5/FedHAD-results/test6_calibracao/CIFAR10-Standard/FedHAD__CIFAR10__Mode-STANDARD__Cfg-E1L1F1__Cal-ED5_0__Setup-5__Clients-5__Rounds-10__Delay-0_05__Alpha-0_5__Seed-57.txt
5.0,1.5,58,0.8175,285.2275587072,original,1 x NVIDIA RTX A1000,results/main_campaign_default_alpha_0_5/FedHAD-results/test6_calibracao/CIFAR10-Standard/FedHAD__CIFAR10__Mode-STANDARD__Cfg-E1L1F1__Cal-ED5_0__Setup-5__Clients-5__Rounds-10__Delay-0_05__Alpha-0_5__Seed-58.txt
5.0,1.5,59,0.7942,261.4073419776,original,1 x NVIDIA RTX A1000,results/main_campaign_default_alpha_0_5/FedHAD-results/test6_calibracao/CIFAR10-Standard/FedHAD__CIFAR10__Mode-STANDARD__Cfg-E1L1F1__Cal-ED5_0__Setup-5__Clients-5__Rounds-10__Delay-0_05__Alpha-0_5__Seed-59.txt
5.0,1.5,60,0.8094,280.2619986432,original,1 x NVIDIA RTX A1000,results/main_campaign_default_alpha_0_5/FedHAD-results/test6_calibracao/CIFAR10-Standard/FedHAD__CIFAR10__Mode-STANDARD__Cfg-E1L1F1__Cal-ED5_0__Setup-5__Clients-5__Rounds-10__Delay-0_05__Alpha-0_5__Seed-60.txt
5.0,1.5,61,0.8054,277.4328052224,original,1 x NVIDIA RTX A1000,results/main_campaign_default_alpha_0_5/FedHAD-results/test6_calibracao/CIFAR10-Standard/FedHAD__CIFAR10__Mode-STANDARD__Cfg-E1L1F1__Cal-ED5_0__Setup-5__Clients-5__Rounds-10__Delay-0_05__Alpha-0_5__Seed-61.txt
5.0,1.5,62,0.8041,269.7339259392,original,1 x NVIDIA RTX A1000,results/main_campaign_default_alpha_0_5/FedHAD-results/test6_calibracao/CIFAR10-Standard/FedHAD__CIFAR10__Mode-STANDARD__Cfg-E1L1F1__Cal-ED5_0__Setup-5__Clients-5__Rounds-10__Delay-0_05__Alpha-0_5__Seed-62.txt
5.0,1.5,63,0.8115,261.3548825088,original,1 x NVIDIA RTX A1000,results/main_campaign_default_alpha_0_5/FedHAD-results/test6_calibracao/CIFAR10-Standard/FedHAD__CIFAR10__Mode-STANDARD__Cfg-E1L1F1__Cal-ED5_0__Setup-5__Clients-5__Rounds-10__Delay-0_05__Alpha-0_5__Seed-63.txt
5.0,1.5,64,0.7846,244.2187256832,original,1 x NVIDIA RTX A1000,results/main_campaign_default_alpha_0_5/FedHAD-results/test6_calibracao/CIFAR10-Standard/FedHAD__CIFAR10__Mode-STANDARD__Cfg-E1L1F1__Cal-ED5_0__Setup-5__Clients-5__Rounds-10__Delay-0_05__Alpha-0_5__Seed-64.txt
5.0,1.5,65,0.8026,257.6953823232,original,1 x NVIDIA RTX A1000,results/main_campaign_default_alpha_0_5/FedHAD-results/test6_calibracao/CIFAR10-Standard/FedHAD__CIFAR10__Mode-STANDARD__Cfg-E1L1F1__Cal-ED5_0__Setup-5__Clients-5__Rounds-10__Delay-0_05__Alpha-0_5__Seed-65.txt
5.0,1.5,66,0.8199,307.3455561216,original,1 x NVIDIA RTX A1000,results/main_campaign_default_alpha_0_5/FedHAD-results/test6_calibracao/CIFAR10-Standard/FedHAD__CIFAR10__Mode-STANDARD__Cfg-E1L1F1__Cal-ED5_0__Setup-5__Clients-5__Rounds-10__Delay-0_05__Alpha-0_5__Seed-66.txt
5.0,1.5,67,0.7929,244.2187256832,original,1 x NVIDIA RTX A1000,results/main_campaign_default_alpha_0_5/FedHAD-results/test6_calibracao/CIFAR10-Standard/FedHAD__CIFAR10__Mode-STANDARD__Cfg-E1L1F1__Cal-ED5_0__Setup-5__Clients-5__Rounds-10__Delay-0_05__Alpha-0_5__Seed-67.txt
5.0,1.5,68,0.7678,264.5440564224,original,1 x NVIDIA RTX A1000,results/main_campaign_default_alpha_0_5/FedHAD-results/test6_calibracao/CIFAR10-Standard/FedHAD__CIFAR10__Mode-STANDARD__Cfg-E1L1F1__Cal-ED5_0__Setup-5__Clients-5__Rounds-10__Delay-0_05__Alpha-0_5__Seed-68.txt
5.0,1.5,69,0.8113,298.38584064,original,1 x NVIDIA RTX A1000,results/main_campaign_default_alpha_0_5/FedHAD-results/test6_calibracao/CIFAR10-Standard/FedHAD__CIFAR10__Mode-STANDARD__Cfg-E1L1F1__Cal-ED5_0__Setup-5__Clients-5__Rounds-10__Delay-0_05__Alpha-0_5__Seed-69.txt
5.0,1.5,70,0.7705,230.6262964224,original,1 x NVIDIA RTX A1000,results/main_campaign_default_alpha_0_5/FedHAD-results/test6_calibracao/CIFAR10-Standard/FedHAD__CIFAR10__Mode-STANDARD__Cfg-E1L1F1__Cal-ED5_0__Setup-5__Clients-5__Rounds-10__Delay-0_05__Alpha-0_5__Seed-70.txt
5.0,1.5,71,0.8008,275.3109101568,original,1 x NVIDIA RTX A1000,results/main_campaign_default_alpha_0_5/FedHAD-results/test6_calibracao/CIFAR10-Standard/FedHAD__CIFAR10__Mode-STANDARD__Cfg-E1L1F1__Cal-ED5_0__Setup-5__Clients-5__Rounds-10__Delay-0_05__Alpha-0_5__Seed-71.txt
3.0,0.5,42,0.7941,320.9108511744,original,1 x NVIDIA RTX A1000,results/main_campaign_default_alpha_0_5/FedHAD-results/test6_calibracao/CIFAR10-Standard/FedHAD__CIFAR10__Mode-STANDARD__Cfg-E1L1F1__Cal-LD0_5__Setup-5__Clients-5__Rounds-10__Delay-0_05__Alpha-0_5__Seed-42.txt
3.0,0.5,43,0.7941,325.6322033664,original,1 x NVIDIA RTX A1000,results/main_campaign_default_alpha_0_5/FedHAD-results/test6_calibracao/CIFAR10-Standard/FedHAD__CIFAR10__Mode-STANDARD__Cfg-E1L1F1__Cal-LD0_5__Setup-5__Clients-5__Rounds-10__Delay-0_05__Alpha-0_5__Seed-43.txt
3.0,0.5,44,0.7885,325.6249675776,original,1 x NVIDIA RTX A1000,results/main_campaign_default_alpha_0_5/FedHAD-results/test6_calibracao/CIFAR10-Standard/FedHAD__CIFAR10__Mode-STANDARD__Cfg-E1L1F1__Cal-LD0_5__Setup-5__Clients-5__Rounds-10__Delay-0_05__Alpha-0_5__Seed-44.txt
3.0,0.5,45,0.7925,314.1363439104,original,1 x NVIDIA RTX A1000,results/main_campaign_default_alpha_0_5/FedHAD-results/test6_calibracao/CIFAR10-Standard/FedHAD__CIFAR10__Mode-STANDARD__Cfg-E1L1F1__Cal-LD0_5__Setup-5__Clients-5__Rounds-10__Delay-0_05__Alpha-0_5__Seed-45.txt
3.0,0.5,46,0.787,313.7365665792,original,1 x NVIDIA RTX A1000,results/main_campaign_default_alpha_0_5/FedHAD-results/test6_calibracao/CIFAR10-Standard/FedHAD__CIFAR10__Mode-STANDARD__Cfg-E1L1F1__Cal-LD0_5__Setup-5__Clients-5__Rounds-10__Delay-0_05__Alpha-0_5__Seed-46.txt
3.0,0.5,47,0.8278,381.398427648,original,1 x NVIDIA RTX A1000,results/main_campaign_default_alpha_0_5/FedHAD-results/test6_calibracao/CIFAR10-Standard/FedHAD__CIFAR10__Mode-STANDARD__Cfg-E1L1F1__Cal-LD0_5__Setup-5__Clients-5__Rounds-10__Delay-0_05__Alpha-0_5__Seed-47.txt
3.0,0.5,48,0.7775,317.8718198784,original,1 x NVIDIA RTX A1000,results/main_campaign_default_alpha_0_5/FedHAD-results/test6_calibracao/CIFAR10-Standard/FedHAD__CIFAR10__Mode-STANDARD__Cfg-E1L1F1__Cal-LD0_5__Setup-5__Clients-5__Rounds-10__Delay-0_05__Alpha-0_5__Seed-48.txt
3.0,0.5,49,0.8019,325.6249675776,original,1 x NVIDIA RTX A1000,results/main_campaign_default_alpha_0_5/FedHAD-results/test6_calibracao/CIFAR10-Standard/FedHAD__CIFAR10__Mode-STANDARD__Cfg-E1L1F1__Cal-LD0_5__Setup-5__Clients-5__Rounds-10__Delay-0_05__Alpha-0_5__Seed-49.txt
3.0,0.5,50,0.8004,325.6249675776,original,1 x NVIDIA RTX A1000,results/main_campaign_default_alpha_0_5/FedHAD-results/test6_calibracao/CIFAR10-Standard/FedHAD__CIFAR10__Mode-STANDARD__Cfg-E1L1F1__Cal-LD0_5__Setup-5__Clients-5__Rounds-10__Delay-0_05__Alpha-0_5__Seed-50.txt
3.0,0.5,51,0.7938,325.6249675776,original,1 x NVIDIA RTX A1000,results/main_campaign_default_alpha_0_5/FedHAD-results/test6_calibracao/CIFAR10-Standard/FedHAD__CIFAR10__Mode-STANDARD__Cfg-E1L1F1__Cal-LD0_5__Setup-5__Clients-5__Rounds-10__Delay-0_05__Alpha-0_5__Seed-51.txt
3.0,0.5,52,0.8,325.6249675776,original,1 x NVIDIA RTX A1000,results/main_campaign_default_alpha_0_5/FedHAD-results/test6_calibracao/CIFAR10-Standard/FedHAD__CIFAR10__Mode-STANDARD__Cfg-E1L1F1__Cal-LD0_5__Setup-5__Clients-5__Rounds-10__Delay-0_05__Alpha-0_5__Seed-52.txt
3.0,0.5,53,0.8136,313.363923456,original,1 x NVIDIA RTX A1000,results/main_campaign_default_alpha_0_5/FedHAD-results/test6_calibracao/CIFAR10-Standard/FedHAD__CIFAR10__Mode-STANDARD__Cfg-E1L1F1__Cal-LD0_5__Setup-5__Clients-5__Rounds-10__Delay-0_05__Alpha-0_5__Seed-53.txt
3.0,0.5,54,0.8073,316.6363089408,original,1 x NVIDIA RTX A1000,results/main_campaign_default_alpha_0_5/FedHAD-results/test6_calibracao/CIFAR10-Standard/FedHAD__CIFAR10__Mode-STANDARD__Cfg-E1L1F1__Cal-LD0_5__Setup-5__Clients-5__Rounds-10__Delay-0_05__Alpha-0_5__Seed-54.txt
3.0,0.5,55,0.8142,325.6249675776,original,1 x NVIDIA RTX A1000,results/main_campaign_default_alpha_0_5/FedHAD-results/test6_calibracao/CIFAR10-Standard/FedHAD__CIFAR10__Mode-STANDARD__Cfg-E1L1F1__Cal-LD0_5__Setup-5__Clients-5__Rounds-10__Delay-0_05__Alpha-0_5__Seed-55.txt
3.0,0.5,56,0.806,318.6713745408,original,1 x NVIDIA RTX A1000,results/main_campaign_default_alpha_0_5/FedHAD-results/test6_calibracao/CIFAR10-Standard/FedHAD__CIFAR10__Mode-STANDARD__Cfg-E1L1F1__Cal-LD0_5__Setup-5__Clients-5__Rounds-10__Delay-0_05__Alpha-0_5__Seed-56.txt
3.0,0.5,57,0.7907,319.1362739712,original,1 x NVIDIA RTX A1000,results/main_campaign_default_alpha_0_5/FedHAD-results/test6_calibracao/CIFAR10-Standard/FedHAD__CIFAR10__Mode-STANDARD__Cfg-E1L1F1__Cal-LD0_5__Setup-5__Clients-5__Rounds-10__Delay-0_05__Alpha-0_5__Seed-57.txt
3.0,0.5,58,0.8128,325.6249675776,original,1 x NVIDIA RTX A1000,results/main_campaign_default_alpha_0_5/FedHAD-results/test6_calibracao/CIFAR10-Standard/FedHAD__CIFAR10__Mode-STANDARD__Cfg-E1L1F1__Cal-LD0_5__Setup-5__Clients-5__Rounds-10__Delay-0_05__Alpha-0_5__Seed-58.txt
3.0,0.5,59,0.806,319.2918434304,original,1 x NVIDIA RTX A1000,results/main_campaign_default_alpha_0_5/FedHAD-results/test6_calibracao/CIFAR10-Standard/FedHAD__CIFAR10__Mode-STANDARD__Cfg-E1L1F1__Cal-LD0_5__Setup-5__Clients-5__Rounds-10__Delay-0_05__Alpha-0_5__Seed-59.txt
3.0,0.5,60,0.8015,325.6249675776,original,1 x NVIDIA RTX A1000,results/main_campaign_default_alpha_0_5/FedHAD-results/test6_calibracao/CIFAR10-Standard/FedHAD__CIFAR10__Mode-STANDARD__Cfg-E1L1F1__Cal-LD0_5__Setup-5__Clients-5__Rounds-10__Delay-0_05__Alpha-0_5__Seed-60.txt
3.0,0.5,61,0.8035,325.6249675776,original,1 x NVIDIA RTX A1000,results/main_campaign_default_alpha_0_5/FedHAD-results/test6_calibracao/CIFAR10-Standard/FedHAD__CIFAR10__Mode-STANDARD__Cfg-E1L1F1__Cal-LD0_5__Setup-5__Clients-5__Rounds-10__Delay-0_05__Alpha-0_5__Seed-61.txt
3.0,0.5,62,0.8078,325.6249675776,original,1 x NVIDIA RTX A1000,results/main_campaign_default_alpha_0_5/FedHAD-results/test6_calibracao/CIFAR10-Standard/FedHAD__CIFAR10__Mode-STANDARD__Cfg-E1L1F1__Cal-LD0_5__Setup-5__Clients-5__Rounds-10__Delay-0_05__Alpha-0_5__Seed-62.txt
3.0,0.5,63,0.8116,325.6249675776,original,1 x NVIDIA RTX A1000,results/main_campaign_default_alpha_0_5/FedHAD-results/test6_calibracao/CIFAR10-Standard/FedHAD__CIFAR10__Mode-STANDARD__Cfg-E1L1F1__Cal-LD0_5__Setup-5__Clients-5__Rounds-10__Delay-0_05__Alpha-0_5__Seed-63.txt
3.0,0.5,64,0.7918,325.6249675776,original,1 x NVIDIA RTX A1000,results/main_campaign_default_alpha_0_5/FedHAD-results/test6_calibracao/CIFAR10-Standard/FedHAD__CIFAR10__Mode-STANDARD__Cfg-E1L1F1__Cal-LD0_5__Setup-5__Clients-5__Rounds-10__Delay-0_05__Alpha-0_5__Seed-64.txt
3.0,0.5,65,0.8059,325.6249675776,original,1 x NVIDIA RTX A1000,results/main_campaign_default_alpha_0_5/FedHAD-results/test6_calibracao/CIFAR10-Standard/FedHAD__CIFAR10__Mode-STANDARD__Cfg-E1L1F1__Cal-LD0_5__Setup-5__Clients-5__Rounds-10__Delay-0_05__Alpha-0_5__Seed-65.txt
3.0,0.5,66,0.8086,325.6249675776,original,1 x NVIDIA RTX A1000,results/main_campaign_default_alpha_0_5/FedHAD-results/test6_calibracao/CIFAR10-Standard/FedHAD__CIFAR10__Mode-STANDARD__Cfg-E1L1F1__Cal-LD0_5__Setup-5__Clients-5__Rounds-10__Delay-0_05__Alpha-0_5__Seed-66.txt
3.0,0.5,67,0.7971,325.6249675776,original,1 x NVIDIA RTX A1000,results/main_campaign_default_alpha_0_5/FedHAD-results/test6_calibracao/CIFAR10-Standard/FedHAD__CIFAR10__Mode-STANDARD__Cfg-E1L1F1__Cal-LD0_5__Setup-5__Clients-5__Rounds-10__Delay-0_05__Alpha-0_5__Seed-67.txt
3.0,0.5,68,0.7875,325.6249675776,original,1 x NVIDIA RTX A1000,results/main_campaign_default_alpha_0_5/FedHAD-results/test6_calibracao/CIFAR10-Standard/FedHAD__CIFAR10__Mode-STANDARD__Cfg-E1L1F1__Cal-LD0_5__Setup-5__Clients-5__Rounds-10__Delay-0_05__Alpha-0_5__Seed-68.txt
3.0,0.5,69,0.8105,349.2154480128,original,1 x NVIDIA RTX A1000,results/main_campaign_default_alpha_0_5/FedHAD-results/test6_calibracao/CIFAR10-Standard/FedHAD__CIFAR10__Mode-STANDARD__Cfg-E1L1F1__Cal-LD0_5__Setup-5__Clients-5__Rounds-10__Delay-0_05__Alpha-0_5__Seed-69.txt
3.0,0.5,70,0.7949,312.0325383168,re-execution,1 x NVIDIA A40,results/seed_reexecutions_corrupted_runs/reexecutions/FedHAD/test6_calibracao/CIFAR10-Standard/FedHAD__CIFAR10__Mode-STANDARD__Cfg-E1L1F1__Cal-LD0_5__Setup-5__Clients-5__Rounds-10__Delay-0_05__Alpha-0_5__Seed-70.txt
3.0,0.5,71,0.8017,325.6249675776,re-execution,1 x NVIDIA A40,results/seed_reexecutions_corrupted_runs/reexecutions/FedHAD/test6_calibracao/CIFAR10-Standard/FedHAD__CIFAR10__Mode-STANDARD__Cfg-E1L1F1__Cal-LD0_5__Setup-5__Clients-5__Rounds-10__Delay-0_05__Alpha-0_5__Seed-71.txt
3.0,3.0,42,0.7925,320.9108511744,original,1 x NVIDIA RTX A1000,results/main_campaign_default_alpha_0_5/FedHAD-results/test6_calibracao/CIFAR10-Standard/FedHAD__CIFAR10__Mode-STANDARD__Cfg-E1L1F1__Cal-LD3_0__Setup-5__Clients-5__Rounds-10__Delay-0_05__Alpha-0_5__Seed-42.txt
3.0,3.0,43,0.8022,325.6322033664,original,1 x NVIDIA RTX A1000,results/main_campaign_default_alpha_0_5/FedHAD-results/test6_calibracao/CIFAR10-Standard/FedHAD__CIFAR10__Mode-STANDARD__Cfg-E1L1F1__Cal-LD3_0__Setup-5__Clients-5__Rounds-10__Delay-0_05__Alpha-0_5__Seed-43.txt
3.0,3.0,44,0.7979,325.6249675776,original,1 x NVIDIA RTX A1000,results/main_campaign_default_alpha_0_5/FedHAD-results/test6_calibracao/CIFAR10-Standard/FedHAD__CIFAR10__Mode-STANDARD__Cfg-E1L1F1__Cal-LD3_0__Setup-5__Clients-5__Rounds-10__Delay-0_05__Alpha-0_5__Seed-44.txt
3.0,3.0,45,0.7896,314.1363439104,original,1 x NVIDIA RTX A1000,results/main_campaign_default_alpha_0_5/FedHAD-results/test6_calibracao/CIFAR10-Standard/FedHAD__CIFAR10__Mode-STANDARD__Cfg-E1L1F1__Cal-LD3_0__Setup-5__Clients-5__Rounds-10__Delay-0_05__Alpha-0_5__Seed-45.txt
3.0,3.0,46,0.7931,313.7365665792,original,1 x NVIDIA RTX A1000,results/main_campaign_default_alpha_0_5/FedHAD-results/test6_calibracao/CIFAR10-Standard/FedHAD__CIFAR10__Mode-STANDARD__Cfg-E1L1F1__Cal-LD3_0__Setup-5__Clients-5__Rounds-10__Delay-0_05__Alpha-0_5__Seed-46.txt
3.0,3.0,47,0.8308,381.398427648,original,1 x NVIDIA RTX A1000,results/main_campaign_default_alpha_0_5/FedHAD-results/test6_calibracao/CIFAR10-Standard/FedHAD__CIFAR10__Mode-STANDARD__Cfg-E1L1F1__Cal-LD3_0__Setup-5__Clients-5__Rounds-10__Delay-0_05__Alpha-0_5__Seed-47.txt
3.0,3.0,48,0.7788,317.8718198784,original,1 x NVIDIA RTX A1000,results/main_campaign_default_alpha_0_5/FedHAD-results/test6_calibracao/CIFAR10-Standard/FedHAD__CIFAR10__Mode-STANDARD__Cfg-E1L1F1__Cal-LD3_0__Setup-5__Clients-5__Rounds-10__Delay-0_05__Alpha-0_5__Seed-48.txt
3.0,3.0,49,0.8117,325.6249675776,original,1 x NVIDIA RTX A1000,results/main_campaign_default_alpha_0_5/FedHAD-results/test6_calibracao/CIFAR10-Standard/FedHAD__CIFAR10__Mode-STANDARD__Cfg-E1L1F1__Cal-LD3_0__Setup-5__Clients-5__Rounds-10__Delay-0_05__Alpha-0_5__Seed-49.txt
3.0,3.0,50,0.8043,325.6249675776,original,1 x NVIDIA RTX A1000,results/main_campaign_default_alpha_0_5/FedHAD-results/test6_calibracao/CIFAR10-Standard/FedHAD__CIFAR10__Mode-STANDARD__Cfg-E1L1F1__Cal-LD3_0__Setup-5__Clients-5__Rounds-10__Delay-0_05__Alpha-0_5__Seed-50.txt
3.0,3.0,51,0.8009,325.6249675776,original,1 x NVIDIA RTX A1000,results/main_campaign_default_alpha_0_5/FedHAD-results/test6_calibracao/CIFAR10-Standard/FedHAD__CIFAR10__Mode-STANDARD__Cfg-E1L1F1__Cal-LD3_0__Setup-5__Clients-5__Rounds-10__Delay-0_05__Alpha-0_5__Seed-51.txt
3.0,3.0,52,0.8069,325.6249675776,original,1 x NVIDIA RTX A1000,results/main_campaign_default_alpha_0_5/FedHAD-results/test6_calibracao/CIFAR10-Standard/FedHAD__CIFAR10__Mode-STANDARD__Cfg-E1L1F1__Cal-LD3_0__Setup-5__Clients-5__Rounds-10__Delay-0_05__Alpha-0_5__Seed-52.txt
3.0,3.0,53,0.8126,313.363923456,original,1 x NVIDIA RTX A1000,results/main_campaign_default_alpha_0_5/FedHAD-results/test6_calibracao/CIFAR10-Standard/FedHAD__CIFAR10__Mode-STANDARD__Cfg-E1L1F1__Cal-LD3_0__Setup-5__Clients-5__Rounds-10__Delay-0_05__Alpha-0_5__Seed-53.txt
3.0,3.0,54,0.8088,316.6363089408,original,1 x NVIDIA RTX A1000,results/main_campaign_default_alpha_0_5/FedHAD-results/test6_calibracao/CIFAR10-Standard/FedHAD__CIFAR10__Mode-STANDARD__Cfg-E1L1F1__Cal-LD3_0__Setup-5__Clients-5__Rounds-10__Delay-0_05__Alpha-0_5__Seed-54.txt
3.0,3.0,55,0.8149,325.6249675776,original,1 x NVIDIA RTX A1000,results/main_campaign_default_alpha_0_5/FedHAD-results/test6_calibracao/CIFAR10-Standard/FedHAD__CIFAR10__Mode-STANDARD__Cfg-E1L1F1__Cal-LD3_0__Setup-5__Clients-5__Rounds-10__Delay-0_05__Alpha-0_5__Seed-55.txt
3.0,3.0,56,0.8046,318.6713745408,original,1 x NVIDIA RTX A1000,results/main_campaign_default_alpha_0_5/FedHAD-results/test6_calibracao/CIFAR10-Standard/FedHAD__CIFAR10__Mode-STANDARD__Cfg-E1L1F1__Cal-LD3_0__Setup-5__Clients-5__Rounds-10__Delay-0_05__Alpha-0_5__Seed-56.txt
3.0,3.0,57,0.7811,319.1362739712,original,1 x NVIDIA RTX A1000,results/main_campaign_default_alpha_0_5/FedHAD-results/test6_calibracao/CIFAR10-Standard/FedHAD__CIFAR10__Mode-STANDARD__Cfg-E1L1F1__Cal-LD3_0__Setup-5__Clients-5__Rounds-10__Delay-0_05__Alpha-0_5__Seed-57.txt
3.0,3.0,58,0.8174,325.6249675776,original,1 x NVIDIA RTX A1000,results/main_campaign_default_alpha_0_5/FedHAD-results/test6_calibracao/CIFAR10-Standard/FedHAD__CIFAR10__Mode-STANDARD__Cfg-E1L1F1__Cal-LD3_0__Setup-5__Clients-5__Rounds-10__Delay-0_05__Alpha-0_5__Seed-58.txt
3.0,3.0,59,0.7993,319.2918434304,original,1 x NVIDIA RTX A1000,results/main_campaign_default_alpha_0_5/FedHAD-results/test6_calibracao/CIFAR10-Standard/FedHAD__CIFAR10__Mode-STANDARD__Cfg-E1L1F1__Cal-LD3_0__Setup-5__Clients-5__Rounds-10__Delay-0_05__Alpha-0_5__Seed-59.txt
3.0,3.0,60,0.8063,325.6249675776,original,1 x NVIDIA RTX A1000,results/main_campaign_default_alpha_0_5/FedHAD-results/test6_calibracao/CIFAR10-Standard/FedHAD__CIFAR10__Mode-STANDARD__Cfg-E1L1F1__Cal-LD3_0__Setup-5__Clients-5__Rounds-10__Delay-0_05__Alpha-0_5__Seed-60.txt
3.0,3.0,61,0.7952,325.6249675776,original,1 x NVIDIA RTX A1000,results/main_campaign_default_alpha_0_5/FedHAD-results/test6_calibracao/CIFAR10-Standard/FedHAD__CIFAR10__Mode-STANDARD__Cfg-E1L1F1__Cal-LD3_0__Setup-5__Clients-5__Rounds-10__Delay-0_05__Alpha-0_5__Seed-61.txt
3.0,3.0,62,0.8146,325.6249675776,original,1 x NVIDIA RTX A1000,results/main_campaign_default_alpha_0_5/FedHAD-results/test6_calibracao/CIFAR10-Standard/FedHAD__CIFAR10__Mode-STANDARD__Cfg-E1L1F1__Cal-LD3_0__Setup-5__Clients-5__Rounds-10__Delay-0_05__Alpha-0_5__Seed-62.txt
3.0,3.0,63,0.8079,325.6249675776,original,1 x NVIDIA RTX A1000,results/main_campaign_default_alpha_0_5/FedHAD-results/test6_calibracao/CIFAR10-Standard/FedHAD__CIFAR10__Mode-STANDARD__Cfg-E1L1F1__Cal-LD3_0__Setup-5__Clients-5__Rounds-10__Delay-0_05__Alpha-0_5__Seed-63.txt
3.0,3.0,64,0.7895,325.6249675776,original,1 x NVIDIA RTX A1000,results/main_campaign_default_alpha_0_5/FedHAD-results/test6_calibracao/CIFAR10-Standard/FedHAD__CIFAR10__Mode-STANDARD__Cfg-E1L1F1__Cal-LD3_0__Setup-5__Clients-5__Rounds-10__Delay-0_05__Alpha-0_5__Seed-64.txt
3.0,3.0,65,0.8063,325.6249675776,re-execution,1 x NVIDIA A40,results/seed_reexecutions_corrupted_runs/reexecutions/FedHAD/test6_calibracao/CIFAR10-Standard/FedHAD__CIFAR10__Mode-STANDARD__Cfg-E1L1F1__Cal-LD3_0__Setup-5__Clients-5__Rounds-10__Delay-0_05__Alpha-0_5__Seed-65.txt
3.0,3.0,66,0.8169,325.6249675776,original,1 x NVIDIA RTX A1000,results/main_campaign_default_alpha_0_5/FedHAD-results/test6_calibracao/CIFAR10-Standard/FedHAD__CIFAR10__Mode-STANDARD__Cfg-E1L1F1__Cal-LD3_0__Setup-5__Clients-5__Rounds-10__Delay-0_05__Alpha-0_5__Seed-66.txt
3.0,3.0,67,0.7998,325.6249675776,original,1 x NVIDIA RTX A1000,results/main_campaign_default_alpha_0_5/FedHAD-results/test6_calibracao/CIFAR10-Standard/FedHAD__CIFAR10__Mode-STANDARD__Cfg-E1L1F1__Cal-LD3_0__Setup-5__Clients-5__Rounds-10__Delay-0_05__Alpha-0_5__Seed-67.txt
3.0,3.0,68,0.782,325.6249675776,original,1 x NVIDIA RTX A1000,results/main_campaign_default_alpha_0_5/FedHAD-results/test6_calibracao/CIFAR10-Standard/FedHAD__CIFAR10__Mode-STANDARD__Cfg-E1L1F1__Cal-LD3_0__Setup-5__Clients-5__Rounds-10__Delay-0_05__Alpha-0_5__Seed-68.txt
3.0,3.0,69,0.8017,349.2154480128,original,1 x NVIDIA RTX A1000,results/main_campaign_default_alpha_0_5/FedHAD-results/test6_calibracao/CIFAR10-Standard/FedHAD__CIFAR10__Mode-STANDARD__Cfg-E1L1F1__Cal-LD3_0__Setup-5__Clients-5__Rounds-10__Delay-0_05__Alpha-0_5__Seed-69.txt
3.0,3.0,70,0.7802,312.0325383168,original,1 x NVIDIA RTX A1000,results/main_campaign_default_alpha_0_5/FedHAD-results/test6_calibracao/CIFAR10-Standard/FedHAD__CIFAR10__Mode-STANDARD__Cfg-E1L1F1__Cal-LD3_0__Setup-5__Clients-5__Rounds-10__Delay-0_05__Alpha-0_5__Seed-70.txt
3.0,3.0,71,0.8102,325.6249675776,original,1 x NVIDIA RTX A1000,results/main_campaign_default_alpha_0_5/FedHAD-results/test6_calibracao/CIFAR10-Standard/FedHAD__CIFAR10__Mode-STANDARD__Cfg-E1L1F1__Cal-LD3_0__Setup-5__Clients-5__Rounds-10__Delay-0_05__Alpha-0_5__Seed-71.txt
3.0,1.5,42,0.7871,320.9108511744,original,1 x NVIDIA RTX A1000,results/main_campaign_default_alpha_0_5/FedHAD-results/test6_calibracao/CIFAR10-Standard/FedHAD__CIFAR10__Mode-STANDARD__Cfg-E1L1F1__Setup-5__Clients-5__Rounds-10__Delay-0_05__Alpha-0_5__Seed-42.txt
3.0,1.5,43,0.8113,325.6322033664,original,1 x NVIDIA RTX A1000,results/main_campaign_default_alpha_0_5/FedHAD-results/test6_calibracao/CIFAR10-Standard/FedHAD__CIFAR10__Mode-STANDARD__Cfg-E1L1F1__Setup-5__Clients-5__Rounds-10__Delay-0_05__Alpha-0_5__Seed-43.txt
3.0,1.5,44,0.8018,325.6249675776,original,1 x NVIDIA RTX A1000,results/main_campaign_default_alpha_0_5/FedHAD-results/test6_calibracao/CIFAR10-Standard/FedHAD__CIFAR10__Mode-STANDARD__Cfg-E1L1F1__Setup-5__Clients-5__Rounds-10__Delay-0_05__Alpha-0_5__Seed-44.txt
3.0,1.5,45,0.7897,314.1363439104,original,1 x NVIDIA RTX A1000,results/main_campaign_default_alpha_0_5/FedHAD-results/test6_calibracao/CIFAR10-Standard/FedHAD__CIFAR10__Mode-STANDARD__Cfg-E1L1F1__Setup-5__Clients-5__Rounds-10__Delay-0_05__Alpha-0_5__Seed-45.txt
3.0,1.5,46,0.8018,313.7365665792,original,1 x NVIDIA RTX A1000,results/main_campaign_default_alpha_0_5/FedHAD-results/test6_calibracao/CIFAR10-Standard/FedHAD__CIFAR10__Mode-STANDARD__Cfg-E1L1F1__Setup-5__Clients-5__Rounds-10__Delay-0_05__Alpha-0_5__Seed-46.txt
3.0,1.5,47,0.824,381.398427648,original,1 x NVIDIA RTX A1000,results/main_campaign_default_alpha_0_5/FedHAD-results/test6_calibracao/CIFAR10-Standard/FedHAD__CIFAR10__Mode-STANDARD__Cfg-E1L1F1__Setup-5__Clients-5__Rounds-10__Delay-0_05__Alpha-0_5__Seed-47.txt
3.0,1.5,48,0.7695,317.8718198784,original,1 x NVIDIA RTX A1000,results/main_campaign_default_alpha_0_5/FedHAD-results/test6_calibracao/CIFAR10-Standard/FedHAD__CIFAR10__Mode-STANDARD__Cfg-E1L1F1__Setup-5__Clients-5__Rounds-10__Delay-0_05__Alpha-0_5__Seed-48.txt
3.0,1.5,49,0.8129,325.6249675776,original,1 x NVIDIA RTX A1000,results/main_campaign_default_alpha_0_5/FedHAD-results/test6_calibracao/CIFAR10-Standard/FedHAD__CIFAR10__Mode-STANDARD__Cfg-E1L1F1__Setup-5__Clients-5__Rounds-10__Delay-0_05__Alpha-0_5__Seed-49.txt
3.0,1.5,50,0.8023,325.6249675776,original,1 x NVIDIA RTX A1000,results/main_campaign_default_alpha_0_5/FedHAD-results/test6_calibracao/CIFAR10-Standard/FedHAD__CIFAR10__Mode-STANDARD__Cfg-E1L1F1__Setup-5__Clients-5__Rounds-10__Delay-0_05__Alpha-0_5__Seed-50.txt
3.0,1.5,51,0.8019,325.6249675776,original,1 x NVIDIA RTX A1000,results/main_campaign_default_alpha_0_5/FedHAD-results/test6_calibracao/CIFAR10-Standard/FedHAD__CIFAR10__Mode-STANDARD__Cfg-E1L1F1__Setup-5__Clients-5__Rounds-10__Delay-0_05__Alpha-0_5__Seed-51.txt
3.0,1.5,52,0.7973,325.6249675776,original,1 x NVIDIA RTX A1000,results/main_campaign_default_alpha_0_5/FedHAD-results/test6_calibracao/CIFAR10-Standard/FedHAD__CIFAR10__Mode-STANDARD__Cfg-E1L1F1__Setup-5__Clients-5__Rounds-10__Delay-0_05__Alpha-0_5__Seed-52.txt
3.0,1.5,53,0.8176,313.363923456,original,1 x NVIDIA RTX A1000,results/main_campaign_default_alpha_0_5/FedHAD-results/test6_calibracao/CIFAR10-Standard/FedHAD__CIFAR10__Mode-STANDARD__Cfg-E1L1F1__Setup-5__Clients-5__Rounds-10__Delay-0_05__Alpha-0_5__Seed-53.txt
3.0,1.5,54,0.7951,316.6363089408,original,1 x NVIDIA RTX A1000,results/main_campaign_default_alpha_0_5/FedHAD-results/test6_calibracao/CIFAR10-Standard/FedHAD__CIFAR10__Mode-STANDARD__Cfg-E1L1F1__Setup-5__Clients-5__Rounds-10__Delay-0_05__Alpha-0_5__Seed-54.txt
3.0,1.5,55,0.8137,325.6249675776,original,1 x NVIDIA RTX A1000,results/main_campaign_default_alpha_0_5/FedHAD-results/test6_calibracao/CIFAR10-Standard/FedHAD__CIFAR10__Mode-STANDARD__Cfg-E1L1F1__Setup-5__Clients-5__Rounds-10__Delay-0_05__Alpha-0_5__Seed-55.txt
3.0,1.5,56,0.8027,318.6713745408,original,1 x NVIDIA RTX A1000,results/main_campaign_default_alpha_0_5/FedHAD-results/test6_calibracao/CIFAR10-Standard/FedHAD__CIFAR10__Mode-STANDARD__Cfg-E1L1F1__Setup-5__Clients-5__Rounds-10__Delay-0_05__Alpha-0_5__Seed-56.txt
3.0,1.5,57,0.7852,319.1362739712,original,1 x NVIDIA RTX A1000,results/main_campaign_default_alpha_0_5/FedHAD-results/test6_calibracao/CIFAR10-Standard/FedHAD__CIFAR10__Mode-STANDARD__Cfg-E1L1F1__Setup-5__Clients-5__Rounds-10__Delay-0_05__Alpha-0_5__Seed-57.txt
3.0,1.5,58,0.8151,325.6249675776,original,1 x NVIDIA RTX A1000,results/main_campaign_default_alpha_0_5/FedHAD-results/test6_calibracao/CIFAR10-Standard/FedHAD__CIFAR10__Mode-STANDARD__Cfg-E1L1F1__Setup-5__Clients-5__Rounds-10__Delay-0_05__Alpha-0_5__Seed-58.txt
3.0,1.5,59,0.7963,319.2918434304,original,1 x NVIDIA RTX A1000,results/main_campaign_default_alpha_0_5/FedHAD-results/test6_calibracao/CIFAR10-Standard/FedHAD__CIFAR10__Mode-STANDARD__Cfg-E1L1F1__Setup-5__Clients-5__Rounds-10__Delay-0_05__Alpha-0_5__Seed-59.txt
3.0,1.5,60,0.8027,325.6249675776,original,1 x NVIDIA RTX A1000,results/main_campaign_default_alpha_0_5/FedHAD-results/test6_calibracao/CIFAR10-Standard/FedHAD__CIFAR10__Mode-STANDARD__Cfg-E1L1F1__Setup-5__Clients-5__Rounds-10__Delay-0_05__Alpha-0_5__Seed-60.txt
3.0,1.5,61,0.796,325.6249675776,original,1 x NVIDIA RTX A1000,results/main_campaign_default_alpha_0_5/FedHAD-results/test6_calibracao/CIFAR10-Standard/FedHAD__CIFAR10__Mode-STANDARD__Cfg-E1L1F1__Setup-5__Clients-5__Rounds-10__Delay-0_05__Alpha-0_5__Seed-61.txt
3.0,1.5,62,0.8145,325.6249675776,original,1 x NVIDIA RTX A1000,results/main_campaign_default_alpha_0_5/FedHAD-results/test6_calibracao/CIFAR10-Standard/FedHAD__CIFAR10__Mode-STANDARD__Cfg-E1L1F1__Setup-5__Clients-5__Rounds-10__Delay-0_05__Alpha-0_5__Seed-62.txt
3.0,1.5,63,0.8186,325.6249675776,original,1 x NVIDIA RTX A1000,results/main_campaign_default_alpha_0_5/FedHAD-results/test6_calibracao/CIFAR10-Standard/FedHAD__CIFAR10__Mode-STANDARD__Cfg-E1L1F1__Setup-5__Clients-5__Rounds-10__Delay-0_05__Alpha-0_5__Seed-63.txt
3.0,1.5,64,0.7964,325.6249675776,original,1 x NVIDIA RTX A1000,results/main_campaign_default_alpha_0_5/FedHAD-results/test6_calibracao/CIFAR10-Standard/FedHAD__CIFAR10__Mode-STANDARD__Cfg-E1L1F1__Setup-5__Clients-5__Rounds-10__Delay-0_05__Alpha-0_5__Seed-64.txt
3.0,1.5,65,0.8135,325.6249675776,original,1 x NVIDIA RTX A1000,results/main_campaign_default_alpha_0_5/FedHAD-results/test6_calibracao/CIFAR10-Standard/FedHAD__CIFAR10__Mode-STANDARD__Cfg-E1L1F1__Setup-5__Clients-5__Rounds-10__Delay-0_05__Alpha-0_5__Seed-65.txt
3.0,1.5,66,0.8129,325.6249675776,original,1 x NVIDIA RTX A1000,results/main_campaign_default_alpha_0_5/FedHAD-results/test6_calibracao/CIFAR10-Standard/FedHAD__CIFAR10__Mode-STANDARD__Cfg-E1L1F1__Setup-5__Clients-5__Rounds-10__Delay-0_05__Alpha-0_5__Seed-66.txt
3.0,1.5,67,0.8001,325.6249675776,original,1 x NVIDIA RTX A1000,results/main_campaign_default_alpha_0_5/FedHAD-results/test6_calibracao/CIFAR10-Standard/FedHAD__CIFAR10__Mode-STANDARD__Cfg-E1L1F1__Setup-5__Clients-5__Rounds-10__Delay-0_05__Alpha-0_5__Seed-67.txt
3.0,1.5,68,0.7786,325.6249675776,original,1 x NVIDIA RTX A1000,results/main_campaign_default_alpha_0_5/FedHAD-results/test6_calibracao/CIFAR10-Standard/FedHAD__CIFAR10__Mode-STANDARD__Cfg-E1L1F1__Setup-5__Clients-5__Rounds-10__Delay-0_05__Alpha-0_5__Seed-68.txt
3.0,1.5,69,0.8081,349.2154480128,original,1 x NVIDIA RTX A1000,results/main_campaign_default_alpha_0_5/FedHAD-results/test6_calibracao/CIFAR10-Standard/FedHAD__CIFAR10__Mode-STANDARD__Cfg-E1L1F1__Setup-5__Clients-5__Rounds-10__Delay-0_05__Alpha-0_5__Seed-69.txt
3.0,1.5,70,0.7767,312.0325383168,original,1 x NVIDIA RTX A1000,results/main_campaign_default_alpha_0_5/FedHAD-results/test6_calibracao/CIFAR10-Standard/FedHAD__CIFAR10__Mode-STANDARD__Cfg-E1L1F1__Setup-5__Clients-5__Rounds-10__Delay-0_05__Alpha-0_5__Seed-70.txt
3.0,1.5,71,0.7931,325.6249675776,original,1 x NVIDIA RTX A1000,results/main_campaign_default_alpha_0_5/FedHAD-results/test6_calibracao/CIFAR10-Standard/FedHAD__CIFAR10__Mode-STANDARD__Cfg-E1L1F1__Setup-5__Clients-5__Rounds-10__Delay-0_05__Alpha-0_5__Seed-71.txt
